transaction_id,customer_id,transaction_date,amount_inr,transaction_type,channel,merchant_code,balance_after_inr,is_flagged
TXN0000001,CUST00042,2023-04-11,69291,debit,atm,MCC5535,1401232,0
TXN0000002,CUST00249,2023-07-14,492934,emi_payment,atm,MCC3772,1481620,0
TXN0000003,CUST00353,2023-06-12,236729,transfer,atm,MCC6083,296937,0
TXN0000004,CUST00467,2023-05-24,126686,emi_payment,branch,MCC4986,1134647,0
TXN0000005,CUST00271,2023-10-08,181510,debit,mobile_app,MCC2670,1476115,0
TXN0000006,CUST00578,2023-07-09,420735,debit,internet_banking,MCC7955,1620022,0
TXN0000007,CUST00964,2023-09-18,355016,emi_payment,branch,MCC3990,752689,0
TXN0000008,CUST00712,2023-07-09,86134,atm_withdrawal,branch,MCC5846,1127703,1
TXN0000009,CUST00312,2023-12-31,495064,emi_payment,mobile_app,MCC9176,346775,0
TXN0000010,CUST00678,2023-06-21,65526,atm_withdrawal,atm,MCC2688,865030,0
TXN0000011,CUST00967,2023-10-18,137758,atm_withdrawal,branch,MCC4844,951812,0
TXN0000012,CUST00242,2023-08-12,364628,credit,atm,MCC2573,65009,0
TXN0000013,CUST00233,2023-10-20,264907,debit,branch,MCC4931,1833209,0
TXN0000014,CUST00040,2023-11-20,222991,transfer,internet_banking,MCC3710,1285960,0
TXN0000015,CUST00843,2023-03-24,463147,emi_payment,mobile_app,MCC9238,366022,0
TXN0000016,CUST00833,2023-04-21,396982,emi_payment,mobile_app,MCC3726,1795036,0
TXN0000017,CUST00414,2023-04-21,481085,transfer,branch,MCC6526,1382836,0
TXN0000018,CUST00873,2023-06-27,141354,atm_withdrawal,internet_banking,MCC2229,1386302,0
TXN0000019,CUST00652,2023-06-29,425339,atm_withdrawal,atm,MCC5103,1865876,0
TXN0000020,CUST00979,2023-01-02,106675,transfer,atm,MCC8511,808292,0
TXN0000021,CUST00923,2023-11-23,402960,transfer,internet_banking,MCC7047,710277,0
TXN0000022,CUST00960,2023-11-10,274444,debit,atm,MCC3543,1233798,0
TXN0000023,CUST00393,2023-08-08,298982,emi_payment,branch,MCC9745,1777043,0
TXN0000024,CUST00634,2023-04-22,57743,emi_payment,pos,MCC8219,1625912,0
TXN0000025,CUST00168,2023-10-29,439603,atm_withdrawal,pos,MCC4621,1573300,0
TXN0000026,CUST00895,2023-04-10,139446,debit,pos,MCC9760,1528480,0
TXN0000027,CUST00319,2023-04-22,299103,debit,mobile_app,MCC2685,69986,0
TXN0000028,CUST00449,2023-12-31,83201,emi_payment,branch,MCC3987,982356,0
TXN0000029,CUST00595,2023-12-04,462977,transfer,mobile_app,MCC9374,711401,0
TXN0000030,CUST00788,2023-08-02,160091,transfer,pos,MCC9731,723353,0
TXN0000031,CUST00732,2023-03-03,381385,transfer,atm,MCC8407,1711989,0
TXN0000032,CUST00956,2023-02-14,382772,emi_payment,internet_banking,MCC2720,793727,0
TXN0000033,CUST00713,2023-12-18,275196,emi_payment,atm,MCC2966,1673620,0
TXN0000034,CUST00797,2023-04-07,60459,debit,branch,MCC6826,1815818,0
TXN0000035,CUST00573,2023-09-06,140024,emi_payment,branch,MCC1503,910265,0
TXN0000036,CUST00416,2023-05-09,305973,transfer,branch,MCC9919,339707,0
TXN0000037,CUST00914,2023-07-01,267990,transfer,pos,MCC9471,1396855,0
TXN0000038,CUST00378,2023-12-26,292424,emi_payment,atm,MCC8274,1725959,0
TXN0000039,CUST00621,2023-08-05,124773,emi_payment,branch,MCC9712,812165,0
TXN0000040,CUST00292,2023-06-07,269111,credit,atm,MCC3067,390567,0
TXN0000041,CUST00483,2023-06-01,42753,debit,mobile_app,MCC8930,1041125,1
TXN0000042,CUST00368,2023-03-25,242175,debit,internet_banking,MCC3315,1961779,0
TXN0000043,CUST00259,2023-07-23,45792,atm_withdrawal,mobile_app,MCC2090,1034145,0
TXN0000044,CUST00821,2023-07-27,331963,credit,pos,MCC3361,896685,0
TXN0000045,CUST00768,2023-02-04,283441,credit,mobile_app,MCC7972,879916,0
TXN0000046,CUST00702,2023-05-28,425920,atm_withdrawal,pos,MCC9485,1466860,0
TXN0000047,CUST00084,2023-08-24,231079,credit,pos,MCC6506,681942,0
TXN0000048,CUST00250,2023-01-21,81102,transfer,pos,MCC3208,1458748,0
TXN0000049,CUST00219,2023-12-23,117688,credit,atm,MCC6407,1973067,0
TXN0000050,CUST00712,2023-11-11,407084,emi_payment,branch,MCC5586,1545062,0
TXN0000051,CUST00893,2023-08-21,479119,transfer,pos,MCC5660,1857301,0
TXN0000052,CUST00380,2023-01-06,30831,transfer,pos,MCC4148,1578791,0
TXN0000053,CUST00331,2023-07-09,338239,transfer,pos,MCC2248,1687311,0
TXN0000054,CUST00558,2023-11-24,241114,atm_withdrawal,atm,MCC4251,78149,0
TXN0000055,CUST00988,2023-01-09,128997,transfer,atm,MCC9012,705943,0
TXN0000056,CUST00371,2023-10-17,255781,transfer,atm,MCC4673,546668,0
TXN0000057,CUST00279,2023-11-03,467901,atm_withdrawal,pos,MCC1186,1726411,0
TXN0000058,CUST00522,2023-01-28,98873,debit,branch,MCC4105,459418,0
TXN0000059,CUST00916,2023-03-26,418562,atm_withdrawal,branch,MCC5148,1935564,0
TXN0000060,CUST00730,2023-09-22,44927,debit,pos,MCC6398,1397186,0
TXN0000061,CUST00519,2023-11-29,360344,credit,internet_banking,MCC6773,247903,0
TXN0000062,CUST00732,2023-10-09,37547,debit,atm,MCC4828,1366634,0
TXN0000063,CUST00016,2023-07-11,30431,transfer,mobile_app,MCC2288,685222,0
TXN0000064,CUST00754,2023-08-08,18713,atm_withdrawal,branch,MCC4968,594066,0
TXN0000065,CUST00098,2023-07-11,402404,credit,mobile_app,MCC1029,1988124,0
TXN0000066,CUST00392,2023-07-30,286839,emi_payment,pos,MCC5553,1587083,0
TXN0000067,CUST00350,2023-10-09,345215,credit,pos,MCC5006,1526725,0
TXN0000068,CUST00691,2023-01-19,77821,emi_payment,internet_banking,MCC4205,623241,0
TXN0000069,CUST00241,2023-03-18,460744,atm_withdrawal,mobile_app,MCC6955,1325113,0
TXN0000070,CUST00239,2023-01-22,404371,emi_payment,atm,MCC7790,685870,0
TXN0000071,CUST00885,2023-10-18,244366,credit,pos,MCC3374,1205978,0
TXN0000072,CUST00478,2023-09-23,449486,atm_withdrawal,internet_banking,MCC5530,797701,0
TXN0000073,CUST00742,2023-01-20,71599,debit,pos,MCC5587,1219057,0
TXN0000074,CUST00584,2023-02-08,146274,atm_withdrawal,branch,MCC5582,1489179,0
TXN0000075,CUST00620,2023-04-07,24309,atm_withdrawal,branch,MCC4629,630285,0
TXN0000076,CUST00687,2023-03-30,82316,emi_payment,internet_banking,MCC2888,23555,0
TXN0000077,CUST00668,2023-07-09,420753,emi_payment,internet_banking,MCC2543,193609,0
TXN0000078,CUST00912,2023-07-02,204864,credit,internet_banking,MCC1277,1812930,0
TXN0000079,CUST00785,2023-05-11,322695,transfer,mobile_app,MCC1469,1918789,0
TXN0000080,CUST00305,2023-03-01,440796,debit,internet_banking,MCC8282,1384109,0
TXN0000081,CUST00170,2023-08-26,382033,credit,internet_banking,MCC1629,214096,0
TXN0000082,CUST00846,2023-10-16,199969,transfer,mobile_app,MCC8698,1173196,0
TXN0000083,CUST00373,2023-08-22,174208,credit,internet_banking,MCC9067,864903,0
TXN0000084,CUST00312,2023-10-22,54257,emi_payment,mobile_app,MCC3170,474663,0
TXN0000085,CUST00112,2023-11-30,414845,atm_withdrawal,mobile_app,MCC4986,758554,0
TXN0000086,CUST00552,2023-11-04,492335,transfer,atm,MCC4239,1571026,0
TXN0000087,CUST00513,2023-08-26,250130,credit,mobile_app,MCC4544,1992734,0
TXN0000088,CUST00829,2023-01-19,249887,credit,internet_banking,MCC4221,1745576,0
TXN0000089,CUST00749,2023-05-03,424201,transfer,atm,MCC4081,407621,0
TXN0000090,CUST00724,2023-06-06,171251,emi_payment,mobile_app,MCC7157,1003093,0
TXN0000091,CUST00539,2023-09-18,203333,debit,atm,MCC4713,1056384,0
TXN0000092,CUST00863,2023-11-06,446821,transfer,mobile_app,MCC2684,584921,0
TXN0000093,CUST00984,2023-08-22,189738,transfer,mobile_app,MCC4409,870136,0
TXN0000094,CUST00815,2023-05-13,463709,credit,mobile_app,MCC9807,761106,0
TXN0000095,CUST00348,2023-10-15,80786,credit,pos,MCC9889,139165,0
TXN0000096,CUST00277,2023-09-11,248452,atm_withdrawal,mobile_app,MCC1556,832502,0
TXN0000097,CUST00002,2023-10-19,244923,transfer,mobile_app,MCC6181,728318,0
TXN0000098,CUST00993,2023-08-04,153427,transfer,pos,MCC9762,611830,0
TXN0000099,CUST00733,2023-08-25,481517,debit,atm,MCC2744,1227537,0
TXN0000100,CUST00937,2023-05-07,241368,credit,branch,MCC1618,1424377,0
TXN0000101,CUST00788,2023-05-26,439523,credit,mobile_app,MCC2907,93882,0
TXN0000102,CUST00431,2023-04-11,109719,credit,internet_banking,MCC3857,684348,0
TXN0000103,CUST00146,2023-04-04,174542,atm_withdrawal,branch,MCC9411,61730,0
TXN0000104,CUST00048,2023-08-27,239171,transfer,branch,MCC3255,1642434,0
TXN0000105,CUST00793,2023-05-21,282038,atm_withdrawal,branch,MCC3987,1854411,0
TXN0000106,CUST00304,2023-02-18,114792,transfer,mobile_app,MCC3336,927382,0
TXN0000107,CUST00380,2023-01-13,156621,emi_payment,pos,MCC4523,1890028,0
TXN0000108,CUST00837,2023-11-10,311139,debit,atm,MCC9951,1257920,0
TXN0000109,CUST00482,2023-06-08,139321,atm_withdrawal,internet_banking,MCC1754,1738065,0
TXN0000110,CUST00951,2023-07-30,379968,emi_payment,pos,MCC5124,1895904,0
TXN0000111,CUST00547,2023-11-27,238612,debit,internet_banking,MCC6524,1174071,1
TXN0000112,CUST00832,2023-02-10,484716,emi_payment,mobile_app,MCC2075,892107,0
TXN0000113,CUST00126,2023-12-09,118926,transfer,pos,MCC1399,1483901,0
TXN0000114,CUST00397,2023-09-14,421300,debit,mobile_app,MCC9839,340692,0
TXN0000115,CUST00184,2023-08-22,245142,atm_withdrawal,mobile_app,MCC3422,593322,0
TXN0000116,CUST00057,2023-06-07,43158,transfer,atm,MCC3183,1099844,0
TXN0000117,CUST00992,2023-09-15,352609,emi_payment,internet_banking,MCC4137,402687,0
TXN0000118,CUST00518,2023-03-16,105840,transfer,mobile_app,MCC1652,993351,0
TXN0000119,CUST00354,2023-04-21,69346,debit,mobile_app,MCC2322,1711757,0
TXN0000120,CUST00377,2023-12-17,265892,credit,mobile_app,MCC1217,1565166,0
TXN0000121,CUST00241,2023-04-11,392959,emi_payment,pos,MCC5813,1782569,0
TXN0000122,CUST00123,2023-09-20,128869,credit,atm,MCC5168,1720398,0
TXN0000123,CUST00914,2023-12-06,311559,atm_withdrawal,pos,MCC3466,664745,0
TXN0000124,CUST00106,2023-08-05,7281,credit,atm,MCC9264,1425239,0
TXN0000125,CUST00385,2023-04-19,92385,transfer,branch,MCC3747,744050,0
TXN0000126,CUST00154,2023-11-06,377419,transfer,internet_banking,MCC1152,1942909,0
TXN0000127,CUST00930,2023-10-29,6539,debit,pos,MCC1896,353514,0
TXN0000128,CUST00206,2023-07-18,178950,atm_withdrawal,pos,MCC7525,538389,0
TXN0000129,CUST00394,2023-02-11,253972,debit,branch,MCC5798,1883166,0
TXN0000130,CUST00754,2023-06-11,33143,transfer,mobile_app,MCC3343,478391,0
TXN0000131,CUST00571,2023-06-07,489280,atm_withdrawal,atm,MCC3226,1238873,0
TXN0000132,CUST00382,2023-03-11,254467,atm_withdrawal,internet_banking,MCC2971,582573,0
TXN0000133,CUST00564,2023-05-27,169357,credit,internet_banking,MCC4796,568964,0
TXN0000134,CUST00437,2023-02-25,488606,credit,atm,MCC7333,1341814,0
TXN0000135,CUST00290,2023-09-10,279304,transfer,pos,MCC6742,1589722,0
TXN0000136,CUST00599,2023-06-07,339301,emi_payment,atm,MCC7730,465082,0
TXN0000137,CUST00366,2023-09-24,45259,credit,mobile_app,MCC1371,1965752,0
TXN0000138,CUST00961,2023-06-16,79467,transfer,atm,MCC6030,176834,0
TXN0000139,CUST00464,2023-09-18,22699,atm_withdrawal,pos,MCC7879,200113,0
TXN0000140,CUST00757,2023-09-25,257196,emi_payment,atm,MCC2820,1955444,0
TXN0000141,CUST00235,2023-02-28,418194,atm_withdrawal,internet_banking,MCC6244,110848,1
TXN0000142,CUST00646,2023-06-11,450871,atm_withdrawal,atm,MCC1056,629221,0
TXN0000143,CUST00560,2023-10-01,287210,atm_withdrawal,internet_banking,MCC9187,242305,0
TXN0000144,CUST00744,2023-08-05,27216,transfer,pos,MCC7634,444789,0
TXN0000145,CUST00462,2023-03-22,313119,atm_withdrawal,pos,MCC6606,148002,0
TXN0000146,CUST00720,2023-10-31,318982,transfer,branch,MCC6395,717498,0
TXN0000147,CUST00059,2023-03-14,298589,emi_payment,mobile_app,MCC7029,591326,0
TXN0000148,CUST00691,2023-12-29,360664,atm_withdrawal,branch,MCC4802,316850,0
TXN0000149,CUST00754,2023-09-16,278645,debit,mobile_app,MCC9701,1437358,0
TXN0000150,CUST00497,2023-04-28,352035,atm_withdrawal,atm,MCC2922,71535,0
TXN0000151,CUST00035,2023-03-13,243231,atm_withdrawal,atm,MCC8294,948578,0
TXN0000152,CUST00567,2023-11-26,75170,atm_withdrawal,internet_banking,MCC7856,610767,0
TXN0000153,CUST00782,2023-07-11,40065,emi_payment,pos,MCC8537,1300519,0
TXN0000154,CUST00462,2023-10-22,453648,debit,atm,MCC1637,675725,0
TXN0000155,CUST00095,2023-10-31,220546,credit,pos,MCC5005,945357,0
TXN0000156,CUST00395,2023-01-25,161203,debit,internet_banking,MCC6783,1622032,0
TXN0000157,CUST00995,2023-09-07,146687,emi_payment,mobile_app,MCC6569,288816,0
TXN0000158,CUST00271,2023-05-02,25965,transfer,branch,MCC7194,871273,0
TXN0000159,CUST00530,2023-11-28,472558,transfer,internet_banking,MCC6707,1124306,0
TXN0000160,CUST00356,2023-03-21,41702,emi_payment,atm,MCC3009,1473504,0
TXN0000161,CUST00713,2023-01-13,109583,atm_withdrawal,branch,MCC8450,1073154,0
TXN0000162,CUST00429,2023-08-31,228842,debit,atm,MCC5349,1471425,0
TXN0000163,CUST00385,2023-07-21,179119,atm_withdrawal,mobile_app,MCC9735,1591735,0
TXN0000164,CUST00580,2023-07-22,20087,credit,mobile_app,MCC5681,1577984,0
TXN0000165,CUST00572,2023-04-07,164642,emi_payment,pos,MCC5837,1230891,0
TXN0000166,CUST00500,2023-06-30,389798,transfer,branch,MCC6320,1837017,0
TXN0000167,CUST00259,2023-12-18,125363,transfer,mobile_app,MCC8838,45377,0
TXN0000168,CUST00108,2023-10-06,432925,credit,pos,MCC9109,997262,0
TXN0000169,CUST00691,2023-12-26,180158,debit,mobile_app,MCC6261,1604102,0
TXN0000170,CUST00340,2023-05-02,6785,emi_payment,pos,MCC5917,207906,1
TXN0000171,CUST00613,2023-11-14,54538,credit,internet_banking,MCC1490,1636393,0
TXN0000172,CUST00377,2023-05-20,405025,credit,branch,MCC1605,77325,0
TXN0000173,CUST00854,2023-12-08,202833,debit,internet_banking,MCC7627,1573054,0
TXN0000174,CUST00707,2023-11-12,490605,atm_withdrawal,mobile_app,MCC4104,373819,0
TXN0000175,CUST00404,2023-03-02,394447,credit,branch,MCC4930,1335042,0
TXN0000176,CUST00333,2023-12-21,15281,credit,internet_banking,MCC6654,1658423,0
TXN0000177,CUST00750,2023-08-10,156311,credit,branch,MCC2996,1628401,0
TXN0000178,CUST00008,2023-10-11,362511,transfer,branch,MCC3997,1148698,0
TXN0000179,CUST00058,2023-07-31,31642,transfer,atm,MCC1386,1816824,0
TXN0000180,CUST00085,2023-03-21,499547,transfer,mobile_app,MCC7910,280236,0
TXN0000181,CUST00346,2023-12-26,83227,credit,internet_banking,MCC5576,472965,0
TXN0000182,CUST00497,2023-02-11,398579,credit,pos,MCC2708,265272,0
TXN0000183,CUST00293,2023-10-23,420260,atm_withdrawal,pos,MCC6364,1438788,0
TXN0000184,CUST00189,2023-03-18,252727,transfer,branch,MCC2286,1783005,0
TXN0000185,CUST00313,2023-10-14,401815,atm_withdrawal,internet_banking,MCC8025,1860840,0
TXN0000186,CUST00495,2023-06-04,442423,atm_withdrawal,branch,MCC3079,1040060,0
TXN0000187,CUST00298,2023-03-28,367210,emi_payment,atm,MCC3432,264092,0
TXN0000188,CUST00575,2023-03-28,353995,transfer,internet_banking,MCC8883,343795,0
TXN0000189,CUST00383,2023-04-27,194374,atm_withdrawal,pos,MCC7686,1252658,0
TXN0000190,CUST00934,2023-11-25,146296,debit,mobile_app,MCC7127,1793495,0
TXN0000191,CUST00993,2023-10-08,433873,transfer,atm,MCC6415,1975973,0
TXN0000192,CUST00656,2023-09-02,112237,emi_payment,branch,MCC5679,1441454,0
TXN0000193,CUST00555,2023-08-18,207321,debit,branch,MCC2727,1761659,0
TXN0000194,CUST00032,2023-06-02,256320,debit,branch,MCC3702,955537,0
TXN0000195,CUST00623,2023-11-26,195420,debit,mobile_app,MCC9663,392192,0
TXN0000196,CUST00381,2023-04-10,186557,transfer,internet_banking,MCC9266,930130,0
TXN0000197,CUST00290,2023-12-11,299638,transfer,internet_banking,MCC7536,198843,0
TXN0000198,CUST00794,2023-05-19,164801,transfer,atm,MCC8998,1345303,0
TXN0000199,CUST00043,2023-05-05,494383,debit,branch,MCC8236,658920,0
TXN0000200,CUST00261,2023-06-23,89044,transfer,branch,MCC4594,676618,0
TXN0000201,CUST00775,2023-10-01,194558,atm_withdrawal,branch,MCC7438,6021,0
TXN0000202,CUST00925,2023-09-18,422658,debit,branch,MCC7773,1999820,1
TXN0000203,CUST00515,2023-10-07,237810,emi_payment,mobile_app,MCC2245,854782,0
TXN0000204,CUST00530,2023-02-02,352536,credit,pos,MCC9221,1569109,0
TXN0000205,CUST00968,2023-02-28,323515,debit,pos,MCC5436,1039153,0
TXN0000206,CUST00093,2023-11-06,165727,debit,internet_banking,MCC3819,1281919,0
TXN0000207,CUST00481,2023-12-25,372096,debit,atm,MCC5266,935846,0
TXN0000208,CUST00242,2023-02-16,118909,transfer,internet_banking,MCC3958,1374904,0
TXN0000209,CUST00477,2023-11-27,374917,transfer,mobile_app,MCC3992,399649,0
TXN0000210,CUST00907,2023-04-06,64156,emi_payment,pos,MCC5911,1992167,0
TXN0000211,CUST00597,2023-12-24,347073,debit,internet_banking,MCC9977,855701,0
TXN0000212,CUST00992,2023-12-29,56345,emi_payment,internet_banking,MCC4674,21563,0
TXN0000213,CUST00506,2023-08-21,434428,emi_payment,branch,MCC2932,1905026,0
TXN0000214,CUST00864,2023-03-11,312776,debit,branch,MCC7852,45649,0
TXN0000215,CUST00170,2023-10-15,20322,emi_payment,internet_banking,MCC3654,944599,0
TXN0000216,CUST00321,2023-02-06,54497,debit,pos,MCC5831,1570055,0
TXN0000217,CUST00274,2023-05-02,93791,transfer,internet_banking,MCC3281,740931,0
TXN0000218,CUST00769,2023-08-22,480110,emi_payment,branch,MCC2906,418783,0
TXN0000219,CUST00514,2023-01-25,294773,atm_withdrawal,atm,MCC3267,481010,0
TXN0000220,CUST00223,2023-05-24,139639,transfer,pos,MCC4207,1370333,0
TXN0000221,CUST00173,2023-10-18,138475,transfer,branch,MCC9599,1147547,0
TXN0000222,CUST00385,2023-02-03,12999,atm_withdrawal,branch,MCC7040,1006680,1
TXN0000223,CUST00154,2023-05-14,101675,credit,pos,MCC7260,1028521,0
TXN0000224,CUST00698,2023-01-02,427679,credit,branch,MCC1480,637340,0
TXN0000225,CUST00849,2023-08-29,299462,transfer,internet_banking,MCC1097,1870149,0
TXN0000226,CUST00969,2023-01-29,183856,debit,mobile_app,MCC4079,462680,0
TXN0000227,CUST00236,2023-04-13,10705,debit,internet_banking,MCC8987,1675079,0
TXN0000228,CUST00440,2023-07-10,171548,credit,mobile_app,MCC1144,1553491,0
TXN0000229,CUST00504,2023-03-20,191500,debit,internet_banking,MCC7894,13439,0
TXN0000230,CUST00496,2023-03-26,59398,emi_payment,branch,MCC8386,341963,0
TXN0000231,CUST00454,2023-11-01,303648,transfer,branch,MCC3500,1104558,0
TXN0000232,CUST00221,2023-10-11,330244,transfer,mobile_app,MCC2054,317442,0
TXN0000233,CUST00112,2023-01-30,499096,transfer,branch,MCC2381,1705034,0
TXN0000234,CUST00404,2023-11-09,179460,debit,branch,MCC1694,883865,0
TXN0000235,CUST00093,2023-06-20,138062,transfer,mobile_app,MCC8591,1673676,0
TXN0000236,CUST00064,2023-02-22,411514,debit,internet_banking,MCC8078,238553,0
TXN0000237,CUST00525,2023-11-27,175266,credit,atm,MCC7054,48014,0
TXN0000238,CUST00859,2023-05-04,315346,emi_payment,mobile_app,MCC1805,1283023,0
TXN0000239,CUST00541,2023-04-29,368779,atm_withdrawal,internet_banking,MCC9550,1604141,0
TXN0000240,CUST00024,2023-02-23,439968,credit,branch,MCC7157,1983941,0
TXN0000241,CUST00841,2023-11-20,159406,credit,mobile_app,MCC8451,1575139,0
TXN0000242,CUST00684,2023-04-15,311318,emi_payment,atm,MCC4418,1495826,0
TXN0000243,CUST00304,2023-08-05,65635,atm_withdrawal,atm,MCC2779,115914,0
TXN0000244,CUST00274,2023-03-29,389661,credit,internet_banking,MCC8394,1206469,0
TXN0000245,CUST00900,2023-11-23,22606,atm_withdrawal,internet_banking,MCC1462,1427213,0
TXN0000246,CUST00477,2023-10-15,348299,credit,atm,MCC2645,789276,0
TXN0000247,CUST00142,2023-07-03,104582,emi_payment,internet_banking,MCC2382,1998357,0
TXN0000248,CUST00282,2023-05-07,231349,credit,mobile_app,MCC1759,1975979,0
TXN0000249,CUST00265,2023-08-28,38259,credit,mobile_app,MCC5959,1712115,0
TXN0000250,CUST00401,2023-06-30,344368,atm_withdrawal,mobile_app,MCC3055,1759886,0
TXN0000251,CUST00346,2023-12-10,241123,credit,pos,MCC9694,1136057,0
TXN0000252,CUST00547,2023-09-03,331842,debit,pos,MCC9388,1641181,0
TXN0000253,CUST00324,2023-01-10,173824,emi_payment,branch,MCC2515,142490,0
TXN0000254,CUST00641,2023-10-28,3451,debit,pos,MCC8461,460013,0
TXN0000255,CUST00493,2023-03-12,290529,debit,atm,MCC1351,1327904,0
TXN0000256,CUST00941,2023-04-20,349349,atm_withdrawal,branch,MCC3571,247161,0
TXN0000257,CUST00829,2023-06-09,332421,credit,atm,MCC6938,1625923,0
TXN0000258,CUST00333,2023-03-18,131153,debit,branch,MCC2854,355882,0
TXN0000259,CUST00043,2023-12-10,358309,atm_withdrawal,pos,MCC1701,698419,0
TXN0000260,CUST00585,2023-12-24,270957,credit,pos,MCC2411,517378,0
TXN0000261,CUST00339,2023-02-26,105174,emi_payment,pos,MCC6926,1082455,0
TXN0000262,CUST00902,2023-04-27,55755,credit,branch,MCC2990,163397,0
TXN0000263,CUST00406,2023-05-16,162722,transfer,branch,MCC3213,1624384,0
TXN0000264,CUST00291,2023-09-02,11608,emi_payment,mobile_app,MCC2845,1776844,0
TXN0000265,CUST00340,2023-08-07,358087,emi_payment,atm,MCC8935,1494106,0
TXN0000266,CUST00866,2023-09-05,7658,transfer,mobile_app,MCC8992,370402,0
TXN0000267,CUST00113,2023-01-12,24308,emi_payment,branch,MCC8243,581133,0
TXN0000268,CUST00958,2023-07-07,79181,atm_withdrawal,mobile_app,MCC1179,453219,1
TXN0000269,CUST00234,2023-03-18,163100,atm_withdrawal,branch,MCC3254,1204171,0
TXN0000270,CUST00848,2023-03-25,10044,emi_payment,atm,MCC8920,1776316,0
TXN0000271,CUST00545,2023-10-10,314973,credit,internet_banking,MCC5985,1758431,0
TXN0000272,CUST00570,2023-02-21,66285,transfer,atm,MCC1372,1916286,0
TXN0000273,CUST00205,2023-01-12,401622,atm_withdrawal,internet_banking,MCC3241,1379063,0
TXN0000274,CUST00723,2023-06-27,279630,credit,internet_banking,MCC8440,443562,0
TXN0000275,CUST00649,2023-09-26,41758,emi_payment,mobile_app,MCC8910,796333,0
TXN0000276,CUST00482,2023-07-06,200196,emi_payment,mobile_app,MCC4831,588368,0
TXN0000277,CUST00458,2023-02-28,70213,transfer,internet_banking,MCC2364,127221,0
TXN0000278,CUST00598,2023-10-10,490375,atm_withdrawal,mobile_app,MCC1694,1600205,0
TXN0000279,CUST00472,2023-05-20,296304,transfer,pos,MCC3027,1156158,0
TXN0000280,CUST00975,2023-09-17,404366,atm_withdrawal,atm,MCC8190,1940527,0
TXN0000281,CUST00042,2023-03-15,187259,emi_payment,internet_banking,MCC8438,1682494,0
TXN0000282,CUST00252,2023-11-29,73473,debit,pos,MCC3307,1299352,0
TXN0000283,CUST00851,2023-04-14,117531,atm_withdrawal,internet_banking,MCC9794,87435,0
TXN0000284,CUST00793,2023-12-21,208453,emi_payment,branch,MCC8901,885169,0
TXN0000285,CUST00348,2023-05-18,385288,credit,atm,MCC9886,949784,0
TXN0000286,CUST00507,2023-09-23,215542,emi_payment,atm,MCC7769,1349159,0
TXN0000287,CUST00028,2023-07-03,464323,transfer,mobile_app,MCC6156,1134011,0
TXN0000288,CUST00177,2023-01-28,181122,atm_withdrawal,internet_banking,MCC9834,1560567,0
TXN0000289,CUST00945,2023-02-05,116697,credit,internet_banking,MCC7197,44113,0
TXN0000290,CUST00644,2023-05-28,247845,credit,branch,MCC8486,225311,0
TXN0000291,CUST00039,2023-03-12,55658,debit,pos,MCC4625,1905385,0
TXN0000292,CUST00793,2023-08-11,334970,emi_payment,branch,MCC3168,870596,0
TXN0000293,CUST00404,2023-02-20,50563,atm_withdrawal,branch,MCC6160,1645384,0
TXN0000294,CUST00569,2023-08-04,320480,emi_payment,mobile_app,MCC4682,1714604,0
TXN0000295,CUST00857,2023-03-16,191335,credit,branch,MCC4159,241202,1
TXN0000296,CUST00838,2023-03-08,178613,atm_withdrawal,branch,MCC7268,1410849,0
TXN0000297,CUST00137,2023-05-14,305461,credit,atm,MCC6495,347758,0
TXN0000298,CUST00366,2023-08-01,352552,emi_payment,pos,MCC3844,307548,0
TXN0000299,CUST00273,2023-05-26,464489,transfer,branch,MCC3174,488575,0
TXN0000300,CUST00914,2023-05-08,144813,atm_withdrawal,mobile_app,MCC5917,1510426,0
TXN0000301,CUST00781,2023-05-05,405981,atm_withdrawal,pos,MCC3944,186302,0
TXN0000302,CUST00649,2023-05-04,417750,credit,branch,MCC3138,1334882,0
TXN0000303,CUST00059,2023-05-28,497844,debit,branch,MCC2998,762575,0
TXN0000304,CUST00804,2023-11-01,482189,debit,pos,MCC6965,529297,0
TXN0000305,CUST00561,2023-07-30,395250,emi_payment,branch,MCC4737,479762,0
TXN0000306,CUST00273,2023-06-04,147438,credit,atm,MCC4078,688005,0
TXN0000307,CUST00443,2023-10-01,347316,debit,pos,MCC2036,698202,0
TXN0000308,CUST00447,2023-07-12,392365,atm_withdrawal,branch,MCC1496,628812,0
TXN0000309,CUST00297,2023-12-13,145795,emi_payment,pos,MCC7253,1036436,0
TXN0000310,CUST00910,2023-07-25,406731,debit,mobile_app,MCC9708,1986497,0
TXN0000311,CUST00918,2023-03-20,350982,emi_payment,pos,MCC3922,903053,0
TXN0000312,CUST00051,2023-07-25,245432,emi_payment,pos,MCC8594,367442,0
TXN0000313,CUST00936,2023-10-10,430886,atm_withdrawal,mobile_app,MCC6413,1223279,0
TXN0000314,CUST00404,2023-03-19,43964,atm_withdrawal,mobile_app,MCC3733,1658830,0
TXN0000315,CUST00800,2023-03-15,341977,atm_withdrawal,mobile_app,MCC6100,1199357,1
TXN0000316,CUST00781,2023-08-07,393112,atm_withdrawal,internet_banking,MCC2166,1061270,0
TXN0000317,CUST00599,2023-11-19,20280,emi_payment,pos,MCC4039,1338042,0
TXN0000318,CUST00744,2023-05-03,203798,emi_payment,mobile_app,MCC7616,1761043,0
TXN0000319,CUST00682,2023-07-04,258563,transfer,mobile_app,MCC8659,153116,0
TXN0000320,CUST00852,2023-08-28,104114,emi_payment,branch,MCC2985,1963722,0
TXN0000321,CUST00424,2023-08-31,439683,atm_withdrawal,internet_banking,MCC9195,1786389,0
TXN0000322,CUST00740,2023-02-23,313362,debit,atm,MCC6448,1922166,0
TXN0000323,CUST00980,2023-05-25,137609,debit,atm,MCC3063,996536,0
TXN0000324,CUST00948,2023-12-29,218525,transfer,pos,MCC8010,1708506,0
TXN0000325,CUST00148,2023-11-21,56099,credit,branch,MCC8928,163633,0
TXN0000326,CUST00499,2023-10-09,43877,transfer,branch,MCC3451,827144,0
TXN0000327,CUST00511,2023-01-09,373244,credit,mobile_app,MCC1951,1759120,0
TXN0000328,CUST00625,2023-06-02,491838,emi_payment,pos,MCC3561,542543,0
TXN0000329,CUST00648,2023-01-19,138472,atm_withdrawal,internet_banking,MCC7808,1527123,0
TXN0000330,CUST00848,2023-04-20,122406,credit,branch,MCC1554,638994,0
TXN0000331,CUST00533,2023-11-12,341983,emi_payment,pos,MCC3602,1178303,0
TXN0000332,CUST00702,2023-05-22,255531,debit,atm,MCC3878,1306276,0
TXN0000333,CUST00900,2023-03-03,69803,emi_payment,atm,MCC1150,1755821,0
TXN0000334,CUST00103,2023-09-21,333677,emi_payment,mobile_app,MCC6376,683721,0
TXN0000335,CUST00643,2023-10-05,104982,emi_payment,atm,MCC8253,1574999,0
TXN0000336,CUST00367,2023-08-28,57633,transfer,mobile_app,MCC2402,869777,0
TXN0000337,CUST00906,2023-10-23,232178,debit,atm,MCC8978,786732,0
TXN0000338,CUST00553,2023-09-14,369731,atm_withdrawal,branch,MCC9576,159472,0
TXN0000339,CUST00603,2023-08-20,260624,debit,branch,MCC8835,152655,0
TXN0000340,CUST00755,2023-11-21,324179,transfer,atm,MCC7501,1542023,0
TXN0000341,CUST00243,2023-04-29,119056,debit,atm,MCC5031,209216,0
TXN0000342,CUST00544,2023-06-16,246927,atm_withdrawal,internet_banking,MCC2834,222938,0
TXN0000343,CUST00773,2023-07-25,356497,transfer,internet_banking,MCC9215,370745,0
TXN0000344,CUST00778,2023-09-02,264212,transfer,branch,MCC5775,674053,0
TXN0000345,CUST00228,2023-06-23,119890,credit,mobile_app,MCC5067,325495,0
TXN0000346,CUST00838,2023-06-11,477402,emi_payment,internet_banking,MCC4522,1180867,0
TXN0000347,CUST00163,2023-03-02,33758,credit,mobile_app,MCC2963,1644166,0
TXN0000348,CUST00266,2023-08-21,455457,emi_payment,branch,MCC4440,1062349,0
TXN0000349,CUST00857,2023-02-15,362305,atm_withdrawal,internet_banking,MCC8183,1330197,0
TXN0000350,CUST00617,2023-06-23,56080,credit,internet_banking,MCC6039,1786261,0
TXN0000351,CUST00543,2023-05-30,127671,emi_payment,pos,MCC4559,1789031,0
TXN0000352,CUST00558,2023-10-11,184439,credit,mobile_app,MCC1973,1317376,0
TXN0000353,CUST00970,2023-06-23,478807,atm_withdrawal,mobile_app,MCC4734,136373,0
TXN0000354,CUST00228,2023-01-02,258434,atm_withdrawal,internet_banking,MCC2937,1578089,0
TXN0000355,CUST00300,2023-07-04,129117,credit,mobile_app,MCC4579,1515227,0
TXN0000356,CUST00490,2023-03-20,459995,credit,pos,MCC2346,606891,0
TXN0000357,CUST00846,2023-05-19,59088,debit,pos,MCC9529,324575,0
TXN0000358,CUST00549,2023-04-19,408300,emi_payment,pos,MCC2565,264514,0
TXN0000359,CUST00726,2023-03-02,415362,atm_withdrawal,atm,MCC2117,552620,0
TXN0000360,CUST00818,2023-12-12,193302,debit,mobile_app,MCC6896,1486659,0
TXN0000361,CUST00893,2023-04-03,21655,atm_withdrawal,branch,MCC4093,1891955,0
TXN0000362,CUST00461,2023-07-05,443116,emi_payment,mobile_app,MCC9964,307157,0
TXN0000363,CUST00458,2023-10-30,483714,transfer,internet_banking,MCC4636,829720,0
TXN0000364,CUST00081,2023-05-13,189141,credit,branch,MCC6859,1668332,0
TXN0000365,CUST00081,2023-12-09,92949,emi_payment,atm,MCC8506,171749,0
TXN0000366,CUST00488,2023-05-28,135669,transfer,internet_banking,MCC9861,1886034,0
TXN0000367,CUST00750,2023-12-12,68301,atm_withdrawal,internet_banking,MCC8285,36417,0
TXN0000368,CUST00838,2023-06-14,304985,transfer,pos,MCC6192,565855,0
TXN0000369,CUST00409,2023-01-06,259343,debit,internet_banking,MCC8328,64952,0
TXN0000370,CUST00572,2023-11-13,178015,credit,branch,MCC3549,1522010,0
TXN0000371,CUST00813,2023-11-12,325367,credit,internet_banking,MCC8830,854016,0
TXN0000372,CUST00319,2023-12-18,311241,transfer,pos,MCC8849,874676,0
TXN0000373,CUST00159,2023-02-15,5723,credit,branch,MCC4454,1093175,0
TXN0000374,CUST00921,2023-11-05,204901,atm_withdrawal,mobile_app,MCC1604,597994,0
TXN0000375,CUST00547,2023-05-05,431771,credit,mobile_app,MCC7161,1514043,0
TXN0000376,CUST00156,2023-11-04,397904,emi_payment,pos,MCC1921,862286,0
TXN0000377,CUST00252,2023-12-18,427456,credit,pos,MCC1156,1591914,0
TXN0000378,CUST00327,2023-03-14,477160,atm_withdrawal,atm,MCC9527,1293534,0
TXN0000379,CUST00202,2023-05-16,30794,atm_withdrawal,mobile_app,MCC6108,1349900,0
TXN0000380,CUST00438,2023-04-09,135227,emi_payment,atm,MCC6851,1976136,0
TXN0000381,CUST00813,2023-04-22,229751,emi_payment,atm,MCC8923,1013102,0
TXN0000382,CUST00738,2023-08-06,255054,emi_payment,pos,MCC9359,600087,0
TXN0000383,CUST00918,2023-05-31,393148,transfer,branch,MCC9607,1455843,0
TXN0000384,CUST00836,2023-08-28,362243,transfer,branch,MCC2195,1411886,0
TXN0000385,CUST00312,2023-09-04,353138,debit,atm,MCC3914,966921,0
TXN0000386,CUST00059,2023-03-15,79343,atm_withdrawal,mobile_app,MCC7913,669740,0
TXN0000387,CUST00152,2023-01-17,338847,atm_withdrawal,atm,MCC1258,1860584,0
TXN0000388,CUST00793,2023-09-30,397973,transfer,branch,MCC3113,502788,0
TXN0000389,CUST00341,2023-03-08,376063,atm_withdrawal,mobile_app,MCC5632,157709,0
TXN0000390,CUST00721,2023-03-14,291527,transfer,pos,MCC4089,1263684,0
TXN0000391,CUST00458,2023-08-08,44239,debit,internet_banking,MCC2554,162605,0
TXN0000392,CUST00895,2023-04-06,74955,atm_withdrawal,pos,MCC9090,1522576,1
TXN0000393,CUST00509,2023-03-11,371600,transfer,internet_banking,MCC5030,1684384,0
TXN0000394,CUST00901,2023-04-22,434127,atm_withdrawal,branch,MCC4700,1434772,0
TXN0000395,CUST00251,2023-07-10,412697,credit,branch,MCC6916,472281,0
TXN0000396,CUST00778,2023-11-05,213407,transfer,atm,MCC7034,1885171,0
TXN0000397,CUST00524,2023-12-27,293680,emi_payment,mobile_app,MCC5433,177137,0
TXN0000398,CUST00191,2023-09-25,88392,debit,internet_banking,MCC8984,214738,0
TXN0000399,CUST00234,2023-11-25,295942,atm_withdrawal,mobile_app,MCC3663,608177,0
TXN0000400,CUST00314,2023-07-13,97778,emi_payment,internet_banking,MCC8836,1081327,0
TXN0000401,CUST00155,2023-05-30,397554,debit,branch,MCC8813,1420609,0
TXN0000402,CUST00937,2023-10-27,392774,emi_payment,branch,MCC1080,581687,0
TXN0000403,CUST00213,2023-04-21,25678,atm_withdrawal,pos,MCC7791,1831023,0
TXN0000404,CUST00599,2023-10-24,467864,credit,branch,MCC2423,1633914,0
TXN0000405,CUST00571,2023-12-31,398077,emi_payment,branch,MCC5369,461574,1
TXN0000406,CUST00539,2023-05-23,189187,emi_payment,mobile_app,MCC9266,124053,0
TXN0000407,CUST00628,2023-08-20,225649,debit,mobile_app,MCC2759,1403677,0
TXN0000408,CUST00916,2023-10-13,39506,transfer,atm,MCC6061,351606,0
TXN0000409,CUST00968,2023-10-13,468169,transfer,atm,MCC7998,563636,0
TXN0000410,CUST00875,2023-03-17,50501,credit,branch,MCC5321,1544057,0
TXN0000411,CUST00460,2023-12-18,461220,credit,branch,MCC1703,378262,0
TXN0000412,CUST00728,2023-07-03,327273,emi_payment,branch,MCC1587,709282,0
TXN0000413,CUST00186,2023-01-16,459364,emi_payment,pos,MCC5660,1854806,0
TXN0000414,CUST00883,2023-02-13,185438,credit,mobile_app,MCC1225,1363600,0
TXN0000415,CUST00196,2023-09-23,447857,debit,branch,MCC1139,1240040,0
TXN0000416,CUST00114,2023-06-05,213123,emi_payment,internet_banking,MCC9579,1997011,0
TXN0000417,CUST00829,2023-02-09,175110,debit,mobile_app,MCC5795,1541058,0
TXN0000418,CUST00758,2023-07-09,168589,debit,atm,MCC5264,919698,0
TXN0000419,CUST00139,2023-08-07,475992,credit,atm,MCC1903,1329040,0
TXN0000420,CUST00966,2023-01-30,232822,atm_withdrawal,pos,MCC8076,1065968,0
TXN0000421,CUST00112,2023-05-08,239337,emi_payment,mobile_app,MCC5593,727017,0
TXN0000422,CUST00049,2023-06-18,321810,credit,mobile_app,MCC2979,1950656,0
TXN0000423,CUST00956,2023-10-12,277964,transfer,branch,MCC7775,1186664,0
TXN0000424,CUST00224,2023-08-26,270615,atm_withdrawal,pos,MCC3133,1492786,0
TXN0000425,CUST00235,2023-02-01,189592,emi_payment,pos,MCC5527,819988,0
TXN0000426,CUST00794,2023-08-13,82204,emi_payment,atm,MCC6041,393513,0
TXN0000427,CUST00608,2023-11-26,497283,debit,pos,MCC3510,244943,0
TXN0000428,CUST00521,2023-01-20,245695,credit,pos,MCC8883,1608600,0
TXN0000429,CUST00989,2023-12-27,486128,debit,internet_banking,MCC7331,1042205,0
TXN0000430,CUST00087,2023-02-04,230360,atm_withdrawal,branch,MCC3596,1031716,0
TXN0000431,CUST00926,2023-08-16,299753,credit,atm,MCC2409,242227,0
TXN0000432,CUST00268,2023-05-09,272914,transfer,internet_banking,MCC3958,1574738,0
TXN0000433,CUST00623,2023-09-24,482880,transfer,pos,MCC5187,527225,0
TXN0000434,CUST00325,2023-11-04,55423,transfer,atm,MCC5955,1197105,0
TXN0000435,CUST00294,2023-11-07,258806,debit,branch,MCC4601,700625,0
TXN0000436,CUST00322,2023-11-14,76848,atm_withdrawal,branch,MCC1360,454662,1
TXN0000437,CUST00560,2023-10-25,434028,credit,atm,MCC7084,326446,0
TXN0000438,CUST00878,2023-04-24,265169,atm_withdrawal,internet_banking,MCC4408,1628879,0
TXN0000439,CUST00113,2023-06-19,461529,emi_payment,internet_banking,MCC4018,189991,1
TXN0000440,CUST00663,2023-09-20,137789,emi_payment,branch,MCC6005,4053,0
TXN0000441,CUST00861,2023-03-03,81527,emi_payment,mobile_app,MCC8516,613277,0
TXN0000442,CUST00735,2023-07-30,314552,atm_withdrawal,branch,MCC1043,1776060,0
TXN0000443,CUST00981,2023-07-13,72972,credit,branch,MCC9646,1404131,0
TXN0000444,CUST00014,2023-12-25,186438,credit,branch,MCC6741,1637218,0
TXN0000445,CUST00363,2023-01-19,156998,emi_payment,branch,MCC5920,409196,0
TXN0000446,CUST00428,2023-02-04,110445,credit,pos,MCC1458,1940279,0
TXN0000447,CUST00536,2023-01-11,65445,atm_withdrawal,internet_banking,MCC7400,235318,0
TXN0000448,CUST00318,2023-07-19,328231,debit,branch,MCC7478,71075,0
TXN0000449,CUST00254,2023-07-21,379110,atm_withdrawal,atm,MCC6043,954189,0
TXN0000450,CUST00852,2023-08-05,197014,credit,internet_banking,MCC8214,875269,0
TXN0000451,CUST00233,2023-03-30,140587,debit,atm,MCC8547,582243,0
TXN0000452,CUST00954,2023-04-23,78890,emi_payment,pos,MCC8548,338263,0
TXN0000453,CUST00038,2023-06-02,338551,credit,internet_banking,MCC3940,642398,0
TXN0000454,CUST00424,2023-01-18,404423,credit,internet_banking,MCC7059,747979,0
TXN0000455,CUST00610,2023-10-02,274057,transfer,mobile_app,MCC1515,1202761,0
TXN0000456,CUST00974,2023-01-20,215936,transfer,mobile_app,MCC6053,719582,0
TXN0000457,CUST00765,2023-09-01,324217,debit,internet_banking,MCC2313,488655,0
TXN0000458,CUST00015,2023-06-15,457543,debit,pos,MCC3767,1195122,0
TXN0000459,CUST00749,2023-12-31,494844,transfer,internet_banking,MCC7089,1165181,0
TXN0000460,CUST00326,2023-09-10,96781,credit,pos,MCC4821,874859,0
TXN0000461,CUST00860,2023-06-23,238417,transfer,pos,MCC8769,220071,0
TXN0000462,CUST00775,2023-09-13,438187,emi_payment,atm,MCC1783,1931146,1
TXN0000463,CUST00192,2023-02-12,316446,emi_payment,pos,MCC9746,1039329,0
TXN0000464,CUST00361,2023-03-08,407973,debit,branch,MCC7363,555547,0
TXN0000465,CUST00822,2023-07-02,497920,atm_withdrawal,pos,MCC4874,1451589,0
TXN0000466,CUST00921,2023-11-10,52047,emi_payment,branch,MCC1222,837500,0
TXN0000467,CUST00604,2023-10-27,306222,debit,mobile_app,MCC1375,328370,0
TXN0000468,CUST00219,2023-05-18,265887,emi_payment,pos,MCC4720,1401309,0
TXN0000469,CUST00390,2023-04-14,142436,atm_withdrawal,pos,MCC6151,185398,0
TXN0000470,CUST00796,2023-12-18,326876,transfer,pos,MCC5555,553086,0
TXN0000471,CUST00599,2023-07-26,52021,atm_withdrawal,branch,MCC3675,1325399,0
TXN0000472,CUST00202,2023-02-13,247791,atm_withdrawal,mobile_app,MCC6850,1447622,0
TXN0000473,CUST00286,2023-03-24,207402,atm_withdrawal,branch,MCC6527,1982445,0
TXN0000474,CUST00198,2023-11-02,195192,atm_withdrawal,pos,MCC4088,1417424,0
TXN0000475,CUST00470,2023-11-24,307125,debit,pos,MCC3929,463470,0
TXN0000476,CUST00446,2023-11-28,471926,debit,atm,MCC4984,1424476,0
TXN0000477,CUST00542,2023-01-03,473723,emi_payment,atm,MCC7688,1503094,0
TXN0000478,CUST00945,2023-10-28,350440,emi_payment,mobile_app,MCC6285,1350152,0
TXN0000479,CUST00652,2023-02-10,165573,transfer,atm,MCC2143,1492229,0
TXN0000480,CUST00586,2023-10-23,482938,credit,mobile_app,MCC9307,1634920,0
TXN0000481,CUST00367,2023-11-18,499186,atm_withdrawal,atm,MCC2819,1136403,0
TXN0000482,CUST00636,2023-05-12,423130,transfer,mobile_app,MCC7047,1989863,1
TXN0000483,CUST00956,2023-03-12,436583,emi_payment,branch,MCC1151,1288810,0
TXN0000484,CUST00010,2023-09-18,408583,emi_payment,pos,MCC3289,110672,0
TXN0000485,CUST00350,2023-01-25,380083,atm_withdrawal,mobile_app,MCC6082,345062,0
TXN0000486,CUST00057,2023-07-31,362843,emi_payment,branch,MCC8624,994293,0
TXN0000487,CUST00204,2023-05-02,319229,emi_payment,mobile_app,MCC6064,870740,0
TXN0000488,CUST00067,2023-06-04,323075,atm_withdrawal,atm,MCC1495,1626161,0
TXN0000489,CUST00593,2023-10-29,194944,debit,pos,MCC9599,1345112,0
TXN0000490,CUST00820,2023-12-29,443442,emi_payment,mobile_app,MCC3450,94,0
TXN0000491,CUST00941,2023-05-27,317362,transfer,branch,MCC4281,911358,0
TXN0000492,CUST00237,2023-04-17,306743,emi_payment,atm,MCC1973,1090306,0
TXN0000493,CUST00700,2023-11-01,370942,credit,mobile_app,MCC7265,1961554,0
TXN0000494,CUST00329,2023-05-31,37736,transfer,branch,MCC5022,1319596,1
TXN0000495,CUST00316,2023-03-14,459460,credit,mobile_app,MCC2975,360754,0
TXN0000496,CUST00610,2023-11-26,291323,debit,pos,MCC6731,383485,0
TXN0000497,CUST00680,2023-12-28,472205,transfer,branch,MCC2763,631958,0
TXN0000498,CUST00584,2023-04-16,51507,debit,branch,MCC5778,801641,0
TXN0000499,CUST00100,2023-02-27,116889,debit,pos,MCC6971,217294,0
TXN0000500,CUST00411,2023-02-25,474655,transfer,atm,MCC8300,1578902,0
TXN0000501,CUST00286,2023-08-07,346445,atm_withdrawal,internet_banking,MCC7252,135524,0
TXN0000502,CUST00005,2023-04-24,323369,emi_payment,atm,MCC6106,133365,0
TXN0000503,CUST00041,2023-08-16,202216,debit,internet_banking,MCC1305,254482,0
TXN0000504,CUST00450,2023-10-05,277867,debit,branch,MCC3093,269733,0
TXN0000505,CUST00101,2023-01-03,273188,transfer,pos,MCC6200,1128060,0
TXN0000506,CUST00739,2023-11-10,98990,transfer,pos,MCC5827,1636138,0
TXN0000507,CUST00057,2023-01-11,283334,debit,pos,MCC5802,1885049,0
TXN0000508,CUST00236,2023-02-11,257931,credit,branch,MCC7618,1618411,0
TXN0000509,CUST00986,2023-09-22,156606,debit,pos,MCC9143,1371502,0
TXN0000510,CUST00709,2023-08-15,171331,transfer,pos,MCC5526,1180806,0
TXN0000511,CUST00558,2023-12-24,383960,emi_payment,branch,MCC2210,618849,0
TXN0000512,CUST00016,2023-07-27,337725,credit,mobile_app,MCC4977,832373,0
TXN0000513,CUST00044,2023-06-02,235014,transfer,mobile_app,MCC3275,1744907,0
TXN0000514,CUST00909,2023-09-02,302244,credit,atm,MCC5761,211303,0
TXN0000515,CUST00800,2023-10-06,120698,atm_withdrawal,pos,MCC6307,1650798,0
TXN0000516,CUST00951,2023-09-02,249703,debit,pos,MCC5931,1622874,0
TXN0000517,CUST00809,2023-05-16,280931,transfer,internet_banking,MCC6234,115056,0
TXN0000518,CUST00003,2023-12-17,126445,credit,pos,MCC3794,483490,0
TXN0000519,CUST00806,2023-04-21,84823,transfer,pos,MCC2592,620015,0
TXN0000520,CUST00458,2023-05-07,262918,transfer,branch,MCC8687,1826381,0
TXN0000521,CUST00693,2023-04-12,470400,emi_payment,internet_banking,MCC4613,877670,0
TXN0000522,CUST00414,2023-04-20,230902,atm_withdrawal,branch,MCC2868,1551675,0
TXN0000523,CUST00722,2023-03-19,450725,transfer,atm,MCC9957,1201381,0
TXN0000524,CUST00842,2023-08-01,425647,credit,pos,MCC1295,161871,0
TXN0000525,CUST00975,2023-09-23,372400,transfer,mobile_app,MCC4117,1333792,0
TXN0000526,CUST00541,2023-06-06,447179,transfer,internet_banking,MCC7672,1270986,0
TXN0000527,CUST00280,2023-12-03,205699,atm_withdrawal,mobile_app,MCC4697,1741667,0
TXN0000528,CUST00612,2023-06-22,379648,transfer,pos,MCC8579,1841252,0
TXN0000529,CUST00500,2023-06-20,72452,atm_withdrawal,branch,MCC4229,1174804,0
TXN0000530,CUST00203,2023-01-26,159888,emi_payment,internet_banking,MCC6783,1758336,0
TXN0000531,CUST00725,2023-11-26,283354,transfer,internet_banking,MCC4847,278769,0
TXN0000532,CUST00078,2023-02-24,19140,credit,mobile_app,MCC5220,1226705,0
TXN0000533,CUST00404,2023-03-02,382647,credit,branch,MCC5480,1155038,0
TXN0000534,CUST00693,2023-12-08,462675,debit,atm,MCC9775,343918,0
TXN0000535,CUST00922,2023-07-09,52742,transfer,internet_banking,MCC7838,1077619,0
TXN0000536,CUST00621,2023-01-25,496006,atm_withdrawal,branch,MCC4336,1360483,0
TXN0000537,CUST00980,2023-06-11,44171,debit,atm,MCC4749,830399,0
TXN0000538,CUST00833,2023-08-04,63597,atm_withdrawal,internet_banking,MCC4652,1332284,0
TXN0000539,CUST00237,2023-01-04,381230,atm_withdrawal,atm,MCC7624,1490364,0
TXN0000540,CUST00845,2023-10-03,342839,transfer,internet_banking,MCC6319,1177469,0
TXN0000541,CUST00337,2023-09-02,468032,credit,branch,MCC5809,796288,0
TXN0000542,CUST00632,2023-01-05,212630,transfer,pos,MCC4873,531485,0
TXN0000543,CUST00201,2023-08-14,286306,atm_withdrawal,pos,MCC4585,1321571,0
TXN0000544,CUST00539,2023-03-23,74345,debit,branch,MCC5997,1800593,0
TXN0000545,CUST00680,2023-09-26,345949,transfer,internet_banking,MCC8479,923680,1
TXN0000546,CUST00915,2023-05-18,499050,debit,pos,MCC9698,1005153,0
TXN0000547,CUST00944,2023-03-15,298472,emi_payment,branch,MCC1548,1824243,0
TXN0000548,CUST00802,2023-07-04,466621,debit,internet_banking,MCC3137,594230,0
TXN0000549,CUST00559,2023-06-11,196843,credit,branch,MCC7166,1615217,0
TXN0000550,CUST00883,2023-05-05,491306,emi_payment,branch,MCC2336,510444,0
TXN0000551,CUST00107,2023-11-17,268381,emi_payment,pos,MCC6493,515891,0
TXN0000552,CUST00996,2023-08-25,72033,credit,internet_banking,MCC4811,562035,0
TXN0000553,CUST00204,2023-06-27,181356,transfer,mobile_app,MCC2716,105263,0
TXN0000554,CUST00404,2023-03-24,246013,debit,branch,MCC5535,922188,0
TXN0000555,CUST00908,2023-07-27,33604,transfer,pos,MCC5580,707444,0
TXN0000556,CUST00717,2023-01-10,447897,debit,mobile_app,MCC7418,461702,0
TXN0000557,CUST00850,2023-11-19,119660,atm_withdrawal,pos,MCC8432,1513192,0
TXN0000558,CUST00689,2023-01-01,337611,debit,mobile_app,MCC9595,1034829,0
TXN0000559,CUST00602,2023-09-13,459996,emi_payment,branch,MCC4951,391597,0
TXN0000560,CUST00175,2023-05-07,217357,transfer,branch,MCC7197,384046,0
TXN0000561,CUST00997,2023-09-20,304705,credit,mobile_app,MCC8084,1619058,0
TXN0000562,CUST00637,2023-05-13,258395,transfer,atm,MCC9883,541903,0
TXN0000563,CUST00669,2023-01-10,382101,debit,mobile_app,MCC6851,789603,0
TXN0000564,CUST00429,2023-12-13,19396,transfer,branch,MCC3216,239330,0
TXN0000565,CUST00953,2023-10-07,179881,emi_payment,branch,MCC4077,1608434,0
TXN0000566,CUST00451,2023-01-17,305797,transfer,branch,MCC2879,714789,0
TXN0000567,CUST00191,2023-01-12,45774,credit,mobile_app,MCC2779,1409791,0
TXN0000568,CUST00181,2023-07-13,429871,transfer,branch,MCC3758,811939,0
TXN0000569,CUST00699,2023-12-16,316058,atm_withdrawal,atm,MCC5484,1603253,0
TXN0000570,CUST00745,2023-07-30,1496,emi_payment,branch,MCC8083,807435,0
TXN0000571,CUST00206,2023-01-04,6177,debit,atm,MCC3620,1791269,0
TXN0000572,CUST00698,2023-09-13,80066,credit,atm,MCC2678,1449774,0
TXN0000573,CUST00998,2023-06-06,331986,debit,mobile_app,MCC2138,961747,0
TXN0000574,CUST00533,2023-08-22,259043,credit,pos,MCC2765,966722,0
TXN0000575,CUST00971,2023-05-08,241201,emi_payment,pos,MCC4894,1240658,0
TXN0000576,CUST00157,2023-01-03,280526,atm_withdrawal,pos,MCC4705,1386010,1
TXN0000577,CUST00403,2023-01-07,247402,transfer,pos,MCC4589,1413125,0
TXN0000578,CUST00557,2023-08-19,171741,emi_payment,internet_banking,MCC3857,66280,0
TXN0000579,CUST00359,2023-08-20,3758,credit,atm,MCC5078,529818,0
TXN0000580,CUST00101,2023-04-28,14064,transfer,branch,MCC6817,873177,0
TXN0000581,CUST00459,2023-01-31,344547,atm_withdrawal,pos,MCC1400,1073963,0
TXN0000582,CUST00340,2023-10-10,371825,credit,pos,MCC9010,179595,0
TXN0000583,CUST00204,2023-02-25,119987,credit,mobile_app,MCC3750,399343,0
TXN0000584,CUST00373,2023-03-10,121538,debit,pos,MCC2247,924204,0
TXN0000585,CUST00419,2023-06-15,203989,credit,atm,MCC2572,894071,0
TXN0000586,CUST00884,2023-09-19,322324,debit,branch,MCC5920,1230399,0
TXN0000587,CUST00492,2023-12-30,296778,atm_withdrawal,branch,MCC5686,139267,0
TXN0000588,CUST00416,2023-08-17,279617,atm_withdrawal,branch,MCC1795,1593478,0
TXN0000589,CUST00390,2023-12-17,18461,transfer,atm,MCC5492,602367,0
TXN0000590,CUST00599,2023-08-27,215475,transfer,atm,MCC2993,1100438,0
TXN0000591,CUST00276,2023-11-06,376356,credit,branch,MCC9199,1894664,0
TXN0000592,CUST00875,2023-03-06,295185,debit,pos,MCC3781,759004,0
TXN0000593,CUST00419,2023-01-21,403474,transfer,internet_banking,MCC9994,627098,0
TXN0000594,CUST00426,2023-09-02,347549,debit,branch,MCC6211,528924,0
TXN0000595,CUST00064,2023-12-22,449876,atm_withdrawal,branch,MCC9678,1304809,0
TXN0000596,CUST00884,2023-09-26,286164,credit,mobile_app,MCC5993,1914885,0
TXN0000597,CUST00472,2023-05-06,284687,emi_payment,branch,MCC2133,1119597,0
TXN0000598,CUST00137,2023-06-28,278806,credit,pos,MCC6786,396570,0
TXN0000599,CUST00172,2023-02-10,132350,debit,atm,MCC5298,1892218,0
TXN0000600,CUST00365,2023-05-05,218095,transfer,atm,MCC8369,84832,0
TXN0000601,CUST00781,2023-09-07,84439,debit,mobile_app,MCC4522,820679,0
TXN0000602,CUST00095,2023-03-02,215074,credit,mobile_app,MCC2684,251758,0
TXN0000603,CUST00121,2023-06-25,74964,credit,branch,MCC2022,66429,0
TXN0000604,CUST00561,2023-04-16,245533,atm_withdrawal,internet_banking,MCC7689,1995010,0
TXN0000605,CUST00500,2023-06-29,477080,transfer,mobile_app,MCC3095,170002,0
TXN0000606,CUST00958,2023-10-06,226093,emi_payment,branch,MCC7002,1812240,0
TXN0000607,CUST00753,2023-11-19,369336,transfer,atm,MCC2210,1089954,0
TXN0000608,CUST00657,2023-05-30,219568,atm_withdrawal,atm,MCC1717,640515,0
TXN0000609,CUST00336,2023-10-29,452968,transfer,mobile_app,MCC7393,1725736,0
TXN0000610,CUST00627,2023-09-14,105263,atm_withdrawal,atm,MCC4101,7698,0
TXN0000611,CUST00585,2023-12-03,417166,atm_withdrawal,internet_banking,MCC6105,1380686,0
TXN0000612,CUST00279,2023-09-28,362446,atm_withdrawal,mobile_app,MCC1249,1534412,0
TXN0000613,CUST00371,2023-07-21,444400,emi_payment,branch,MCC2692,727918,0
TXN0000614,CUST00932,2023-09-04,66562,atm_withdrawal,internet_banking,MCC1811,601072,0
TXN0000615,CUST00539,2023-04-26,447402,emi_payment,atm,MCC3518,18290,0
TXN0000616,CUST00472,2023-09-03,454364,credit,atm,MCC3553,44298,0
TXN0000617,CUST00797,2023-09-16,148042,debit,atm,MCC4370,87934,0
TXN0000618,CUST00268,2023-08-11,312460,credit,mobile_app,MCC3187,913209,0
TXN0000619,CUST00220,2023-02-07,293369,transfer,internet_banking,MCC5109,1061588,0
TXN0000620,CUST00988,2023-07-09,24545,debit,branch,MCC9100,848311,0
TXN0000621,CUST00804,2023-09-17,262684,credit,pos,MCC1775,1405019,0
TXN0000622,CUST00424,2023-03-14,329533,emi_payment,branch,MCC9043,723517,0
TXN0000623,CUST00947,2023-10-15,102617,credit,atm,MCC4712,1580756,0
TXN0000624,CUST00372,2023-11-04,180820,emi_payment,internet_banking,MCC6200,1306734,0
TXN0000625,CUST00676,2023-07-16,292742,atm_withdrawal,internet_banking,MCC7046,1874023,0
TXN0000626,CUST00035,2023-12-18,464889,debit,atm,MCC7614,1452028,0
TXN0000627,CUST00698,2023-11-10,30386,emi_payment,pos,MCC9493,255989,0
TXN0000628,CUST00179,2023-06-20,468044,atm_withdrawal,mobile_app,MCC9995,1118367,0
TXN0000629,CUST00242,2023-11-19,408106,debit,branch,MCC1885,1314627,0
TXN0000630,CUST00810,2023-12-07,422979,emi_payment,atm,MCC4691,27973,0
TXN0000631,CUST00206,2023-02-09,23912,transfer,mobile_app,MCC5850,88021,0
TXN0000632,CUST00483,2023-12-31,283967,emi_payment,atm,MCC5701,44831,0
TXN0000633,CUST00921,2023-01-02,184396,debit,branch,MCC9921,342825,0
TXN0000634,CUST00955,2023-06-27,459596,transfer,branch,MCC6859,1763487,0
TXN0000635,CUST00444,2023-12-09,370482,credit,branch,MCC4621,480329,0
TXN0000636,CUST00084,2023-09-22,324939,debit,pos,MCC9284,372885,0
TXN0000637,CUST00287,2023-04-08,13992,emi_payment,mobile_app,MCC7577,892233,0
TXN0000638,CUST00616,2023-08-23,437577,transfer,internet_banking,MCC8172,796128,0
TXN0000639,CUST00337,2023-03-20,244914,atm_withdrawal,internet_banking,MCC6647,1986675,0
TXN0000640,CUST00720,2023-03-28,80110,debit,pos,MCC1579,207054,0
TXN0000641,CUST00993,2023-11-29,437037,emi_payment,branch,MCC9734,1681665,0
TXN0000642,CUST00622,2023-01-18,452099,emi_payment,mobile_app,MCC7415,458601,0
TXN0000643,CUST00625,2023-12-18,248354,emi_payment,mobile_app,MCC2343,619908,0
TXN0000644,CUST00530,2023-06-15,330829,credit,pos,MCC3267,970707,0
TXN0000645,CUST00187,2023-01-24,305255,emi_payment,mobile_app,MCC4067,1950832,0
TXN0000646,CUST00579,2023-10-15,151706,credit,mobile_app,MCC3293,471093,1
TXN0000647,CUST00932,2023-01-18,374211,emi_payment,branch,MCC6587,687882,0
TXN0000648,CUST00690,2023-04-29,498906,transfer,branch,MCC5924,1318165,0
TXN0000649,CUST00753,2023-03-29,467103,transfer,internet_banking,MCC2910,1340104,0
TXN0000650,CUST00864,2023-10-14,343473,transfer,mobile_app,MCC7266,734616,0
TXN0000651,CUST00388,2023-05-25,180198,debit,mobile_app,MCC3581,262535,0
TXN0000652,CUST00337,2023-08-28,454217,credit,branch,MCC2432,1576933,0
TXN0000653,CUST00970,2023-01-27,463713,credit,pos,MCC9608,1800911,1
TXN0000654,CUST00460,2023-09-11,2892,atm_withdrawal,mobile_app,MCC3830,1203900,0
TXN0000655,CUST00734,2023-09-17,169269,transfer,branch,MCC3093,1745621,0
TXN0000656,CUST00636,2023-04-15,276213,debit,mobile_app,MCC7444,507930,0
TXN0000657,CUST00124,2023-11-18,288961,debit,atm,MCC7870,1728066,0
TXN0000658,CUST00315,2023-06-21,356295,atm_withdrawal,mobile_app,MCC2367,1616765,0
TXN0000659,CUST00327,2023-09-01,256870,debit,internet_banking,MCC1502,1804732,0
TXN0000660,CUST00179,2023-03-08,6967,debit,mobile_app,MCC8646,1864174,0
TXN0000661,CUST00780,2023-12-07,82954,credit,atm,MCC5536,690764,0
TXN0000662,CUST00967,2023-04-01,381303,credit,atm,MCC5103,240088,0
TXN0000663,CUST00967,2023-08-17,346697,debit,mobile_app,MCC4783,1498020,0
TXN0000664,CUST00195,2023-02-02,325758,atm_withdrawal,branch,MCC6273,1339326,0
TXN0000665,CUST00450,2023-01-17,220515,debit,internet_banking,MCC7061,1295302,0
TXN0000666,CUST00233,2023-02-16,137452,emi_payment,mobile_app,MCC1723,1261590,0
TXN0000667,CUST00063,2023-12-11,154096,atm_withdrawal,mobile_app,MCC3388,81659,0
TXN0000668,CUST00619,2023-03-18,344503,emi_payment,pos,MCC9589,1339425,0
TXN0000669,CUST00860,2023-11-18,252196,debit,atm,MCC2502,968326,0
TXN0000670,CUST00078,2023-07-31,65537,emi_payment,atm,MCC9166,62371,0
TXN0000671,CUST00642,2023-02-02,199797,credit,internet_banking,MCC4611,1711054,0
TXN0000672,CUST00035,2023-06-11,412036,transfer,internet_banking,MCC2710,56251,0
TXN0000673,CUST00844,2023-06-24,299560,credit,atm,MCC6352,467026,0
TXN0000674,CUST00065,2023-04-08,433125,emi_payment,branch,MCC6967,1565706,0
TXN0000675,CUST00436,2023-08-09,254358,transfer,mobile_app,MCC4147,160466,0
TXN0000676,CUST00124,2023-11-11,242789,debit,branch,MCC8137,768793,0
TXN0000677,CUST00413,2023-11-19,474695,transfer,branch,MCC1574,732155,0
TXN0000678,CUST00430,2023-07-11,253770,emi_payment,branch,MCC2097,829534,0
TXN0000679,CUST00540,2023-11-23,67667,atm_withdrawal,branch,MCC6593,1744841,0
TXN0000680,CUST00830,2023-12-03,201086,atm_withdrawal,pos,MCC6196,650655,0
TXN0000681,CUST00997,2023-02-02,323869,debit,internet_banking,MCC7291,708872,0
TXN0000682,CUST00342,2023-08-20,172732,atm_withdrawal,branch,MCC8653,817691,0
TXN0000683,CUST00924,2023-10-10,205181,transfer,pos,MCC9369,785692,0
TXN0000684,CUST00428,2023-01-06,436461,emi_payment,pos,MCC5559,1908210,0
TXN0000685,CUST00119,2023-08-09,217627,credit,pos,MCC5511,535044,0
TXN0000686,CUST00601,2023-11-30,152506,emi_payment,atm,MCC9313,226999,0
TXN0000687,CUST00723,2023-04-08,54001,credit,mobile_app,MCC9646,843206,0
TXN0000688,CUST00303,2023-11-09,201484,transfer,pos,MCC1430,167153,0
TXN0000689,CUST00590,2023-12-07,383334,credit,mobile_app,MCC5551,1595024,0
TXN0000690,CUST00433,2023-08-20,150028,credit,branch,MCC9271,1784399,0
TXN0000691,CUST00146,2023-08-18,235368,transfer,branch,MCC1459,1661782,0
TXN0000692,CUST00387,2023-07-15,328390,atm_withdrawal,atm,MCC9793,1609745,0
TXN0000693,CUST00428,2023-05-30,463980,emi_payment,atm,MCC7740,842117,0
TXN0000694,CUST00342,2023-06-15,407127,emi_payment,atm,MCC2403,1396765,0
TXN0000695,CUST00916,2023-07-10,143172,credit,internet_banking,MCC6766,793721,0
TXN0000696,CUST00389,2023-06-25,82251,transfer,atm,MCC4878,1709052,0
TXN0000697,CUST00627,2023-10-29,335423,transfer,atm,MCC4009,390130,0
TXN0000698,CUST00012,2023-10-08,127445,emi_payment,mobile_app,MCC6586,281363,0
TXN0000699,CUST00314,2023-05-07,196289,debit,atm,MCC7616,1951203,0
TXN0000700,CUST00887,2023-07-07,52143,debit,mobile_app,MCC9038,721004,0
TXN0000701,CUST00893,2023-03-20,387208,transfer,branch,MCC4756,621990,0
TXN0000702,CUST00978,2023-03-06,80175,atm_withdrawal,internet_banking,MCC2435,1336878,0
TXN0000703,CUST00057,2023-05-15,190387,emi_payment,internet_banking,MCC8773,685285,0
TXN0000704,CUST00863,2023-01-22,203500,atm_withdrawal,internet_banking,MCC4005,1494782,0
TXN0000705,CUST00268,2023-11-08,21382,credit,pos,MCC7833,859712,0
TXN0000706,CUST00006,2023-02-16,387960,credit,pos,MCC8180,1567982,0
TXN0000707,CUST00093,2023-04-30,309310,emi_payment,atm,MCC1526,160867,0
TXN0000708,CUST00751,2023-04-02,270854,debit,atm,MCC4689,1455161,0
TXN0000709,CUST00592,2023-03-17,89069,atm_withdrawal,internet_banking,MCC1763,657075,0
TXN0000710,CUST00574,2023-05-15,26732,emi_payment,mobile_app,MCC6443,845874,0
TXN0000711,CUST00882,2023-09-20,27907,transfer,branch,MCC8153,1861169,0
TXN0000712,CUST00095,2023-11-22,312580,debit,branch,MCC6039,964481,0
TXN0000713,CUST00083,2023-03-10,373922,credit,internet_banking,MCC3914,148863,0
TXN0000714,CUST00933,2023-03-29,397672,atm_withdrawal,internet_banking,MCC9757,916787,0
TXN0000715,CUST00607,2023-06-21,400197,debit,mobile_app,MCC1770,480970,0
TXN0000716,CUST00777,2023-04-27,196794,debit,pos,MCC2273,949486,0
TXN0000717,CUST00525,2023-10-19,769,credit,internet_banking,MCC4295,435502,0
TXN0000718,CUST00146,2023-03-23,122581,credit,pos,MCC9535,1286089,0
TXN0000719,CUST00523,2023-05-27,393535,emi_payment,atm,MCC9049,470139,0
TXN0000720,CUST00965,2023-07-19,381992,debit,mobile_app,MCC6076,930716,0
TXN0000721,CUST00118,2023-05-20,253817,emi_payment,mobile_app,MCC9568,1909231,0
TXN0000722,CUST00127,2023-08-14,12050,emi_payment,branch,MCC9136,1275656,0
TXN0000723,CUST00347,2023-10-19,388379,credit,mobile_app,MCC6282,1417110,0
TXN0000724,CUST00455,2023-07-14,407813,transfer,pos,MCC2061,1544690,0
TXN0000725,CUST00629,2023-06-16,113569,emi_payment,pos,MCC9095,1839583,0
TXN0000726,CUST00159,2023-12-14,402149,atm_withdrawal,atm,MCC6772,1772267,0
TXN0000727,CUST00934,2023-12-25,319908,emi_payment,internet_banking,MCC2270,1715221,0
TXN0000728,CUST00151,2023-12-30,444004,atm_withdrawal,pos,MCC8560,682100,0
TXN0000729,CUST00201,2023-01-07,313282,debit,atm,MCC4588,1249492,0
TXN0000730,CUST00968,2023-11-02,44831,emi_payment,internet_banking,MCC8081,1636186,0
TXN0000731,CUST00377,2023-11-25,323521,emi_payment,pos,MCC3354,1119617,0
TXN0000732,CUST00573,2023-10-21,53968,credit,internet_banking,MCC1089,254362,0
TXN0000733,CUST00435,2023-10-01,129437,credit,branch,MCC5084,1018199,0
TXN0000734,CUST00260,2023-05-14,436389,debit,atm,MCC5069,432341,0
TXN0000735,CUST00507,2023-09-22,484056,atm_withdrawal,pos,MCC8772,1379066,0
TXN0000736,CUST00777,2023-07-31,237683,atm_withdrawal,mobile_app,MCC2038,1719277,0
TXN0000737,CUST00012,2023-10-31,145630,debit,internet_banking,MCC9216,1403649,0
TXN0000738,CUST00876,2023-05-09,196230,credit,pos,MCC2375,1101851,0
TXN0000739,CUST00185,2023-09-29,121159,transfer,branch,MCC9409,1198915,0
TXN0000740,CUST00918,2023-10-14,286689,atm_withdrawal,atm,MCC7355,1077056,0
TXN0000741,CUST00963,2023-11-01,210649,atm_withdrawal,atm,MCC4239,897882,0
TXN0000742,CUST00933,2023-03-04,29385,atm_withdrawal,internet_banking,MCC9608,453946,0
TXN0000743,CUST00651,2023-11-12,305062,atm_withdrawal,internet_banking,MCC4231,1350727,0
TXN0000744,CUST00906,2023-03-21,321893,emi_payment,branch,MCC6706,699002,0
TXN0000745,CUST00860,2023-12-09,333538,credit,mobile_app,MCC1145,313368,0
TXN0000746,CUST00639,2023-01-15,472547,emi_payment,atm,MCC1921,1600389,0
TXN0000747,CUST00892,2023-03-23,352063,transfer,mobile_app,MCC4179,1103067,0
TXN0000748,CUST00343,2023-08-11,337892,atm_withdrawal,pos,MCC3195,1040732,0
TXN0000749,CUST00835,2023-07-18,105894,transfer,atm,MCC3046,1038599,0
TXN0000750,CUST00926,2023-09-09,232321,emi_payment,internet_banking,MCC4409,155586,0
TXN0000751,CUST00636,2023-05-28,217302,debit,mobile_app,MCC6476,1069349,0
TXN0000752,CUST00123,2023-01-02,480444,emi_payment,atm,MCC2128,1087216,0
TXN0000753,CUST00215,2023-08-14,237232,transfer,branch,MCC7767,1021637,0
TXN0000754,CUST00169,2023-07-06,344289,transfer,mobile_app,MCC8630,14000,0
TXN0000755,CUST00534,2023-07-05,270369,emi_payment,branch,MCC8520,1500526,0
TXN0000756,CUST00434,2023-05-18,28574,transfer,pos,MCC2750,1228118,0
TXN0000757,CUST00828,2023-11-22,467818,debit,atm,MCC8923,1514985,0
TXN0000758,CUST00284,2023-10-17,335056,credit,atm,MCC2165,1007698,0
TXN0000759,CUST00166,2023-03-08,115273,atm_withdrawal,branch,MCC1962,659165,0
TXN0000760,CUST00616,2023-01-15,29941,atm_withdrawal,mobile_app,MCC7530,1666381,1
TXN0000761,CUST00139,2023-03-08,468419,emi_payment,pos,MCC7842,701505,0
TXN0000762,CUST00906,2023-01-18,153684,emi_payment,atm,MCC2141,906533,0
TXN0000763,CUST00082,2023-09-16,8662,credit,branch,MCC4740,32972,0
TXN0000764,CUST00492,2023-08-15,307880,emi_payment,atm,MCC4692,325628,0
TXN0000765,CUST00949,2023-06-18,8290,transfer,internet_banking,MCC7503,226592,0
TXN0000766,CUST00554,2023-08-04,107886,debit,atm,MCC5639,847014,0
TXN0000767,CUST00809,2023-10-23,446721,atm_withdrawal,pos,MCC6406,524650,0
TXN0000768,CUST00424,2023-10-31,19190,atm_withdrawal,internet_banking,MCC1721,664901,0
TXN0000769,CUST00755,2023-06-08,376113,debit,mobile_app,MCC9791,1531420,0
TXN0000770,CUST00708,2023-08-05,309015,transfer,atm,MCC6001,1365984,0
TXN0000771,CUST00514,2023-07-30,153046,emi_payment,pos,MCC7016,1595778,0
TXN0000772,CUST00101,2023-12-13,143000,emi_payment,pos,MCC5320,1631727,0
TXN0000773,CUST00971,2023-10-05,237484,debit,pos,MCC3216,496030,0
TXN0000774,CUST00049,2023-04-25,266528,debit,internet_banking,MCC7015,1231216,0
TXN0000775,CUST00357,2023-11-20,445178,atm_withdrawal,pos,MCC3595,1739510,0
TXN0000776,CUST00642,2023-05-26,130646,atm_withdrawal,internet_banking,MCC2972,609558,0
TXN0000777,CUST00770,2023-10-04,295160,emi_payment,branch,MCC5971,751395,0
TXN0000778,CUST00535,2023-12-23,343245,emi_payment,pos,MCC4209,1062894,0
TXN0000779,CUST00402,2023-10-23,6414,emi_payment,pos,MCC9048,1596103,0
TXN0000780,CUST00408,2023-02-09,447861,transfer,atm,MCC6936,294527,0
TXN0000781,CUST00976,2023-03-17,495986,emi_payment,branch,MCC4360,933707,0
TXN0000782,CUST00334,2023-10-18,43373,credit,branch,MCC1320,484741,0
TXN0000783,CUST00855,2023-02-15,131023,debit,pos,MCC4069,1425201,0
TXN0000784,CUST00052,2023-01-05,393180,credit,pos,MCC2042,483834,0
TXN0000785,CUST00660,2023-04-05,404627,credit,internet_banking,MCC2972,712626,0
TXN0000786,CUST00681,2023-06-27,78131,credit,mobile_app,MCC3551,692765,0
TXN0000787,CUST00676,2023-02-16,458738,transfer,pos,MCC6872,141213,0
TXN0000788,CUST00422,2023-02-25,164771,debit,pos,MCC1957,1336219,0
TXN0000789,CUST00691,2023-05-04,146848,transfer,mobile_app,MCC2457,508103,0
TXN0000790,CUST00446,2023-08-07,178746,transfer,branch,MCC1355,981657,0
TXN0000791,CUST00594,2023-07-18,335807,debit,branch,MCC9252,1394178,0
TXN0000792,CUST00894,2023-10-19,103234,transfer,mobile_app,MCC9885,1573742,0
TXN0000793,CUST00673,2023-12-24,271477,emi_payment,atm,MCC3683,1835913,0
TXN0000794,CUST00738,2023-01-13,37709,transfer,pos,MCC5101,252198,0
TXN0000795,CUST00969,2023-09-09,73550,debit,internet_banking,MCC3710,1256583,0
TXN0000796,CUST00220,2023-03-01,384266,emi_payment,atm,MCC5802,656627,1
TXN0000797,CUST00588,2023-05-12,191898,transfer,mobile_app,MCC5960,1537906,0
TXN0000798,CUST00658,2023-05-06,396834,transfer,internet_banking,MCC3293,777488,0
TXN0000799,CUST00696,2023-09-13,368867,debit,branch,MCC6803,28246,0
TXN0000800,CUST00133,2023-04-04,498416,debit,pos,MCC1069,1712033,0
TXN0000801,CUST00761,2023-11-23,68871,debit,pos,MCC6798,1520126,0
TXN0000802,CUST00195,2023-05-20,467308,atm_withdrawal,pos,MCC7755,660842,0
TXN0000803,CUST00410,2023-10-25,446009,credit,pos,MCC1476,1671075,0
TXN0000804,CUST00715,2023-12-14,217377,transfer,pos,MCC7513,820877,0
TXN0000805,CUST00264,2023-07-06,67730,emi_payment,internet_banking,MCC7636,825302,0
TXN0000806,CUST00126,2023-02-06,66780,emi_payment,mobile_app,MCC9751,599833,0
TXN0000807,CUST00676,2023-09-14,255448,debit,pos,MCC8254,987782,0
TXN0000808,CUST00281,2023-06-04,5448,atm_withdrawal,mobile_app,MCC1189,1988972,0
TXN0000809,CUST00827,2023-05-04,47931,credit,branch,MCC1735,104746,0
TXN0000810,CUST00899,2023-06-16,265805,emi_payment,atm,MCC2233,1186697,0
TXN0000811,CUST00350,2023-04-20,281634,atm_withdrawal,mobile_app,MCC6234,349271,0
TXN0000812,CUST00739,2023-04-13,430297,transfer,pos,MCC7408,247632,0
TXN0000813,CUST00225,2023-12-28,487220,debit,internet_banking,MCC6921,112954,1
TXN0000814,CUST00930,2023-04-12,134025,transfer,internet_banking,MCC3970,546494,0
TXN0000815,CUST00246,2023-06-17,165196,credit,internet_banking,MCC2807,1462736,0
TXN0000816,CUST00882,2023-09-18,99550,atm_withdrawal,branch,MCC1573,1472422,0
TXN0000817,CUST00787,2023-03-22,112383,emi_payment,branch,MCC4365,1599728,0
TXN0000818,CUST00313,2023-08-14,219532,atm_withdrawal,mobile_app,MCC3708,290716,0
TXN0000819,CUST00825,2023-11-23,496562,atm_withdrawal,mobile_app,MCC3732,217333,0
TXN0000820,CUST00633,2023-10-24,446777,debit,branch,MCC1789,1964135,0
TXN0000821,CUST00670,2023-01-11,456541,debit,internet_banking,MCC3620,1843192,0
TXN0000822,CUST00379,2023-05-28,225891,emi_payment,atm,MCC8537,1400081,0
TXN0000823,CUST00235,2023-01-01,328687,emi_payment,pos,MCC3167,1679053,0
TXN0000824,CUST00698,2023-08-10,361384,atm_withdrawal,mobile_app,MCC8891,1608775,0
TXN0000825,CUST00053,2023-04-29,121641,emi_payment,mobile_app,MCC1778,1152569,0
TXN0000826,CUST00349,2023-11-23,231316,atm_withdrawal,atm,MCC6731,951358,0
TXN0000827,CUST00142,2023-03-06,275138,credit,mobile_app,MCC1970,1956576,0
TXN0000828,CUST00002,2023-11-07,186542,debit,atm,MCC4469,1352551,0
TXN0000829,CUST00008,2023-05-05,236603,debit,branch,MCC9582,1764935,0
TXN0000830,CUST00094,2023-12-02,220511,transfer,branch,MCC7918,414314,0
TXN0000831,CUST00940,2023-03-14,30665,debit,atm,MCC5622,445283,0
TXN0000832,CUST00772,2023-04-09,384223,transfer,pos,MCC6683,1259486,0
TXN0000833,CUST00990,2023-05-09,450210,transfer,mobile_app,MCC6942,1908071,0
TXN0000834,CUST00085,2023-12-26,377227,credit,mobile_app,MCC8127,1241147,0
TXN0000835,CUST00998,2023-09-25,466842,transfer,atm,MCC6335,885918,0
TXN0000836,CUST00600,2023-10-25,215935,emi_payment,mobile_app,MCC5597,49695,0
TXN0000837,CUST00795,2023-07-21,28013,debit,branch,MCC1681,309731,0
TXN0000838,CUST00858,2023-10-18,133881,transfer,branch,MCC9624,461672,0
TXN0000839,CUST00263,2023-08-17,427014,atm_withdrawal,internet_banking,MCC6094,400179,0
TXN0000840,CUST00742,2023-09-01,69649,credit,branch,MCC3610,1404652,0
TXN0000841,CUST00648,2023-11-02,273613,emi_payment,mobile_app,MCC2213,1368389,0
TXN0000842,CUST00414,2023-12-25,784,credit,internet_banking,MCC6437,759281,0
TXN0000843,CUST00492,2023-07-30,161959,credit,mobile_app,MCC8041,1975116,0
TXN0000844,CUST00209,2023-06-11,56717,atm_withdrawal,pos,MCC8271,787276,0
TXN0000845,CUST00186,2023-08-27,56793,credit,pos,MCC8972,890543,0
TXN0000846,CUST00923,2023-09-28,82411,atm_withdrawal,internet_banking,MCC9043,1052448,0
TXN0000847,CUST00732,2023-12-27,269176,emi_payment,mobile_app,MCC6606,1146269,0
TXN0000848,CUST00567,2023-09-13,344999,atm_withdrawal,internet_banking,MCC9519,382284,0
TXN0000849,CUST00695,2023-12-15,144154,atm_withdrawal,pos,MCC1667,600479,0
TXN0000850,CUST00406,2023-09-25,408976,atm_withdrawal,pos,MCC4554,1376182,0
TXN0000851,CUST00250,2023-12-14,196047,transfer,atm,MCC5353,1690915,0
TXN0000852,CUST00943,2023-10-02,368499,atm_withdrawal,pos,MCC7293,846946,0
TXN0000853,CUST00990,2023-11-20,264895,debit,mobile_app,MCC3692,230311,0
TXN0000854,CUST00216,2023-03-11,361644,transfer,branch,MCC3611,1703091,0
TXN0000855,CUST00802,2023-12-29,489355,credit,atm,MCC9128,1164494,0
TXN0000856,CUST00443,2023-05-08,497160,debit,mobile_app,MCC6843,872503,0
TXN0000857,CUST00708,2023-10-19,293635,atm_withdrawal,branch,MCC6714,1172440,0
TXN0000858,CUST00109,2023-05-24,481302,atm_withdrawal,internet_banking,MCC2657,1645662,0
TXN0000859,CUST00480,2023-06-17,350730,emi_payment,mobile_app,MCC5502,2279,0
TXN0000860,CUST00125,2023-10-01,134496,emi_payment,internet_banking,MCC4792,720265,0
TXN0000861,CUST00815,2023-07-17,467645,emi_payment,pos,MCC6583,1881124,0
TXN0000862,CUST00399,2023-09-19,72635,credit,branch,MCC9281,601563,0
TXN0000863,CUST00264,2023-01-29,234156,emi_payment,mobile_app,MCC3505,1948684,0
TXN0000864,CUST00700,2023-11-01,76733,atm_withdrawal,atm,MCC8297,562882,0
TXN0000865,CUST00955,2023-05-30,392221,credit,branch,MCC6702,934946,0
TXN0000866,CUST00339,2023-10-15,447813,credit,internet_banking,MCC5468,139956,0
TXN0000867,CUST00718,2023-04-15,409406,debit,internet_banking,MCC9549,1451283,0
TXN0000868,CUST00690,2023-08-06,51263,atm_withdrawal,branch,MCC2321,478898,0
TXN0000869,CUST00490,2023-08-03,135473,transfer,pos,MCC7104,1697423,0
TXN0000870,CUST00806,2023-02-21,170138,transfer,atm,MCC4586,259573,1
TXN0000871,CUST00128,2023-06-23,57908,credit,branch,MCC7137,233409,0
TXN0000872,CUST00878,2023-08-20,265220,debit,internet_banking,MCC2247,938532,0
TXN0000873,CUST00405,2023-11-02,17105,atm_withdrawal,mobile_app,MCC7625,169237,0
TXN0000874,CUST00045,2023-11-20,306763,atm_withdrawal,mobile_app,MCC1616,658400,0
TXN0000875,CUST00990,2023-05-21,287392,credit,mobile_app,MCC4139,1378619,0
TXN0000876,CUST00774,2023-08-23,297906,emi_payment,pos,MCC9157,1009579,0
TXN0000877,CUST00817,2023-03-05,456424,transfer,branch,MCC6693,1118984,0
TXN0000878,CUST00148,2023-11-23,393225,emi_payment,mobile_app,MCC5422,181436,0
TXN0000879,CUST00751,2023-11-13,129920,debit,pos,MCC3978,1358787,0
TXN0000880,CUST00699,2023-12-31,285889,emi_payment,mobile_app,MCC1804,182394,0
TXN0000881,CUST00903,2023-06-27,401248,debit,atm,MCC2000,1143993,0
TXN0000882,CUST00372,2023-05-12,425538,credit,mobile_app,MCC7449,1581536,0
TXN0000883,CUST00928,2023-10-04,321628,credit,branch,MCC3467,1452783,0
TXN0000884,CUST00708,2023-09-22,42406,credit,branch,MCC1667,705804,0
TXN0000885,CUST00254,2023-03-19,217369,atm_withdrawal,pos,MCC4943,309818,0
TXN0000886,CUST00214,2023-07-17,429496,debit,atm,MCC4565,1661277,0
TXN0000887,CUST00904,2023-08-23,37022,atm_withdrawal,branch,MCC9620,431236,0
TXN0000888,CUST00645,2023-06-16,295042,debit,branch,MCC3072,991375,0
TXN0000889,CUST00119,2023-05-16,270356,atm_withdrawal,atm,MCC3407,474046,0
TXN0000890,CUST00126,2023-03-29,111543,credit,branch,MCC2481,59572,0
TXN0000891,CUST00828,2023-05-31,172112,atm_withdrawal,atm,MCC2693,833040,0
TXN0000892,CUST00170,2023-03-31,488873,transfer,branch,MCC5801,1100628,0
TXN0000893,CUST00219,2023-04-20,297858,transfer,pos,MCC3006,1519120,0
TXN0000894,CUST00615,2023-03-09,469873,debit,mobile_app,MCC7476,1451580,0
TXN0000895,CUST00864,2023-05-18,235712,transfer,atm,MCC8356,1662793,0
TXN0000896,CUST00337,2023-08-19,422878,transfer,pos,MCC5384,1627866,0
TXN0000897,CUST00666,2023-05-18,309958,atm_withdrawal,atm,MCC3154,802593,0
TXN0000898,CUST00704,2023-02-21,455806,credit,pos,MCC8386,682311,0
TXN0000899,CUST00601,2023-10-20,163440,debit,branch,MCC9696,1204099,0
TXN0000900,CUST00686,2023-06-07,191132,credit,branch,MCC9255,959275,0
TXN0000901,CUST00228,2023-08-02,20315,credit,mobile_app,MCC9279,590356,0
TXN0000902,CUST00622,2023-07-11,113979,atm_withdrawal,internet_banking,MCC8263,63592,0
TXN0000903,CUST00004,2023-07-04,69340,debit,mobile_app,MCC7643,951553,0
TXN0000904,CUST00731,2023-06-09,91533,atm_withdrawal,atm,MCC9607,938611,0
TXN0000905,CUST00793,2023-10-03,154259,debit,atm,MCC4054,1881821,0
TXN0000906,CUST00794,2023-11-09,436892,atm_withdrawal,mobile_app,MCC9360,1625038,0
TXN0000907,CUST00030,2023-11-26,189328,transfer,pos,MCC1184,538571,0
TXN0000908,CUST00912,2023-06-11,413333,debit,internet_banking,MCC8491,220708,0
TXN0000909,CUST00435,2023-05-05,407352,emi_payment,atm,MCC4006,1575887,0
TXN0000910,CUST00081,2023-01-31,490471,emi_payment,pos,MCC3633,974449,0
TXN0000911,CUST00535,2023-06-11,254359,atm_withdrawal,pos,MCC7077,84388,0
TXN0000912,CUST00572,2023-12-29,424141,debit,mobile_app,MCC2568,1507631,0
TXN0000913,CUST00403,2023-04-05,209771,emi_payment,mobile_app,MCC9943,690485,0
TXN0000914,CUST00749,2023-11-05,316219,transfer,mobile_app,MCC7542,342287,0
TXN0000915,CUST00544,2023-10-04,405482,transfer,pos,MCC1172,1317562,0
TXN0000916,CUST00217,2023-08-29,71226,atm_withdrawal,branch,MCC8608,1570401,0
TXN0000917,CUST00621,2023-07-26,28857,transfer,mobile_app,MCC1971,1552001,0
TXN0000918,CUST00264,2023-10-04,82507,credit,branch,MCC8407,548533,0
TXN0000919,CUST00119,2023-02-05,360582,transfer,branch,MCC8314,1184370,0
TXN0000920,CUST00267,2023-02-16,236902,atm_withdrawal,branch,MCC6791,931668,0
TXN0000921,CUST00906,2023-03-13,140072,atm_withdrawal,atm,MCC6403,1738444,0
TXN0000922,CUST00573,2023-10-07,383920,emi_payment,mobile_app,MCC8467,379472,0
TXN0000923,CUST00318,2023-06-07,7641,debit,internet_banking,MCC8653,1641571,0
TXN0000924,CUST00367,2023-03-17,86720,credit,atm,MCC7363,692646,0
TXN0000925,CUST00860,2023-01-17,234974,debit,pos,MCC2537,1235010,0
TXN0000926,CUST00667,2023-06-28,457767,debit,internet_banking,MCC6987,1004349,0
TXN0000927,CUST00774,2023-05-26,374523,atm_withdrawal,branch,MCC2812,696245,0
TXN0000928,CUST00611,2023-03-06,341926,atm_withdrawal,pos,MCC1419,462907,0
TXN0000929,CUST00993,2023-01-09,355468,debit,atm,MCC2365,727421,0
TXN0000930,CUST00658,2023-10-03,156223,transfer,internet_banking,MCC5143,1214831,0
TXN0000931,CUST00401,2023-10-12,223986,credit,branch,MCC9672,1230193,0
TXN0000932,CUST00253,2023-03-31,442891,debit,mobile_app,MCC1304,1246548,0
TXN0000933,CUST00047,2023-06-30,364816,credit,branch,MCC1667,1313103,0
TXN0000934,CUST00768,2023-04-03,299355,debit,branch,MCC1831,102287,0
TXN0000935,CUST00933,2023-05-30,41552,emi_payment,mobile_app,MCC2714,789173,0
TXN0000936,CUST00665,2023-02-09,366605,atm_withdrawal,internet_banking,MCC5868,629995,0
TXN0000937,CUST00488,2023-12-12,182916,transfer,pos,MCC8391,795034,0
TXN0000938,CUST00131,2023-09-21,192782,credit,atm,MCC1427,764530,0
TXN0000939,CUST00644,2023-11-25,336984,transfer,branch,MCC8239,353559,0
TXN0000940,CUST00201,2023-04-18,196835,atm_withdrawal,internet_banking,MCC9218,1929752,0
TXN0000941,CUST00623,2023-11-15,286487,debit,mobile_app,MCC1714,575,0
TXN0000942,CUST00301,2023-07-09,6407,emi_payment,branch,MCC5052,1191167,0
TXN0000943,CUST00866,2023-03-14,92588,debit,branch,MCC8331,922983,0
TXN0000944,CUST00937,2023-05-02,268997,credit,mobile_app,MCC7298,1406861,0
TXN0000945,CUST00235,2023-10-24,478864,transfer,pos,MCC2665,1661682,0
TXN0000946,CUST00327,2023-10-10,380422,credit,branch,MCC2330,1297742,0
TXN0000947,CUST00923,2023-09-20,208843,debit,mobile_app,MCC5011,1533082,0
TXN0000948,CUST00020,2023-03-24,484415,emi_payment,mobile_app,MCC8627,547718,0
TXN0000949,CUST00517,2023-08-25,137778,emi_payment,pos,MCC9536,1987880,0
TXN0000950,CUST00142,2023-12-10,446124,transfer,internet_banking,MCC5302,174540,1
TXN0000951,CUST00433,2023-01-18,201775,transfer,internet_banking,MCC5765,1338811,0
TXN0000952,CUST00033,2023-04-28,43586,debit,mobile_app,MCC6028,293146,0
TXN0000953,CUST00141,2023-01-30,1337,emi_payment,pos,MCC5410,467825,0
TXN0000954,CUST00403,2023-02-07,490262,credit,pos,MCC6835,1650524,0
TXN0000955,CUST00061,2023-12-31,321135,credit,internet_banking,MCC3463,1354697,0
TXN0000956,CUST00798,2023-03-29,74825,atm_withdrawal,atm,MCC5858,1266954,0
TXN0000957,CUST00579,2023-03-07,495991,emi_payment,branch,MCC6515,1656957,0
TXN0000958,CUST00451,2023-01-27,20653,emi_payment,mobile_app,MCC6068,556879,0
TXN0000959,CUST00473,2023-12-25,167410,credit,atm,MCC9773,1281994,0
TXN0000960,CUST00839,2023-06-21,374490,transfer,mobile_app,MCC7699,403848,0
TXN0000961,CUST00846,2023-10-16,26711,debit,pos,MCC7607,963448,0
TXN0000962,CUST00048,2023-04-02,452952,credit,mobile_app,MCC8257,809707,0
TXN0000963,CUST00686,2023-08-22,339047,atm_withdrawal,internet_banking,MCC5748,1237024,0
TXN0000964,CUST00470,2023-11-20,474896,transfer,internet_banking,MCC3755,129919,0
TXN0000965,CUST00783,2023-09-02,418642,emi_payment,internet_banking,MCC5821,51605,0
TXN0000966,CUST00788,2023-07-08,412505,emi_payment,branch,MCC9297,63253,0
TXN0000967,CUST00709,2023-03-18,113827,atm_withdrawal,atm,MCC8912,530225,0
TXN0000968,CUST00675,2023-03-27,102532,debit,internet_banking,MCC4184,1152170,0
TXN0000969,CUST00212,2023-08-06,121165,transfer,branch,MCC5347,315474,0
TXN0000970,CUST00853,2023-06-14,77086,atm_withdrawal,pos,MCC3450,1982498,0
TXN0000971,CUST00701,2023-01-17,332183,debit,branch,MCC1109,826830,0
TXN0000972,CUST00274,2023-03-13,29578,atm_withdrawal,atm,MCC3802,606391,0
TXN0000973,CUST00233,2023-06-07,214292,transfer,internet_banking,MCC1909,1786073,0
TXN0000974,CUST00501,2023-03-07,291026,credit,mobile_app,MCC4226,350421,0
TXN0000975,CUST00343,2023-07-22,269504,emi_payment,internet_banking,MCC1483,375898,0
TXN0000976,CUST00677,2023-04-20,243661,atm_withdrawal,mobile_app,MCC3852,761578,0
TXN0000977,CUST00407,2023-04-17,111620,debit,pos,MCC7428,141969,0
TXN0000978,CUST00169,2023-02-09,54730,emi_payment,mobile_app,MCC8592,1362802,0
TXN0000979,CUST00396,2023-07-03,494138,atm_withdrawal,pos,MCC8986,1553843,0
TXN0000980,CUST00816,2023-03-10,232467,emi_payment,mobile_app,MCC6049,707170,0
TXN0000981,CUST00831,2023-08-19,297499,transfer,mobile_app,MCC5916,1735806,0
TXN0000982,CUST00312,2023-12-09,283705,debit,branch,MCC9707,14654,0
TXN0000983,CUST00796,2023-11-29,184527,transfer,mobile_app,MCC5999,1062789,0
TXN0000984,CUST00094,2023-09-01,361505,atm_withdrawal,mobile_app,MCC1755,1460026,0
TXN0000985,CUST00985,2023-10-22,188168,emi_payment,atm,MCC9422,753133,0
TXN0000986,CUST00766,2023-12-03,207157,transfer,mobile_app,MCC6525,1893253,0
TXN0000987,CUST00041,2023-09-06,401754,credit,branch,MCC6999,861069,0
TXN0000988,CUST00706,2023-04-04,159244,atm_withdrawal,mobile_app,MCC1864,1836098,0
TXN0000989,CUST00495,2023-07-02,349775,atm_withdrawal,mobile_app,MCC5226,1317983,1
TXN0000990,CUST00884,2023-11-09,332873,credit,atm,MCC5129,461642,0
TXN0000991,CUST00240,2023-09-01,15394,atm_withdrawal,internet_banking,MCC8331,1662502,0
TXN0000992,CUST00893,2023-05-13,342143,credit,mobile_app,MCC4444,61522,0
TXN0000993,CUST00871,2023-03-03,400696,atm_withdrawal,atm,MCC4087,378880,0
TXN0000994,CUST00279,2023-02-22,135287,atm_withdrawal,pos,MCC7126,1559668,0
TXN0000995,CUST00433,2023-05-18,457197,emi_payment,branch,MCC1140,1804516,0
TXN0000996,CUST00642,2023-10-21,10009,transfer,internet_banking,MCC7708,776091,0
TXN0000997,CUST00241,2023-07-21,89946,credit,pos,MCC1066,1314780,0
TXN0000998,CUST01000,2023-01-22,472850,debit,internet_banking,MCC3142,1394922,0
TXN0000999,CUST00191,2023-12-02,427768,debit,atm,MCC5476,1476581,1
TXN0001000,CUST00244,2023-05-28,377667,atm_withdrawal,branch,MCC2743,1811351,0
TXN0001001,CUST00501,2023-05-23,302015,emi_payment,atm,MCC1318,173824,0
TXN0001002,CUST00473,2023-10-27,100632,credit,branch,MCC4775,385152,0
TXN0001003,CUST00051,2023-05-18,244651,transfer,branch,MCC7363,1836689,1
TXN0001004,CUST00911,2023-08-14,282876,atm_withdrawal,branch,MCC3177,1089155,0
TXN0001005,CUST00241,2023-12-03,44928,emi_payment,internet_banking,MCC3466,1056389,0
TXN0001006,CUST00104,2023-07-09,297514,atm_withdrawal,branch,MCC7088,805866,0
TXN0001007,CUST00520,2023-08-13,44701,debit,mobile_app,MCC9527,724214,0
TXN0001008,CUST00929,2023-05-10,63081,debit,internet_banking,MCC5658,489628,0
TXN0001009,CUST00003,2023-11-22,85092,emi_payment,mobile_app,MCC6030,797874,0
TXN0001010,CUST00489,2023-01-28,95909,transfer,internet_banking,MCC8441,146730,0
TXN0001011,CUST00911,2023-04-11,41119,emi_payment,internet_banking,MCC1594,586068,0
TXN0001012,CUST00894,2023-12-28,478357,atm_withdrawal,mobile_app,MCC9830,1987133,0
TXN0001013,CUST00171,2023-06-26,401314,debit,internet_banking,MCC5282,325944,0
TXN0001014,CUST00622,2023-03-05,254054,atm_withdrawal,atm,MCC4402,1464437,0
TXN0001015,CUST00836,2023-06-01,184381,debit,pos,MCC6561,69317,0
TXN0001016,CUST00672,2023-04-04,95801,transfer,atm,MCC9207,1467642,0
TXN0001017,CUST00658,2023-07-11,474509,atm_withdrawal,atm,MCC9432,528816,0
TXN0001018,CUST00773,2023-03-28,398807,emi_payment,atm,MCC7993,1404742,0
TXN0001019,CUST00454,2023-05-26,376014,credit,pos,MCC5351,993223,0
TXN0001020,CUST00068,2023-11-28,235339,emi_payment,pos,MCC2341,1551252,0
TXN0001021,CUST00640,2023-01-31,13821,atm_withdrawal,mobile_app,MCC2712,1333521,0
TXN0001022,CUST00628,2023-10-06,319242,credit,branch,MCC8522,1116131,0
TXN0001023,CUST00852,2023-01-29,243821,atm_withdrawal,pos,MCC2125,1466693,0
TXN0001024,CUST00924,2023-06-16,148821,emi_payment,pos,MCC5333,1931767,1
TXN0001025,CUST00338,2023-09-01,157616,debit,branch,MCC4668,1191208,0
TXN0001026,CUST00957,2023-12-15,29046,credit,branch,MCC7381,347742,1
TXN0001027,CUST00010,2023-04-02,435854,atm_withdrawal,mobile_app,MCC4088,232124,0
TXN0001028,CUST00969,2023-01-20,82555,credit,branch,MCC7322,1095214,0
TXN0001029,CUST00138,2023-10-02,406581,atm_withdrawal,branch,MCC5572,863097,0
TXN0001030,CUST00646,2023-11-23,486521,transfer,atm,MCC8972,1217109,0
TXN0001031,CUST00684,2023-07-26,23085,credit,branch,MCC2681,1334811,0
TXN0001032,CUST00634,2023-01-23,311831,atm_withdrawal,internet_banking,MCC7849,373917,0
TXN0001033,CUST00991,2023-07-02,33462,emi_payment,pos,MCC7493,1486351,0
TXN0001034,CUST00553,2023-05-23,415559,credit,internet_banking,MCC8420,1982664,0
TXN0001035,CUST00132,2023-06-14,253639,emi_payment,internet_banking,MCC5411,649013,0
TXN0001036,CUST00608,2023-01-20,10857,credit,branch,MCC3887,1857473,1
TXN0001037,CUST00291,2023-04-26,386207,atm_withdrawal,internet_banking,MCC5653,1856882,0
TXN0001038,CUST00613,2023-12-31,382754,debit,mobile_app,MCC9757,837104,0
TXN0001039,CUST00381,2023-01-17,462468,emi_payment,atm,MCC2754,1590763,0
TXN0001040,CUST00043,2023-11-30,242527,debit,internet_banking,MCC6953,1864758,0
TXN0001041,CUST00638,2023-07-08,466500,emi_payment,pos,MCC3018,1703461,0
TXN0001042,CUST00089,2023-08-02,332687,atm_withdrawal,atm,MCC7962,777223,0
TXN0001043,CUST00328,2023-12-07,263041,emi_payment,branch,MCC4811,1333089,0
TXN0001044,CUST00620,2023-03-21,179166,transfer,branch,MCC8729,1185131,0
TXN0001045,CUST00882,2023-12-26,146581,atm_withdrawal,pos,MCC2470,827520,0
TXN0001046,CUST00315,2023-04-12,310472,debit,mobile_app,MCC2113,1279012,1
TXN0001047,CUST00299,2023-05-08,369793,transfer,internet_banking,MCC9555,1868337,0
TXN0001048,CUST00302,2023-06-14,17906,atm_withdrawal,mobile_app,MCC4027,52035,0
TXN0001049,CUST00576,2023-08-08,206018,credit,mobile_app,MCC1763,1802890,0
TXN0001050,CUST00194,2023-04-28,22889,debit,pos,MCC8522,736110,0
TXN0001051,CUST00528,2023-10-17,198390,transfer,mobile_app,MCC4725,1656950,0
TXN0001052,CUST00802,2023-01-08,399438,transfer,pos,MCC9296,215674,0
TXN0001053,CUST00081,2023-09-01,345417,atm_withdrawal,atm,MCC4939,1782254,0
TXN0001054,CUST00965,2023-08-28,62320,atm_withdrawal,atm,MCC7804,896073,0
TXN0001055,CUST00532,2023-07-15,358458,credit,atm,MCC6208,1833221,0
TXN0001056,CUST00628,2023-08-12,7090,emi_payment,mobile_app,MCC5340,855520,0
TXN0001057,CUST00618,2023-09-30,6293,debit,mobile_app,MCC5373,1492714,0
TXN0001058,CUST00946,2023-11-27,456236,debit,internet_banking,MCC3259,1192238,0
TXN0001059,CUST00665,2023-03-21,16459,emi_payment,atm,MCC7628,400672,0
TXN0001060,CUST00884,2023-06-24,132839,emi_payment,internet_banking,MCC5724,498704,0
TXN0001061,CUST00286,2023-07-25,66053,atm_withdrawal,mobile_app,MCC1013,1077094,0
TXN0001062,CUST00218,2023-05-06,291232,emi_payment,atm,MCC4575,973526,0
TXN0001063,CUST00644,2023-12-22,261184,debit,atm,MCC4653,1231987,0
TXN0001064,CUST00154,2023-07-06,419474,emi_payment,branch,MCC8969,1613660,0
TXN0001065,CUST00112,2023-08-05,493546,transfer,branch,MCC4841,1546746,0
TXN0001066,CUST00212,2023-03-13,372978,credit,atm,MCC6104,117202,0
TXN0001067,CUST00271,2023-06-01,233406,credit,atm,MCC1745,990294,0
TXN0001068,CUST00097,2023-08-17,23409,atm_withdrawal,internet_banking,MCC4528,296499,0
TXN0001069,CUST00729,2023-06-06,461217,debit,mobile_app,MCC3556,1025742,0
TXN0001070,CUST00583,2023-10-09,280518,transfer,pos,MCC5485,1071878,0
TXN0001071,CUST00201,2023-02-19,108812,debit,mobile_app,MCC9086,1991130,0
TXN0001072,CUST00283,2023-02-26,270944,emi_payment,branch,MCC9401,776736,0
TXN0001073,CUST00930,2023-05-04,195954,debit,pos,MCC3582,904410,0
TXN0001074,CUST00913,2023-04-27,175105,atm_withdrawal,branch,MCC6518,1022986,0
TXN0001075,CUST00124,2023-10-25,226718,atm_withdrawal,pos,MCC9588,260019,0
TXN0001076,CUST00614,2023-11-13,376806,atm_withdrawal,branch,MCC3060,119827,0
TXN0001077,CUST00324,2023-06-22,81992,credit,atm,MCC4943,1419367,0
TXN0001078,CUST00360,2023-07-04,482006,emi_payment,branch,MCC5500,601240,0
TXN0001079,CUST00600,2023-04-18,31304,debit,internet_banking,MCC1029,725083,0
TXN0001080,CUST00985,2023-07-14,73678,credit,pos,MCC5190,1984442,0
TXN0001081,CUST00583,2023-09-15,338140,debit,branch,MCC2091,497077,0
TXN0001082,CUST00954,2023-09-21,72697,debit,branch,MCC3793,1808296,0
TXN0001083,CUST00821,2023-12-20,388848,credit,atm,MCC2039,1256923,0
TXN0001084,CUST00779,2023-07-30,367394,transfer,pos,MCC7625,530277,0
TXN0001085,CUST00791,2023-05-05,215000,atm_withdrawal,pos,MCC8512,1908735,0
TXN0001086,CUST00792,2023-01-26,227262,debit,internet_banking,MCC3414,1244502,0
TXN0001087,CUST00256,2023-09-09,499987,transfer,internet_banking,MCC1363,625617,0
TXN0001088,CUST00978,2023-10-21,397629,emi_payment,internet_banking,MCC5432,902712,0
TXN0001089,CUST00919,2023-07-21,316048,credit,internet_banking,MCC2032,744542,0
TXN0001090,CUST00601,2023-12-03,70624,emi_payment,internet_banking,MCC4968,1690930,0
TXN0001091,CUST00712,2023-04-26,294875,transfer,branch,MCC5895,930980,0
TXN0001092,CUST00881,2023-01-20,20024,transfer,mobile_app,MCC5201,73662,0
TXN0001093,CUST00153,2023-08-20,125982,debit,branch,MCC5697,1375988,0
TXN0001094,CUST00065,2023-02-14,348997,debit,pos,MCC6100,1513869,0
TXN0001095,CUST00996,2023-01-31,203873,atm_withdrawal,branch,MCC2472,791897,0
TXN0001096,CUST00555,2023-09-14,497356,atm_withdrawal,mobile_app,MCC7148,1843723,0
TXN0001097,CUST00723,2023-06-08,469688,transfer,internet_banking,MCC7015,850179,0
TXN0001098,CUST00503,2023-08-09,47489,transfer,internet_banking,MCC2286,528253,0
TXN0001099,CUST00518,2023-09-30,441727,transfer,branch,MCC4903,1401810,0
TXN0001100,CUST00038,2023-05-20,432182,transfer,internet_banking,MCC3594,255370,0
TXN0001101,CUST00290,2023-08-12,53156,emi_payment,internet_banking,MCC4575,1970270,0
TXN0001102,CUST00087,2023-07-16,192706,transfer,atm,MCC7954,1366715,0
TXN0001103,CUST00433,2023-07-31,474308,debit,mobile_app,MCC6368,633008,0
TXN0001104,CUST00022,2023-09-14,8493,debit,pos,MCC9168,163461,0
TXN0001105,CUST00803,2023-05-19,29410,atm_withdrawal,internet_banking,MCC6121,1170654,0
TXN0001106,CUST00295,2023-07-04,255059,emi_payment,pos,MCC1401,1173060,0
TXN0001107,CUST00742,2023-08-04,476560,debit,mobile_app,MCC7400,1588808,0
TXN0001108,CUST00054,2023-02-21,139499,debit,internet_banking,MCC1660,567154,0
TXN0001109,CUST00034,2023-03-19,386439,credit,internet_banking,MCC4076,424255,0
TXN0001110,CUST00424,2023-02-02,346732,transfer,branch,MCC9403,825501,1
TXN0001111,CUST00789,2023-03-14,73107,transfer,mobile_app,MCC9906,1636638,0
TXN0001112,CUST00813,2023-06-10,143986,debit,internet_banking,MCC2331,1816123,0
TXN0001113,CUST00545,2023-12-09,312085,debit,pos,MCC9865,709861,0
TXN0001114,CUST00614,2023-12-03,240901,credit,pos,MCC9812,95266,0
TXN0001115,CUST00689,2023-10-06,118732,transfer,branch,MCC8904,222045,0
TXN0001116,CUST00674,2023-07-23,100362,credit,mobile_app,MCC8453,1088846,0
TXN0001117,CUST00742,2023-03-15,278642,transfer,internet_banking,MCC1675,49805,0
TXN0001118,CUST00032,2023-05-11,414068,debit,pos,MCC2086,1447711,0
TXN0001119,CUST00429,2023-10-07,206556,atm_withdrawal,pos,MCC6522,66173,0
TXN0001120,CUST00840,2023-11-28,462723,atm_withdrawal,pos,MCC1922,847288,0
TXN0001121,CUST00440,2023-12-18,333636,credit,pos,MCC3257,1595284,0
TXN0001122,CUST00147,2023-05-22,201727,atm_withdrawal,atm,MCC9794,935764,0
TXN0001123,CUST00666,2023-06-27,353479,transfer,atm,MCC9193,1349877,1
TXN0001124,CUST00303,2023-07-05,224495,debit,atm,MCC3293,667651,0
TXN0001125,CUST00512,2023-01-21,378364,credit,atm,MCC5847,1586980,0
TXN0001126,CUST00517,2023-02-12,491343,debit,internet_banking,MCC5847,853397,0
TXN0001127,CUST00697,2023-01-17,393960,emi_payment,atm,MCC3364,1505895,0
TXN0001128,CUST00930,2023-09-27,71143,emi_payment,internet_banking,MCC3125,1904317,0
TXN0001129,CUST00694,2023-03-23,35898,emi_payment,atm,MCC4933,761950,0
TXN0001130,CUST00999,2023-09-13,404328,debit,internet_banking,MCC6405,463938,0
TXN0001131,CUST00019,2023-05-17,423645,credit,branch,MCC8238,1866037,0
TXN0001132,CUST00783,2023-10-17,283682,transfer,mobile_app,MCC8559,1361775,0
TXN0001133,CUST00418,2023-02-12,122568,debit,pos,MCC1183,1755891,0
TXN0001134,CUST00730,2023-04-29,440379,debit,atm,MCC6911,756776,0
TXN0001135,CUST00086,2023-03-16,224283,credit,mobile_app,MCC6543,696703,0
TXN0001136,CUST00528,2023-06-09,146285,transfer,branch,MCC1419,248109,0
TXN0001137,CUST00030,2023-07-25,183187,debit,branch,MCC8511,1545882,0
TXN0001138,CUST00666,2023-03-03,148149,atm_withdrawal,pos,MCC6356,1688335,0
TXN0001139,CUST00217,2023-09-01,141267,transfer,atm,MCC7468,1639316,0
TXN0001140,CUST00145,2023-12-19,162977,debit,pos,MCC6948,582346,0
TXN0001141,CUST00080,2023-01-16,337121,debit,branch,MCC4008,976928,0
TXN0001142,CUST00270,2023-02-01,8413,atm_withdrawal,mobile_app,MCC2807,986304,0
TXN0001143,CUST00960,2023-12-14,181508,transfer,atm,MCC4400,240837,0
TXN0001144,CUST00985,2023-08-25,85029,atm_withdrawal,internet_banking,MCC7858,327,0
TXN0001145,CUST00081,2023-12-02,324104,emi_payment,atm,MCC6730,668113,0
TXN0001146,CUST00980,2023-09-15,497293,atm_withdrawal,branch,MCC6641,1020641,0
TXN0001147,CUST00588,2023-09-19,393937,atm_withdrawal,internet_banking,MCC2173,1977622,0
TXN0001148,CUST00323,2023-02-27,124549,emi_payment,mobile_app,MCC1085,1747570,0
TXN0001149,CUST00943,2023-07-06,256638,atm_withdrawal,pos,MCC7009,1431870,0
TXN0001150,CUST00242,2023-05-14,10056,atm_withdrawal,atm,MCC9554,1925514,0
TXN0001151,CUST00182,2023-11-01,206513,credit,internet_banking,MCC4227,1549421,0
TXN0001152,CUST00230,2023-01-16,139342,transfer,atm,MCC5009,1052492,0
TXN0001153,CUST00146,2023-01-07,250923,atm_withdrawal,pos,MCC9619,1823848,0
TXN0001154,CUST00485,2023-07-23,204254,atm_withdrawal,atm,MCC3091,1839790,0
TXN0001155,CUST00141,2023-12-21,341359,debit,pos,MCC5696,405525,0
TXN0001156,CUST00224,2023-12-30,273938,debit,branch,MCC1775,565278,0
TXN0001157,CUST00372,2023-08-05,469452,credit,internet_banking,MCC3372,1936808,0
TXN0001158,CUST00649,2023-06-06,34376,emi_payment,pos,MCC4369,11416,0
TXN0001159,CUST00859,2023-04-10,472295,credit,atm,MCC7168,1036284,0
TXN0001160,CUST00075,2023-12-28,395235,emi_payment,atm,MCC3769,765627,0
TXN0001161,CUST00631,2023-03-08,356472,debit,atm,MCC5144,1489357,0
TXN0001162,CUST00104,2023-02-16,412768,debit,pos,MCC3681,1916527,0
TXN0001163,CUST00991,2023-07-05,25288,emi_payment,atm,MCC2269,636420,0
TXN0001164,CUST00277,2023-05-24,106658,credit,pos,MCC8138,440857,0
TXN0001165,CUST00857,2023-06-30,502,debit,mobile_app,MCC7055,658813,0
TXN0001166,CUST00778,2023-11-26,399229,credit,atm,MCC6812,1431255,0
TXN0001167,CUST00325,2023-04-09,177372,credit,internet_banking,MCC6246,719199,0
TXN0001168,CUST00324,2023-11-16,180777,transfer,mobile_app,MCC2197,1284786,0
TXN0001169,CUST00318,2023-03-19,305367,atm_withdrawal,internet_banking,MCC5636,696117,0
TXN0001170,CUST00471,2023-04-29,211612,debit,pos,MCC7371,1480863,0
TXN0001171,CUST00443,2023-01-02,318652,emi_payment,pos,MCC5449,125006,0
TXN0001172,CUST00657,2023-09-05,468200,credit,internet_banking,MCC7510,685229,0
TXN0001173,CUST00465,2023-11-10,166102,transfer,mobile_app,MCC3961,619148,0
TXN0001174,CUST00789,2023-11-20,445963,credit,branch,MCC5627,1195828,0
TXN0001175,CUST00467,2023-03-03,266240,credit,internet_banking,MCC4426,1294761,0
TXN0001176,CUST00308,2023-10-07,187617,transfer,branch,MCC9960,1454275,0
TXN0001177,CUST00327,2023-02-21,459578,transfer,atm,MCC2611,1803945,0
TXN0001178,CUST00731,2023-08-18,244106,debit,internet_banking,MCC3551,1592562,0
TXN0001179,CUST00141,2023-09-14,63956,debit,mobile_app,MCC7128,83330,0
TXN0001180,CUST00287,2023-02-25,143333,credit,mobile_app,MCC1526,1355279,0
TXN0001181,CUST00312,2023-02-10,422774,atm_withdrawal,atm,MCC5614,33256,0
TXN0001182,CUST00645,2023-01-27,257765,credit,mobile_app,MCC1259,827153,0
TXN0001183,CUST00130,2023-09-16,280057,transfer,internet_banking,MCC5750,1184798,0
TXN0001184,CUST00451,2023-08-13,340985,transfer,pos,MCC3884,638325,0
TXN0001185,CUST00675,2023-02-13,97313,credit,mobile_app,MCC2709,1399348,0
TXN0001186,CUST00927,2023-07-02,46424,debit,atm,MCC5480,1592061,0
TXN0001187,CUST00438,2023-10-18,220254,transfer,mobile_app,MCC3979,1216477,0
TXN0001188,CUST00983,2023-03-28,459928,atm_withdrawal,pos,MCC1704,1049816,0
TXN0001189,CUST00608,2023-08-10,63660,atm_withdrawal,atm,MCC5793,1946086,0
TXN0001190,CUST00775,2023-04-17,359465,credit,pos,MCC6091,1304690,0
TXN0001191,CUST00243,2023-04-06,489603,transfer,atm,MCC6956,457736,0
TXN0001192,CUST00916,2023-05-24,48466,credit,branch,MCC9106,1312928,0
TXN0001193,CUST00260,2023-05-09,66654,atm_withdrawal,pos,MCC7321,962489,0
TXN0001194,CUST00137,2023-06-30,434507,transfer,atm,MCC8170,47531,0
TXN0001195,CUST00080,2023-03-16,54342,atm_withdrawal,mobile_app,MCC6831,1831803,0
TXN0001196,CUST00655,2023-05-23,371867,atm_withdrawal,branch,MCC7051,1591582,0
TXN0001197,CUST00629,2023-08-16,398639,credit,branch,MCC8139,1234994,0
TXN0001198,CUST00199,2023-05-22,156632,transfer,internet_banking,MCC6954,1345980,0
TXN0001199,CUST00879,2023-08-28,145904,transfer,branch,MCC5519,1154243,0
TXN0001200,CUST00277,2023-02-12,260764,credit,pos,MCC7571,686208,0
TXN0001201,CUST00610,2023-02-20,253317,atm_withdrawal,mobile_app,MCC9687,1865683,0
TXN0001202,CUST00523,2023-11-12,430079,transfer,pos,MCC5447,1106394,0
TXN0001203,CUST00593,2023-06-18,296225,credit,atm,MCC3033,677805,0
TXN0001204,CUST00742,2023-08-11,484065,transfer,mobile_app,MCC4615,1369529,0
TXN0001205,CUST00928,2023-09-28,120038,atm_withdrawal,internet_banking,MCC1127,314351,0
TXN0001206,CUST00722,2023-02-23,140610,transfer,pos,MCC3759,639084,0
TXN0001207,CUST00908,2023-12-21,120608,emi_payment,atm,MCC8982,258461,0
TXN0001208,CUST00870,2023-06-04,325314,atm_withdrawal,mobile_app,MCC1896,170146,0
TXN0001209,CUST00359,2023-11-21,16849,credit,mobile_app,MCC8991,1643744,0
TXN0001210,CUST00560,2023-06-02,430137,atm_withdrawal,pos,MCC6058,874173,0
TXN0001211,CUST00199,2023-05-29,385935,transfer,mobile_app,MCC3865,1713896,0
TXN0001212,CUST00927,2023-08-08,494084,transfer,atm,MCC5252,1274981,0
TXN0001213,CUST00968,2023-03-11,479233,emi_payment,pos,MCC8906,467756,0
TXN0001214,CUST00888,2023-08-11,35452,debit,mobile_app,MCC2070,422769,0
TXN0001215,CUST00743,2023-12-25,373869,emi_payment,mobile_app,MCC6091,914142,0
TXN0001216,CUST00850,2023-08-24,251860,transfer,pos,MCC3414,189522,0
TXN0001217,CUST00795,2023-01-26,367776,emi_payment,pos,MCC5869,1169703,0
TXN0001218,CUST00230,2023-09-12,436845,atm_withdrawal,branch,MCC8084,918767,0
TXN0001219,CUST00264,2023-01-13,291630,transfer,internet_banking,MCC9291,278068,0
TXN0001220,CUST00532,2023-02-07,1678,atm_withdrawal,mobile_app,MCC3300,1049399,0
TXN0001221,CUST00421,2023-04-14,432391,transfer,pos,MCC6972,1697621,0
TXN0001222,CUST00737,2023-04-22,218673,credit,atm,MCC4831,1817421,0
TXN0001223,CUST00737,2023-01-02,229428,emi_payment,pos,MCC5524,837756,0
TXN0001224,CUST00977,2023-01-07,292140,debit,atm,MCC2451,146294,0
TXN0001225,CUST00789,2023-10-16,455812,atm_withdrawal,branch,MCC8708,1726947,0
TXN0001226,CUST00012,2023-06-15,263292,debit,branch,MCC2528,1102027,0
TXN0001227,CUST00341,2023-03-14,103910,transfer,internet_banking,MCC1358,1520153,0
TXN0001228,CUST00328,2023-06-06,366413,atm_withdrawal,atm,MCC7806,90438,0
TXN0001229,CUST00634,2023-09-10,316545,debit,mobile_app,MCC4649,589908,0
TXN0001230,CUST00343,2023-09-26,32854,transfer,mobile_app,MCC1600,571209,0
TXN0001231,CUST00979,2023-04-16,266380,transfer,pos,MCC7127,1433148,0
TXN0001232,CUST00289,2023-03-02,392729,credit,internet_banking,MCC3564,1362379,0
TXN0001233,CUST00438,2023-12-17,442060,emi_payment,mobile_app,MCC9784,1481410,0
TXN0001234,CUST00818,2023-08-19,141656,credit,atm,MCC9826,794300,0
TXN0001235,CUST00368,2023-12-25,261313,credit,internet_banking,MCC5952,622526,0
TXN0001236,CUST00046,2023-04-22,412132,credit,internet_banking,MCC5282,378413,0
TXN0001237,CUST00333,2023-02-10,291921,emi_payment,branch,MCC5003,507471,1
TXN0001238,CUST00360,2023-05-20,209802,atm_withdrawal,branch,MCC6455,328405,1
TXN0001239,CUST00613,2023-04-30,92203,debit,atm,MCC9180,1646855,0
TXN0001240,CUST00712,2023-09-20,21555,transfer,pos,MCC6766,1355215,0
TXN0001241,CUST00549,2023-09-19,345074,credit,pos,MCC1892,1355866,0
TXN0001242,CUST00407,2023-01-27,481960,credit,pos,MCC2765,1771845,0
TXN0001243,CUST00503,2023-08-03,300449,atm_withdrawal,branch,MCC6664,1479146,0
TXN0001244,CUST00145,2023-05-06,390296,emi_payment,branch,MCC4323,641109,0
TXN0001245,CUST00182,2023-08-13,338617,atm_withdrawal,mobile_app,MCC5313,626110,0
TXN0001246,CUST00611,2023-05-23,173973,emi_payment,branch,MCC4605,254574,0
TXN0001247,CUST00866,2023-07-16,261457,emi_payment,atm,MCC6362,1444388,0
TXN0001248,CUST00523,2023-09-19,135086,emi_payment,pos,MCC3075,1748656,0
TXN0001249,CUST00061,2023-04-18,111681,emi_payment,mobile_app,MCC1663,1428613,0
TXN0001250,CUST00982,2023-03-14,294522,atm_withdrawal,pos,MCC3105,941209,0
TXN0001251,CUST00325,2023-09-15,323039,credit,branch,MCC7011,666549,0
TXN0001252,CUST00749,2023-12-12,493648,debit,mobile_app,MCC6470,876516,0
TXN0001253,CUST00898,2023-06-12,118175,transfer,pos,MCC8281,540920,0
TXN0001254,CUST00987,2023-12-31,145154,debit,branch,MCC1976,330904,0
TXN0001255,CUST00117,2023-03-09,83145,debit,branch,MCC2274,862789,0
TXN0001256,CUST00187,2023-10-26,474140,debit,mobile_app,MCC2162,473446,0
TXN0001257,CUST00646,2023-12-27,390761,debit,mobile_app,MCC6063,1478184,0
TXN0001258,CUST00762,2023-04-20,165260,emi_payment,mobile_app,MCC6159,1813020,0
TXN0001259,CUST00835,2023-02-23,484470,transfer,internet_banking,MCC2433,387174,0
TXN0001260,CUST00552,2023-08-31,352078,atm_withdrawal,internet_banking,MCC5043,12071,0
TXN0001261,CUST00159,2023-11-14,238239,credit,branch,MCC1463,1748524,0
TXN0001262,CUST00713,2023-01-31,190929,credit,atm,MCC6506,587850,0
TXN0001263,CUST00669,2023-08-22,284649,transfer,pos,MCC6129,510552,1
TXN0001264,CUST00468,2023-11-15,42617,emi_payment,atm,MCC1242,1710749,0
TXN0001265,CUST00638,2023-01-12,86114,atm_withdrawal,branch,MCC1796,1679267,0
TXN0001266,CUST00213,2023-07-08,468101,emi_payment,pos,MCC7343,1161255,0
TXN0001267,CUST00811,2023-01-29,103399,transfer,branch,MCC9091,311619,0
TXN0001268,CUST00046,2023-03-06,82047,atm_withdrawal,branch,MCC8648,1411122,0
TXN0001269,CUST00839,2023-06-27,429972,debit,internet_banking,MCC6103,1478881,0
TXN0001270,CUST00839,2023-04-30,472351,transfer,branch,MCC5716,886656,0
TXN0001271,CUST00688,2023-02-01,409016,credit,mobile_app,MCC8275,1122789,0
TXN0001272,CUST00815,2023-10-20,51743,debit,mobile_app,MCC8566,1072887,0
TXN0001273,CUST00913,2023-03-16,419477,credit,pos,MCC9157,1322917,0
TXN0001274,CUST00163,2023-11-14,133547,emi_payment,mobile_app,MCC4596,1031287,0
TXN0001275,CUST00545,2023-03-06,5606,credit,branch,MCC5284,1948273,0
TXN0001276,CUST00646,2023-07-09,460469,atm_withdrawal,mobile_app,MCC1710,70378,0
TXN0001277,CUST00943,2023-09-23,133896,emi_payment,atm,MCC2576,105115,0
TXN0001278,CUST00738,2023-06-25,329304,emi_payment,pos,MCC4397,302349,0
TXN0001279,CUST00595,2023-06-02,36991,credit,branch,MCC8285,298253,0
TXN0001280,CUST00558,2023-10-02,94822,atm_withdrawal,mobile_app,MCC5016,997498,0
TXN0001281,CUST00144,2023-01-05,440400,credit,mobile_app,MCC6285,158169,0
TXN0001282,CUST00318,2023-10-29,296087,credit,atm,MCC8788,382406,0
TXN0001283,CUST00434,2023-09-09,499318,emi_payment,mobile_app,MCC5280,1039273,0
TXN0001284,CUST00881,2023-10-07,90277,emi_payment,internet_banking,MCC4012,1799252,0
TXN0001285,CUST00862,2023-06-03,445379,credit,pos,MCC7572,1605614,0
TXN0001286,CUST00643,2023-05-21,437233,credit,branch,MCC3835,433471,0
TXN0001287,CUST00106,2023-07-28,462097,transfer,pos,MCC4493,109649,0
TXN0001288,CUST00721,2023-08-23,25009,transfer,pos,MCC8991,1477971,0
TXN0001289,CUST00459,2023-12-04,52353,debit,atm,MCC4935,1558813,0
TXN0001290,CUST00653,2023-11-09,264935,credit,pos,MCC3258,1858068,0
TXN0001291,CUST00434,2023-01-20,57940,debit,mobile_app,MCC8511,866111,0
TXN0001292,CUST00722,2023-02-25,31830,debit,internet_banking,MCC6781,116857,0
TXN0001293,CUST00218,2023-12-12,405718,credit,internet_banking,MCC7909,1882857,0
TXN0001294,CUST00146,2023-05-22,347541,debit,pos,MCC3939,574739,0
TXN0001295,CUST00220,2023-07-31,422026,emi_payment,atm,MCC8036,765392,0
TXN0001296,CUST00923,2023-01-21,467905,emi_payment,internet_banking,MCC9562,828434,0
TXN0001297,CUST00076,2023-02-08,71376,credit,internet_banking,MCC2471,1969195,0
TXN0001298,CUST00286,2023-05-30,415550,atm_withdrawal,pos,MCC2706,722362,0
TXN0001299,CUST00343,2023-09-19,21982,transfer,pos,MCC6076,1113043,0
TXN0001300,CUST00837,2023-10-09,185926,credit,mobile_app,MCC7514,1008480,0
TXN0001301,CUST00360,2023-11-23,148838,debit,internet_banking,MCC1004,1979986,0
TXN0001302,CUST00894,2023-03-13,118528,transfer,branch,MCC5950,1904675,0
TXN0001303,CUST00989,2023-03-15,359304,atm_withdrawal,internet_banking,MCC2146,1263771,0
TXN0001304,CUST00652,2023-07-17,60601,debit,atm,MCC9807,211652,0
TXN0001305,CUST00344,2023-07-19,404567,debit,atm,MCC7537,692671,0
TXN0001306,CUST00599,2023-01-14,436824,transfer,pos,MCC9945,1332097,0
TXN0001307,CUST00670,2023-06-13,332873,atm_withdrawal,atm,MCC2962,1606817,0
TXN0001308,CUST00110,2023-11-24,40646,credit,pos,MCC8142,973920,0
TXN0001309,CUST00834,2023-03-01,298353,emi_payment,internet_banking,MCC4438,1341146,0
TXN0001310,CUST00437,2023-10-27,314451,transfer,internet_banking,MCC1931,617615,0
TXN0001311,CUST00846,2023-06-13,186579,debit,internet_banking,MCC5320,1271887,0
TXN0001312,CUST00612,2023-07-11,183697,atm_withdrawal,pos,MCC5220,956670,0
TXN0001313,CUST00861,2023-08-23,234636,debit,atm,MCC5501,1367556,0
TXN0001314,CUST00082,2023-09-15,497889,transfer,internet_banking,MCC8689,1743825,0
TXN0001315,CUST00043,2023-08-21,1922,emi_payment,atm,MCC3514,1640090,0
TXN0001316,CUST00112,2023-02-07,254460,emi_payment,internet_banking,MCC6745,1464614,0
TXN0001317,CUST00875,2023-04-18,158534,atm_withdrawal,internet_banking,MCC2793,1535728,0
TXN0001318,CUST00994,2023-11-05,274440,emi_payment,mobile_app,MCC8909,347537,0
TXN0001319,CUST00999,2023-01-15,2080,emi_payment,pos,MCC5122,369785,0
TXN0001320,CUST00333,2023-09-19,458952,debit,internet_banking,MCC8193,1677195,0
TXN0001321,CUST00265,2023-07-09,228554,credit,atm,MCC3420,1081816,0
TXN0001322,CUST00350,2023-02-13,484821,credit,mobile_app,MCC3816,862837,0
TXN0001323,CUST00818,2023-02-14,77196,credit,mobile_app,MCC9845,1330052,0
TXN0001324,CUST00252,2023-12-24,291859,debit,atm,MCC2755,165736,0
TXN0001325,CUST00548,2023-01-12,339942,debit,mobile_app,MCC6051,330181,0
TXN0001326,CUST00647,2023-01-09,398111,transfer,mobile_app,MCC3902,294344,0
TXN0001327,CUST00362,2023-01-07,4606,emi_payment,internet_banking,MCC4510,1132233,0
TXN0001328,CUST00474,2023-08-18,317419,atm_withdrawal,branch,MCC7262,132327,0
TXN0001329,CUST00666,2023-12-05,73994,atm_withdrawal,mobile_app,MCC8036,89303,0
TXN0001330,CUST00791,2023-03-04,213757,transfer,mobile_app,MCC5329,1353175,0
TXN0001331,CUST00190,2023-10-18,26784,atm_withdrawal,internet_banking,MCC6741,1469690,0
TXN0001332,CUST00513,2023-09-20,28751,transfer,atm,MCC1394,515129,0
TXN0001333,CUST00155,2023-03-25,383183,transfer,mobile_app,MCC3105,1381983,0
TXN0001334,CUST00016,2023-01-26,358900,credit,internet_banking,MCC7681,192698,0
TXN0001335,CUST00646,2023-06-28,447651,emi_payment,mobile_app,MCC6992,818893,0
TXN0001336,CUST00483,2023-01-30,350161,credit,internet_banking,MCC1402,731339,1
TXN0001337,CUST00260,2023-02-11,297959,transfer,internet_banking,MCC9019,692840,0
TXN0001338,CUST00056,2023-06-20,58439,atm_withdrawal,atm,MCC4683,1733932,0
TXN0001339,CUST00946,2023-10-25,382575,transfer,mobile_app,MCC3733,156941,0
TXN0001340,CUST00827,2023-12-29,115111,credit,pos,MCC5160,1257456,0
TXN0001341,CUST00936,2023-08-18,53407,emi_payment,internet_banking,MCC4552,547417,0
TXN0001342,CUST00114,2023-04-11,366090,emi_payment,pos,MCC5526,972454,0
TXN0001343,CUST00015,2023-04-30,294057,emi_payment,atm,MCC2477,402437,0
TXN0001344,CUST00217,2023-08-12,74941,debit,internet_banking,MCC2251,1466389,0
TXN0001345,CUST00101,2023-03-05,274664,credit,internet_banking,MCC9906,121768,0
TXN0001346,CUST00460,2023-07-09,345498,debit,pos,MCC7729,151790,0
TXN0001347,CUST00646,2023-10-08,249493,atm_withdrawal,pos,MCC4250,657597,0
TXN0001348,CUST00196,2023-11-04,359016,credit,atm,MCC8643,1765543,1
TXN0001349,CUST00397,2023-01-22,252308,transfer,mobile_app,MCC8158,47750,0
TXN0001350,CUST00540,2023-04-16,176736,atm_withdrawal,pos,MCC7280,355472,0
TXN0001351,CUST00318,2023-04-04,111789,atm_withdrawal,branch,MCC7491,983545,0
TXN0001352,CUST00461,2023-07-22,129165,credit,mobile_app,MCC9558,42763,0
TXN0001353,CUST00591,2023-03-09,404578,atm_withdrawal,pos,MCC8506,1068585,0
TXN0001354,CUST00953,2023-12-13,186582,emi_payment,mobile_app,MCC3317,724720,0
TXN0001355,CUST00311,2023-12-01,358115,emi_payment,internet_banking,MCC7539,1291259,0
TXN0001356,CUST00089,2023-05-02,179662,debit,mobile_app,MCC2446,116894,0
TXN0001357,CUST00869,2023-05-29,262775,emi_payment,branch,MCC5523,353399,0
TXN0001358,CUST00577,2023-06-10,303549,emi_payment,pos,MCC1605,334157,0
TXN0001359,CUST00473,2023-01-16,238914,transfer,mobile_app,MCC2524,1474876,0
TXN0001360,CUST00721,2023-11-21,371949,transfer,mobile_app,MCC7492,1477997,0
TXN0001361,CUST00982,2023-10-12,462078,credit,pos,MCC4344,232588,0
TXN0001362,CUST00128,2023-05-02,430890,emi_payment,mobile_app,MCC2458,809466,0
TXN0001363,CUST00861,2023-07-19,460719,debit,mobile_app,MCC9813,1407766,0
TXN0001364,CUST00637,2023-05-19,15093,credit,branch,MCC9442,13797,0
TXN0001365,CUST00586,2023-03-25,379679,transfer,internet_banking,MCC3062,201239,0
TXN0001366,CUST00865,2023-04-22,363303,debit,pos,MCC6384,1287514,0
TXN0001367,CUST00305,2023-02-09,206259,atm_withdrawal,mobile_app,MCC3644,1129355,0
TXN0001368,CUST00788,2023-10-23,157161,atm_withdrawal,branch,MCC8236,1414222,0
TXN0001369,CUST00571,2023-08-27,26673,transfer,pos,MCC7190,933255,0
TXN0001370,CUST00936,2023-12-06,419337,transfer,atm,MCC4911,1803926,0
TXN0001371,CUST00468,2023-01-03,420112,credit,mobile_app,MCC9377,250999,0
TXN0001372,CUST00721,2023-08-19,37950,credit,mobile_app,MCC7612,309205,0
TXN0001373,CUST00498,2023-07-24,291111,atm_withdrawal,mobile_app,MCC2361,1270627,0
TXN0001374,CUST00394,2023-08-16,275632,transfer,pos,MCC4992,1714331,0
TXN0001375,CUST00376,2023-12-28,86286,atm_withdrawal,internet_banking,MCC8466,45804,0
TXN0001376,CUST00921,2023-05-23,274381,debit,mobile_app,MCC5848,1417415,0
TXN0001377,CUST00838,2023-02-21,405892,debit,internet_banking,MCC1898,1945119,0
TXN0001378,CUST00226,2023-01-05,163323,transfer,internet_banking,MCC7961,1127245,0
TXN0001379,CUST00866,2023-06-29,362899,emi_payment,mobile_app,MCC5329,1662174,0
TXN0001380,CUST00584,2023-03-05,485156,transfer,branch,MCC3143,523539,0
TXN0001381,CUST00105,2023-02-21,227443,atm_withdrawal,pos,MCC8339,1609912,0
TXN0001382,CUST00766,2023-02-23,53550,debit,internet_banking,MCC8959,915685,0
TXN0001383,CUST00163,2023-04-12,148753,atm_withdrawal,pos,MCC6287,597026,0
TXN0001384,CUST00873,2023-02-12,68284,transfer,atm,MCC7445,396541,0
TXN0001385,CUST00455,2023-06-27,176436,credit,internet_banking,MCC3169,1705760,0
TXN0001386,CUST00917,2023-08-27,322165,emi_payment,atm,MCC7718,1435388,0
TXN0001387,CUST00484,2023-04-16,101403,emi_payment,internet_banking,MCC9137,1577261,0
TXN0001388,CUST00085,2023-02-19,257198,atm_withdrawal,internet_banking,MCC3143,1407179,0
TXN0001389,CUST00767,2023-07-28,499034,debit,internet_banking,MCC9485,511337,0
TXN0001390,CUST00727,2023-02-01,132307,emi_payment,mobile_app,MCC1811,383059,0
TXN0001391,CUST00303,2023-09-27,439952,credit,atm,MCC5012,1295568,0
TXN0001392,CUST00205,2023-05-20,152205,transfer,mobile_app,MCC1655,505233,0
TXN0001393,CUST00864,2023-05-30,307084,transfer,mobile_app,MCC5026,1296045,0
TXN0001394,CUST00780,2023-04-01,78595,emi_payment,mobile_app,MCC6822,1802223,0
TXN0001395,CUST00298,2023-04-14,134121,credit,mobile_app,MCC8833,1497865,0
TXN0001396,CUST00701,2023-02-23,433895,credit,pos,MCC2349,943369,0
TXN0001397,CUST00241,2023-07-23,294912,transfer,mobile_app,MCC8985,1817688,0
TXN0001398,CUST00182,2023-02-23,284802,emi_payment,atm,MCC9991,1102234,0
TXN0001399,CUST00664,2023-09-06,255413,atm_withdrawal,internet_banking,MCC1599,939836,0
TXN0001400,CUST00833,2023-04-04,122492,debit,mobile_app,MCC9648,1917250,0
TXN0001401,CUST00919,2023-07-26,464590,transfer,internet_banking,MCC9158,670186,0
TXN0001402,CUST00462,2023-07-15,196771,debit,mobile_app,MCC1262,414047,0
TXN0001403,CUST00144,2023-08-20,5827,emi_payment,internet_banking,MCC1569,277934,0
TXN0001404,CUST00544,2023-10-04,453351,emi_payment,pos,MCC7524,1254260,0
TXN0001405,CUST00681,2023-07-24,23372,atm_withdrawal,atm,MCC4778,1019988,0
TXN0001406,CUST00972,2023-11-08,443431,debit,pos,MCC3346,1548029,0
TXN0001407,CUST00113,2023-04-05,133074,emi_payment,atm,MCC4637,293364,0
TXN0001408,CUST00657,2023-10-02,34646,emi_payment,pos,MCC4067,638879,0
TXN0001409,CUST00513,2023-05-06,110279,emi_payment,mobile_app,MCC9775,241647,0
TXN0001410,CUST00589,2023-08-18,327084,emi_payment,mobile_app,MCC3162,617633,0
TXN0001411,CUST00093,2023-06-29,272939,transfer,branch,MCC1797,1920593,0
TXN0001412,CUST00017,2023-11-28,76570,debit,branch,MCC8474,1793638,0
TXN0001413,CUST00607,2023-04-09,150158,atm_withdrawal,atm,MCC8557,992187,0
TXN0001414,CUST00200,2023-07-09,105520,credit,mobile_app,MCC9042,198811,0
TXN0001415,CUST00614,2023-03-02,326665,debit,mobile_app,MCC9740,1989821,0
TXN0001416,CUST00027,2023-08-20,432117,emi_payment,atm,MCC1363,314711,0
TXN0001417,CUST00802,2023-01-14,127623,atm_withdrawal,branch,MCC7920,202281,0
TXN0001418,CUST00334,2023-05-31,447605,emi_payment,branch,MCC3430,821910,0
TXN0001419,CUST00452,2023-01-04,204104,credit,internet_banking,MCC4794,1882329,0
TXN0001420,CUST00345,2023-04-30,41437,atm_withdrawal,atm,MCC5037,1596781,0
TXN0001421,CUST00419,2023-06-26,161278,atm_withdrawal,pos,MCC9869,719148,0
TXN0001422,CUST00531,2023-05-02,436974,credit,mobile_app,MCC5695,909983,0
TXN0001423,CUST00646,2023-05-21,404268,transfer,mobile_app,MCC3003,121213,0
TXN0001424,CUST00690,2023-02-24,364273,atm_withdrawal,atm,MCC1788,541131,0
TXN0001425,CUST00991,2023-09-18,199436,debit,pos,MCC6299,1340197,0
TXN0001426,CUST00180,2023-10-18,387877,credit,internet_banking,MCC8469,840590,0
TXN0001427,CUST00872,2023-06-15,355169,transfer,atm,MCC7392,1957777,0
TXN0001428,CUST00602,2023-01-21,395928,debit,pos,MCC9404,890920,0
TXN0001429,CUST00310,2023-01-23,278930,debit,mobile_app,MCC1376,1693705,0
TXN0001430,CUST00917,2023-09-04,253665,emi_payment,mobile_app,MCC4625,1454050,0
TXN0001431,CUST00707,2023-12-06,483388,credit,mobile_app,MCC6504,1015379,0
TXN0001432,CUST00186,2023-11-12,473459,credit,atm,MCC8714,1737500,0
TXN0001433,CUST00175,2023-05-29,268130,credit,atm,MCC3813,1741756,0
TXN0001434,CUST00660,2023-07-01,100259,debit,mobile_app,MCC7086,642502,0
TXN0001435,CUST00730,2023-03-01,204544,emi_payment,mobile_app,MCC2871,556878,0
TXN0001436,CUST00046,2023-01-26,252532,credit,atm,MCC6325,1417079,0
TXN0001437,CUST00629,2023-10-07,338594,emi_payment,pos,MCC7975,54281,1
TXN0001438,CUST00532,2023-06-06,159344,atm_withdrawal,atm,MCC8370,1402776,0
TXN0001439,CUST00970,2023-07-01,22798,transfer,mobile_app,MCC5065,870032,0
TXN0001440,CUST00742,2023-05-06,411233,atm_withdrawal,internet_banking,MCC5256,1533895,0
TXN0001441,CUST00910,2023-04-25,474509,debit,mobile_app,MCC8936,260048,0
TXN0001442,CUST00035,2023-12-26,41442,atm_withdrawal,internet_banking,MCC5928,1150521,0
TXN0001443,CUST00765,2023-10-25,159315,credit,branch,MCC4151,1072162,0
TXN0001444,CUST00334,2023-09-10,216895,credit,internet_banking,MCC3471,29396,0
TXN0001445,CUST00554,2023-05-23,380234,atm_withdrawal,atm,MCC7405,1049215,0
TXN0001446,CUST00878,2023-09-21,386761,transfer,internet_banking,MCC7408,1311734,1
TXN0001447,CUST00870,2023-05-04,171725,emi_payment,branch,MCC5839,810406,0
TXN0001448,CUST00226,2023-07-08,156239,atm_withdrawal,atm,MCC2431,1224595,0
TXN0001449,CUST00241,2023-02-22,202647,transfer,mobile_app,MCC2453,652620,0
TXN0001450,CUST00723,2023-09-16,120314,credit,mobile_app,MCC3188,1223038,0
TXN0001451,CUST00879,2023-01-23,218316,transfer,internet_banking,MCC1107,486802,0
TXN0001452,CUST00613,2023-09-21,131348,credit,mobile_app,MCC5318,562597,0
TXN0001453,CUST00055,2023-08-09,30213,transfer,mobile_app,MCC4732,142061,0
TXN0001454,CUST00164,2023-01-25,356823,credit,internet_banking,MCC4467,195770,0
TXN0001455,CUST00750,2023-07-04,393595,atm_withdrawal,internet_banking,MCC9413,268999,0
TXN0001456,CUST00742,2023-03-23,143462,transfer,internet_banking,MCC3155,378705,0
TXN0001457,CUST00897,2023-06-23,200474,emi_payment,mobile_app,MCC8279,1437394,0
TXN0001458,CUST00533,2023-01-05,201401,emi_payment,mobile_app,MCC2726,432410,0
TXN0001459,CUST00428,2023-09-21,11166,credit,pos,MCC6504,710674,0
TXN0001460,CUST00113,2023-07-06,272879,credit,atm,MCC8747,347219,0
TXN0001461,CUST00782,2023-05-13,229264,atm_withdrawal,branch,MCC8539,847860,0
TXN0001462,CUST00950,2023-11-16,470385,debit,mobile_app,MCC6317,489073,0
TXN0001463,CUST00046,2023-08-24,185943,credit,internet_banking,MCC2864,657659,0
TXN0001464,CUST00492,2023-08-11,397194,emi_payment,pos,MCC4396,137383,0
TXN0001465,CUST00356,2023-02-23,195364,transfer,pos,MCC4821,1009692,0
TXN0001466,CUST00746,2023-07-02,92722,emi_payment,atm,MCC8611,538651,0
TXN0001467,CUST00764,2023-09-13,174395,debit,internet_banking,MCC4396,1302435,0
TXN0001468,CUST00218,2023-12-04,441553,credit,branch,MCC8425,1995770,0
TXN0001469,CUST00953,2023-08-09,128231,transfer,mobile_app,MCC9563,970306,0
TXN0001470,CUST00138,2023-03-04,422399,credit,pos,MCC1997,1022762,0
TXN0001471,CUST00782,2023-09-05,332770,transfer,mobile_app,MCC9420,1660932,0
TXN0001472,CUST00742,2023-01-28,372637,atm_withdrawal,atm,MCC6105,688845,0
TXN0001473,CUST00163,2023-04-25,376276,emi_payment,internet_banking,MCC6407,282139,0
TXN0001474,CUST00674,2023-12-01,258501,emi_payment,branch,MCC3750,1440974,0
TXN0001475,CUST00271,2023-10-20,300967,debit,pos,MCC4004,1299386,0
TXN0001476,CUST00275,2023-11-26,35000,transfer,internet_banking,MCC5866,938920,0
TXN0001477,CUST00087,2023-05-09,349556,atm_withdrawal,mobile_app,MCC2790,773364,0
TXN0001478,CUST00747,2023-09-07,355781,emi_payment,atm,MCC7461,58995,0
TXN0001479,CUST00808,2023-09-13,51938,emi_payment,branch,MCC7001,1114155,0
TXN0001480,CUST00505,2023-03-31,259219,atm_withdrawal,mobile_app,MCC1076,1094779,0
TXN0001481,CUST00776,2023-12-11,254522,atm_withdrawal,mobile_app,MCC2896,1031331,0
TXN0001482,CUST00349,2023-12-20,154956,credit,branch,MCC5621,608133,0
TXN0001483,CUST00566,2023-02-10,33160,credit,atm,MCC7678,303493,0
TXN0001484,CUST00787,2023-10-07,5068,credit,mobile_app,MCC3625,1142367,0
TXN0001485,CUST00431,2023-06-13,104354,emi_payment,branch,MCC8979,1240012,0
TXN0001486,CUST00617,2023-09-03,115601,credit,branch,MCC5805,346436,0
TXN0001487,CUST00146,2023-07-22,106039,atm_withdrawal,mobile_app,MCC5850,241089,0
TXN0001488,CUST00508,2023-03-23,302884,atm_withdrawal,atm,MCC1988,965099,1
TXN0001489,CUST00851,2023-02-05,210634,emi_payment,atm,MCC6653,95817,0
TXN0001490,CUST00774,2023-07-07,56242,debit,mobile_app,MCC8357,387280,0
TXN0001491,CUST00301,2023-11-02,42053,emi_payment,atm,MCC2902,1272774,0
TXN0001492,CUST00545,2023-10-28,327743,credit,internet_banking,MCC5892,597630,0
TXN0001493,CUST00620,2023-04-11,467280,transfer,branch,MCC1057,920940,0
TXN0001494,CUST00939,2023-11-10,409854,credit,pos,MCC2899,1374329,1
TXN0001495,CUST00829,2023-05-10,378896,debit,pos,MCC1638,353488,0
TXN0001496,CUST00819,2023-07-24,159157,emi_payment,internet_banking,MCC7926,455305,0
TXN0001497,CUST00753,2023-04-29,352024,transfer,internet_banking,MCC9960,594852,0
TXN0001498,CUST00359,2023-07-10,41084,emi_payment,mobile_app,MCC1340,834274,0
TXN0001499,CUST00378,2023-07-13,85766,transfer,pos,MCC7319,1119788,0
TXN0001500,CUST00465,2023-09-12,69935,credit,internet_banking,MCC6334,146277,0
TXN0001501,CUST00427,2023-06-22,91925,debit,pos,MCC7317,947658,0
TXN0001502,CUST00958,2023-07-12,179018,credit,pos,MCC5515,1374324,0
TXN0001503,CUST00876,2023-08-26,21917,atm_withdrawal,branch,MCC9921,1702828,0
TXN0001504,CUST00896,2023-06-02,406735,emi_payment,atm,MCC1356,1077886,0
TXN0001505,CUST00608,2023-07-11,357545,transfer,branch,MCC2342,1251718,0
TXN0001506,CUST00192,2023-02-01,317175,debit,branch,MCC3247,1627580,0
TXN0001507,CUST00144,2023-11-14,87818,atm_withdrawal,internet_banking,MCC8041,1454426,0
TXN0001508,CUST00275,2023-02-16,433957,emi_payment,pos,MCC1694,1070150,0
TXN0001509,CUST00652,2023-11-15,3293,debit,mobile_app,MCC2112,1132510,0
TXN0001510,CUST00365,2023-10-05,497214,credit,atm,MCC7590,1988427,0
TXN0001511,CUST00656,2023-12-12,363422,debit,pos,MCC4765,1514095,0
TXN0001512,CUST00880,2023-01-10,101362,atm_withdrawal,pos,MCC7351,482263,0
TXN0001513,CUST00335,2023-03-21,98469,atm_withdrawal,atm,MCC4299,907493,0
TXN0001514,CUST00928,2023-01-20,347441,transfer,atm,MCC1803,1484212,0
TXN0001515,CUST00512,2023-06-02,404096,debit,pos,MCC6373,1044229,0
TXN0001516,CUST00803,2023-11-27,233311,emi_payment,pos,MCC1982,864653,0
TXN0001517,CUST00060,2023-10-07,30138,credit,internet_banking,MCC5309,1216719,0
TXN0001518,CUST00276,2023-09-14,246789,debit,atm,MCC8921,751929,0
TXN0001519,CUST00931,2023-11-06,239768,credit,branch,MCC2646,1356384,0
TXN0001520,CUST00888,2023-01-02,162858,credit,internet_banking,MCC2807,1463058,0
TXN0001521,CUST00571,2023-10-15,451504,debit,pos,MCC9533,1796034,0
TXN0001522,CUST00033,2023-04-24,171321,emi_payment,mobile_app,MCC3732,1911114,0
TXN0001523,CUST00060,2023-09-10,121861,credit,mobile_app,MCC4352,1422964,0
TXN0001524,CUST00423,2023-10-06,338173,transfer,mobile_app,MCC7157,1511153,1
TXN0001525,CUST00899,2023-09-08,309182,transfer,internet_banking,MCC2152,1544509,0
TXN0001526,CUST00378,2023-06-02,310439,emi_payment,branch,MCC1546,660245,0
TXN0001527,CUST00885,2023-08-12,252075,emi_payment,pos,MCC8588,1831062,0
TXN0001528,CUST00536,2023-06-21,159319,transfer,pos,MCC9527,1019783,0
TXN0001529,CUST00135,2023-08-18,128876,atm_withdrawal,pos,MCC9882,1735050,0
TXN0001530,CUST00561,2023-06-17,59378,transfer,atm,MCC1207,434279,0
TXN0001531,CUST00365,2023-05-24,92916,debit,branch,MCC5767,620605,1
TXN0001532,CUST00226,2023-03-15,289162,atm_withdrawal,atm,MCC8641,1240477,1
TXN0001533,CUST00676,2023-05-22,203118,emi_payment,internet_banking,MCC8601,1157165,0
TXN0001534,CUST00205,2023-09-21,369724,transfer,atm,MCC4247,805174,0
TXN0001535,CUST00906,2023-11-14,402165,credit,mobile_app,MCC5412,441819,0
TXN0001536,CUST00804,2023-02-07,279355,atm_withdrawal,pos,MCC2350,456266,0
TXN0001537,CUST00783,2023-03-08,52414,transfer,pos,MCC2252,1453981,0
TXN0001538,CUST00077,2023-07-05,1924,credit,atm,MCC4397,42185,0
TXN0001539,CUST00961,2023-09-14,114308,emi_payment,mobile_app,MCC3072,238809,0
TXN0001540,CUST00494,2023-03-04,141229,credit,internet_banking,MCC9754,1850648,0
TXN0001541,CUST00733,2023-04-29,36918,transfer,atm,MCC1720,1958346,0
TXN0001542,CUST00192,2023-01-17,389311,emi_payment,branch,MCC5760,157641,0
TXN0001543,CUST00769,2023-01-20,183606,credit,branch,MCC6008,284639,0
TXN0001544,CUST00320,2023-02-22,371299,debit,branch,MCC1533,658618,0
TXN0001545,CUST00708,2023-09-24,104485,credit,pos,MCC4965,1171900,0
TXN0001546,CUST00278,2023-11-14,5304,debit,mobile_app,MCC9472,380907,0
TXN0001547,CUST00933,2023-07-02,68571,credit,branch,MCC1985,1964582,0
TXN0001548,CUST00709,2023-03-06,235201,debit,internet_banking,MCC2291,988254,0
TXN0001549,CUST00453,2023-12-03,239898,transfer,atm,MCC2487,1074159,0
TXN0001550,CUST00457,2023-04-12,218715,transfer,internet_banking,MCC1492,389889,0
TXN0001551,CUST00001,2023-02-26,479736,credit,internet_banking,MCC8963,615444,0
TXN0001552,CUST00300,2023-02-20,326175,emi_payment,mobile_app,MCC1408,1472422,0
TXN0001553,CUST00790,2023-05-09,365994,debit,pos,MCC3529,1265241,0
TXN0001554,CUST00832,2023-09-26,62577,debit,internet_banking,MCC8436,449638,0
TXN0001555,CUST01000,2023-05-25,232840,transfer,pos,MCC9956,883006,0
TXN0001556,CUST00086,2023-06-12,310745,debit,pos,MCC2377,370913,0
TXN0001557,CUST00251,2023-05-05,292432,atm_withdrawal,pos,MCC4240,815037,0
TXN0001558,CUST00767,2023-12-11,473464,credit,internet_banking,MCC2610,433770,0
TXN0001559,CUST00362,2023-09-07,237911,transfer,atm,MCC2731,1959300,0
TXN0001560,CUST00249,2023-08-31,185937,credit,pos,MCC9496,595126,0
TXN0001561,CUST00282,2023-06-09,472194,transfer,mobile_app,MCC4037,947604,0
TXN0001562,CUST00919,2023-07-13,168744,debit,mobile_app,MCC6503,1283662,0
TXN0001563,CUST00858,2023-11-20,285143,atm_withdrawal,internet_banking,MCC2410,82070,0
TXN0001564,CUST00006,2023-08-28,14233,debit,pos,MCC3568,419256,0
TXN0001565,CUST00841,2023-10-25,82868,credit,mobile_app,MCC4248,1977848,0
TXN0001566,CUST00557,2023-01-15,28791,atm_withdrawal,atm,MCC6277,1393700,0
TXN0001567,CUST00845,2023-11-10,208976,transfer,pos,MCC9099,483878,0
TXN0001568,CUST00623,2023-12-13,465793,emi_payment,pos,MCC3187,860341,0
TXN0001569,CUST00689,2023-09-01,35733,debit,branch,MCC6805,1714838,0
TXN0001570,CUST00578,2023-12-16,487753,credit,branch,MCC5447,394017,0
TXN0001571,CUST00735,2023-07-27,434497,emi_payment,atm,MCC8155,597809,0
TXN0001572,CUST00816,2023-04-11,2920,credit,atm,MCC4011,480089,0
TXN0001573,CUST00509,2023-08-10,7813,transfer,atm,MCC4812,1329684,0
TXN0001574,CUST00113,2023-08-18,450349,debit,internet_banking,MCC6603,1054667,0
TXN0001575,CUST00094,2023-02-22,292682,transfer,pos,MCC4986,1001302,0
TXN0001576,CUST00416,2023-03-15,87062,credit,branch,MCC7828,757257,0
TXN0001577,CUST00474,2023-04-17,476919,atm_withdrawal,internet_banking,MCC1124,655969,0
TXN0001578,CUST00864,2023-07-19,280723,credit,atm,MCC4136,1027446,0
TXN0001579,CUST00034,2023-02-24,317644,atm_withdrawal,atm,MCC2569,1598133,0
TXN0001580,CUST00889,2023-10-09,339102,atm_withdrawal,mobile_app,MCC2295,1625159,0
TXN0001581,CUST00056,2023-02-09,100888,atm_withdrawal,mobile_app,MCC1479,1569062,0
TXN0001582,CUST00499,2023-12-10,179593,emi_payment,mobile_app,MCC4201,91662,0
TXN0001583,CUST00423,2023-09-04,64425,transfer,branch,MCC2958,980337,0
TXN0001584,CUST00558,2023-05-04,264541,transfer,pos,MCC7822,787221,0
TXN0001585,CUST00043,2023-05-16,493658,debit,internet_banking,MCC5518,1870460,1
TXN0001586,CUST00764,2023-09-11,313808,debit,mobile_app,MCC8082,830885,0
TXN0001587,CUST00135,2023-02-02,346027,credit,pos,MCC8967,493654,0
TXN0001588,CUST00780,2023-09-19,97043,emi_payment,atm,MCC8069,501834,0
TXN0001589,CUST00567,2023-07-21,271022,debit,branch,MCC4787,389595,0
TXN0001590,CUST00889,2023-03-22,497128,atm_withdrawal,mobile_app,MCC9770,883758,0
TXN0001591,CUST00979,2023-11-24,44147,atm_withdrawal,atm,MCC4466,528297,0
TXN0001592,CUST00844,2023-08-18,102020,debit,internet_banking,MCC8422,1133266,0
TXN0001593,CUST00453,2023-03-01,359967,debit,internet_banking,MCC2553,461729,0
TXN0001594,CUST00415,2023-08-28,5268,atm_withdrawal,internet_banking,MCC9716,1169916,0
TXN0001595,CUST00663,2023-05-31,103375,debit,mobile_app,MCC3728,1231309,0
TXN0001596,CUST00650,2023-10-06,472147,debit,branch,MCC6640,1339666,0
TXN0001597,CUST00791,2023-06-29,9680,debit,atm,MCC4184,1765054,0
TXN0001598,CUST00484,2023-12-31,214620,emi_payment,pos,MCC3063,153537,0
TXN0001599,CUST00463,2023-12-05,165035,debit,atm,MCC3964,105888,0
TXN0001600,CUST00118,2023-01-15,199369,debit,pos,MCC6473,920015,0
TXN0001601,CUST00169,2023-05-31,129104,credit,pos,MCC2005,1032028,0
TXN0001602,CUST00822,2023-03-15,137908,emi_payment,internet_banking,MCC2780,1515225,0
TXN0001603,CUST00990,2023-06-14,380389,atm_withdrawal,branch,MCC9278,453673,0
TXN0001604,CUST00602,2023-02-22,13013,credit,internet_banking,MCC1767,910090,0
TXN0001605,CUST00345,2023-07-15,64863,credit,atm,MCC7500,1222664,0
TXN0001606,CUST00059,2023-02-26,132357,transfer,pos,MCC3711,1312972,0
TXN0001607,CUST00044,2023-08-16,413261,transfer,pos,MCC3873,1086085,0
TXN0001608,CUST00677,2023-06-15,196710,emi_payment,mobile_app,MCC4264,1180897,0
TXN0001609,CUST00642,2023-12-29,17505,credit,branch,MCC4443,328148,0
TXN0001610,CUST00284,2023-11-17,260212,emi_payment,mobile_app,MCC7379,929437,0
TXN0001611,CUST00189,2023-08-08,313706,atm_withdrawal,internet_banking,MCC8240,1083037,0
TXN0001612,CUST00070,2023-06-13,228876,emi_payment,branch,MCC4267,157857,0
TXN0001613,CUST00683,2023-09-19,44411,emi_payment,atm,MCC2543,1937376,0
TXN0001614,CUST00607,2023-09-01,439530,debit,atm,MCC1028,1266449,0
TXN0001615,CUST00334,2023-02-20,429107,atm_withdrawal,pos,MCC7520,1435510,0
TXN0001616,CUST00733,2023-05-18,455673,emi_payment,internet_banking,MCC9251,1069026,0
TXN0001617,CUST00846,2023-12-29,481970,emi_payment,branch,MCC1308,1861386,0
TXN0001618,CUST00518,2023-04-27,158645,debit,mobile_app,MCC6304,11369,0
TXN0001619,CUST00263,2023-01-05,210888,transfer,mobile_app,MCC2964,1916185,0
TXN0001620,CUST00006,2023-11-01,479781,emi_payment,pos,MCC2896,413713,0
TXN0001621,CUST00796,2023-12-07,224934,emi_payment,pos,MCC8454,1769157,0
TXN0001622,CUST00577,2023-08-28,432480,debit,pos,MCC3270,122799,0
TXN0001623,CUST00348,2023-08-20,323890,debit,internet_banking,MCC3733,625671,0
TXN0001624,CUST00007,2023-05-09,463824,transfer,atm,MCC2117,1140468,0
TXN0001625,CUST00815,2023-05-12,5304,emi_payment,internet_banking,MCC9135,1315216,0
TXN0001626,CUST00927,2023-11-30,353194,credit,atm,MCC9158,30295,0
TXN0001627,CUST00482,2023-11-10,400438,emi_payment,branch,MCC9217,717672,0
TXN0001628,CUST00268,2023-07-01,99216,atm_withdrawal,pos,MCC3071,1684841,0
TXN0001629,CUST00620,2023-04-25,367731,atm_withdrawal,internet_banking,MCC2689,366174,0
TXN0001630,CUST00872,2023-03-10,97694,emi_payment,atm,MCC9464,1894907,0
TXN0001631,CUST00588,2023-01-04,452418,emi_payment,atm,MCC6516,1420543,0
TXN0001632,CUST00013,2023-06-26,454334,debit,atm,MCC3378,1951157,1
TXN0001633,CUST00196,2023-07-22,1955,debit,mobile_app,MCC1420,1806554,0
TXN0001634,CUST00098,2023-09-04,253572,emi_payment,branch,MCC8192,453168,0
TXN0001635,CUST00412,2023-10-21,191307,atm_withdrawal,branch,MCC8219,1882309,0
TXN0001636,CUST00452,2023-05-14,445244,debit,internet_banking,MCC1094,990281,0
TXN0001637,CUST00536,2023-03-02,160205,transfer,pos,MCC5303,516873,0
TXN0001638,CUST00759,2023-11-04,360301,credit,pos,MCC5348,1782337,0
TXN0001639,CUST00113,2023-10-06,58445,debit,mobile_app,MCC5176,941018,0
TXN0001640,CUST00943,2023-07-14,106334,credit,atm,MCC4322,1374670,1
TXN0001641,CUST00264,2023-01-15,492617,transfer,pos,MCC3954,1220126,0
TXN0001642,CUST00522,2023-06-20,192441,emi_payment,internet_banking,MCC4010,597492,0
TXN0001643,CUST00211,2023-08-15,382943,atm_withdrawal,atm,MCC9281,1965971,1
TXN0001644,CUST00356,2023-11-10,483915,atm_withdrawal,atm,MCC9928,1667903,0
TXN0001645,CUST00833,2023-07-05,482614,debit,mobile_app,MCC2006,1058429,0
TXN0001646,CUST00045,2023-06-18,9889,atm_withdrawal,pos,MCC7487,1147872,0
TXN0001647,CUST00484,2023-05-19,116415,transfer,atm,MCC6160,139173,0
TXN0001648,CUST00584,2023-06-01,357320,debit,internet_banking,MCC3301,1459969,0
TXN0001649,CUST00570,2023-01-06,463405,emi_payment,internet_banking,MCC2673,1819623,0
TXN0001650,CUST00381,2023-02-07,489391,debit,atm,MCC7771,1938818,0
TXN0001651,CUST00378,2023-10-04,360159,transfer,pos,MCC4281,1119960,0
TXN0001652,CUST00910,2023-05-13,52163,atm_withdrawal,mobile_app,MCC2165,1995018,0
TXN0001653,CUST00241,2023-11-07,371283,atm_withdrawal,internet_banking,MCC9721,1596664,0
TXN0001654,CUST00481,2023-05-25,136069,credit,atm,MCC9332,1009643,0
TXN0001655,CUST00365,2023-12-30,404327,debit,mobile_app,MCC4767,1600769,0
TXN0001656,CUST00766,2023-03-07,273551,transfer,pos,MCC4837,313225,0
TXN0001657,CUST00806,2023-03-10,92019,debit,internet_banking,MCC4783,1351469,0
TXN0001658,CUST00849,2023-08-03,421898,atm_withdrawal,pos,MCC2715,1239118,0
TXN0001659,CUST00085,2023-10-20,494427,credit,mobile_app,MCC1949,986391,0
TXN0001660,CUST00099,2023-02-22,253305,debit,pos,MCC3455,1287706,0
TXN0001661,CUST00376,2023-07-03,406300,credit,mobile_app,MCC4481,1704258,0
TXN0001662,CUST00441,2023-03-23,29892,credit,atm,MCC2396,1144289,0
TXN0001663,CUST00064,2023-09-27,135669,emi_payment,internet_banking,MCC1319,758059,0
TXN0001664,CUST00894,2023-07-24,63679,atm_withdrawal,branch,MCC9374,844097,0
TXN0001665,CUST00897,2023-08-27,142036,emi_payment,mobile_app,MCC8897,1136596,0
TXN0001666,CUST00425,2023-04-09,188034,emi_payment,atm,MCC3752,1163120,0
TXN0001667,CUST00770,2023-04-16,215738,credit,atm,MCC6529,627111,0
TXN0001668,CUST00566,2023-08-22,161338,atm_withdrawal,internet_banking,MCC2285,1068080,0
TXN0001669,CUST00658,2023-05-09,272425,atm_withdrawal,branch,MCC9339,575120,0
TXN0001670,CUST00874,2023-09-10,109917,emi_payment,branch,MCC8315,1889385,0
TXN0001671,CUST00093,2023-02-26,173956,emi_payment,atm,MCC2583,1069166,0
TXN0001672,CUST00233,2023-04-20,420080,credit,branch,MCC2919,1675200,0
TXN0001673,CUST00429,2023-02-07,281161,transfer,mobile_app,MCC3994,758976,0
TXN0001674,CUST00895,2023-02-01,13538,atm_withdrawal,branch,MCC1847,787378,0
TXN0001675,CUST00592,2023-04-06,164201,transfer,internet_banking,MCC4121,576954,0
TXN0001676,CUST00398,2023-06-28,414689,emi_payment,branch,MCC7014,1141733,0
TXN0001677,CUST00029,2023-02-22,90159,atm_withdrawal,internet_banking,MCC7534,1232528,0
TXN0001678,CUST00594,2023-02-03,460847,atm_withdrawal,internet_banking,MCC1066,1132105,0
TXN0001679,CUST00270,2023-11-17,148007,credit,internet_banking,MCC4167,1673924,0
TXN0001680,CUST00329,2023-07-08,315092,transfer,internet_banking,MCC8490,1021436,0
TXN0001681,CUST00996,2023-09-19,237558,credit,atm,MCC8834,1642083,0
TXN0001682,CUST00528,2023-09-23,312712,transfer,internet_banking,MCC6063,116131,0
TXN0001683,CUST00139,2023-02-07,398699,emi_payment,atm,MCC7617,720030,0
TXN0001684,CUST00050,2023-08-15,74593,credit,branch,MCC3221,1425188,0
TXN0001685,CUST00389,2023-11-11,176171,credit,atm,MCC8814,766963,0
TXN0001686,CUST00066,2023-06-13,284202,credit,mobile_app,MCC5261,1462541,0
TXN0001687,CUST00429,2023-11-11,130373,emi_payment,internet_banking,MCC7224,1183817,0
TXN0001688,CUST00415,2023-12-12,187649,atm_withdrawal,pos,MCC3361,968369,0
TXN0001689,CUST00880,2023-07-19,442931,debit,pos,MCC2555,1115680,0
TXN0001690,CUST00335,2023-02-07,114601,atm_withdrawal,mobile_app,MCC5795,1803145,0
TXN0001691,CUST00277,2023-08-14,94937,debit,pos,MCC5701,1357148,0
TXN0001692,CUST00616,2023-11-18,291706,transfer,pos,MCC6144,1967844,0
TXN0001693,CUST00640,2023-07-31,49961,debit,mobile_app,MCC8271,191513,0
TXN0001694,CUST00038,2023-10-20,695,atm_withdrawal,internet_banking,MCC7944,1625825,0
TXN0001695,CUST00084,2023-07-15,434831,emi_payment,mobile_app,MCC3715,1782506,0
TXN0001696,CUST00168,2023-06-03,138278,credit,pos,MCC5194,1855726,0
TXN0001697,CUST00777,2023-12-12,60326,emi_payment,pos,MCC1767,1078212,1
TXN0001698,CUST00210,2023-02-25,328055,atm_withdrawal,atm,MCC8078,975005,0
TXN0001699,CUST00993,2023-06-13,240505,credit,internet_banking,MCC2218,1167407,0
TXN0001700,CUST00441,2023-02-26,227574,emi_payment,pos,MCC1623,1828482,0
TXN0001701,CUST00934,2023-08-27,219241,credit,pos,MCC5682,1733518,0
TXN0001702,CUST00247,2023-12-03,72905,emi_payment,pos,MCC9291,1870053,0
TXN0001703,CUST00424,2023-12-31,429285,transfer,internet_banking,MCC4386,1938121,0
TXN0001704,CUST00138,2023-03-27,758,emi_payment,atm,MCC2669,1247134,0
TXN0001705,CUST00847,2023-09-23,241639,emi_payment,atm,MCC2658,518073,0
TXN0001706,CUST00598,2023-11-16,135292,emi_payment,mobile_app,MCC8528,301442,0
TXN0001707,CUST00076,2023-11-01,320901,debit,branch,MCC6943,1795325,0
TXN0001708,CUST00744,2023-07-03,274574,atm_withdrawal,branch,MCC5451,304615,0
TXN0001709,CUST00888,2023-03-05,192491,debit,branch,MCC9345,140809,0
TXN0001710,CUST00686,2023-06-18,267319,credit,internet_banking,MCC1942,944611,0
TXN0001711,CUST00809,2023-10-11,113576,transfer,atm,MCC6546,1486423,0
TXN0001712,CUST00277,2023-08-15,65622,atm_withdrawal,pos,MCC4237,1471161,0
TXN0001713,CUST00433,2023-05-22,452662,emi_payment,atm,MCC3100,508290,0
TXN0001714,CUST00855,2023-03-20,306887,debit,pos,MCC9264,1002788,0
TXN0001715,CUST00609,2023-08-26,326950,credit,atm,MCC9610,1788832,0
TXN0001716,CUST00612,2023-06-06,499462,debit,internet_banking,MCC8511,1599699,0
TXN0001717,CUST00768,2023-06-22,452077,transfer,atm,MCC2335,1833490,0
TXN0001718,CUST00615,2023-12-09,292474,emi_payment,atm,MCC7500,1539576,0
TXN0001719,CUST00127,2023-01-04,396195,emi_payment,pos,MCC4225,182296,0
TXN0001720,CUST00213,2023-03-28,263866,emi_payment,internet_banking,MCC4418,407216,0
TXN0001721,CUST00779,2023-12-02,119027,emi_payment,mobile_app,MCC2743,338091,0
TXN0001722,CUST00243,2023-12-03,311354,atm_withdrawal,atm,MCC6298,265528,0
TXN0001723,CUST00666,2023-04-21,456535,atm_withdrawal,atm,MCC8714,1716980,0
TXN0001724,CUST00475,2023-12-29,439847,credit,atm,MCC3088,1411669,0
TXN0001725,CUST00621,2023-03-19,252641,credit,atm,MCC5837,1827460,0
TXN0001726,CUST00238,2023-01-19,473005,debit,branch,MCC6829,640760,0
TXN0001727,CUST00311,2023-04-23,98865,credit,mobile_app,MCC6674,1959647,0
TXN0001728,CUST00689,2023-07-13,20612,transfer,pos,MCC3348,1862793,0
TXN0001729,CUST00172,2023-01-03,201687,emi_payment,internet_banking,MCC1259,212044,0
TXN0001730,CUST00309,2023-03-04,102576,atm_withdrawal,internet_banking,MCC8460,1737015,0
TXN0001731,CUST00999,2023-10-16,478838,transfer,pos,MCC6369,221523,0
TXN0001732,CUST00152,2023-08-15,57970,atm_withdrawal,atm,MCC7339,902476,0
TXN0001733,CUST00578,2023-08-09,267362,transfer,branch,MCC5786,361561,0
TXN0001734,CUST00152,2023-12-28,386199,atm_withdrawal,atm,MCC4474,1161011,0
TXN0001735,CUST00708,2023-03-25,55523,atm_withdrawal,mobile_app,MCC3265,35356,0
TXN0001736,CUST00128,2023-11-24,22876,transfer,internet_banking,MCC6934,1694207,0
TXN0001737,CUST00574,2023-05-10,276844,atm_withdrawal,internet_banking,MCC8482,952704,0
TXN0001738,CUST00440,2023-12-04,451327,atm_withdrawal,branch,MCC3925,1742738,0
TXN0001739,CUST00692,2023-10-13,8244,credit,internet_banking,MCC1216,866704,0
TXN0001740,CUST00004,2023-03-19,10375,credit,mobile_app,MCC2400,1113948,0
TXN0001741,CUST00517,2023-03-18,462765,debit,atm,MCC6212,1476139,0
TXN0001742,CUST00543,2023-07-17,301313,atm_withdrawal,branch,MCC3116,1943826,0
TXN0001743,CUST00241,2023-07-03,350729,transfer,internet_banking,MCC8327,748527,0
TXN0001744,CUST00299,2023-03-27,137860,transfer,pos,MCC3444,1041937,0
TXN0001745,CUST00707,2023-04-06,156237,credit,internet_banking,MCC5443,648840,0
TXN0001746,CUST00553,2023-11-25,235334,credit,mobile_app,MCC3039,82215,0
TXN0001747,CUST00579,2023-10-03,107098,transfer,pos,MCC5090,1746139,0
TXN0001748,CUST00936,2023-03-11,220998,transfer,mobile_app,MCC7104,1125390,0
TXN0001749,CUST00406,2023-09-22,476995,debit,mobile_app,MCC8161,744832,1
TXN0001750,CUST00870,2023-02-26,374471,emi_payment,branch,MCC7656,1554013,0
TXN0001751,CUST00975,2023-06-12,434551,credit,branch,MCC5565,1637382,0
TXN0001752,CUST00577,2023-01-05,248371,credit,internet_banking,MCC5113,1969870,0
TXN0001753,CUST00212,2023-08-25,393775,debit,pos,MCC3929,873657,0
TXN0001754,CUST00419,2023-03-08,210668,debit,internet_banking,MCC9889,210737,0
TXN0001755,CUST00047,2023-03-28,308757,credit,pos,MCC7600,970642,0
TXN0001756,CUST00699,2023-03-11,365165,emi_payment,atm,MCC9018,881074,0
TXN0001757,CUST00274,2023-03-08,412450,atm_withdrawal,mobile_app,MCC7656,414963,0
TXN0001758,CUST00924,2023-01-29,462910,atm_withdrawal,branch,MCC1783,1173299,0
TXN0001759,CUST00654,2023-07-22,52839,credit,mobile_app,MCC3386,828223,0
TXN0001760,CUST00490,2023-11-13,396981,emi_payment,pos,MCC5143,1762927,0
TXN0001761,CUST00187,2023-04-21,354864,credit,atm,MCC3832,95410,0
TXN0001762,CUST00100,2023-10-12,368384,debit,branch,MCC9175,1431779,0
TXN0001763,CUST00673,2023-07-18,7439,transfer,atm,MCC5425,1203875,0
TXN0001764,CUST00767,2023-04-03,243912,emi_payment,atm,MCC2982,462492,0
TXN0001765,CUST00267,2023-01-23,480429,emi_payment,branch,MCC6380,704855,0
TXN0001766,CUST00011,2023-10-13,450117,debit,internet_banking,MCC4405,1718778,0
TXN0001767,CUST00320,2023-01-09,115496,emi_payment,internet_banking,MCC2151,728177,0
TXN0001768,CUST00765,2023-06-04,243208,credit,internet_banking,MCC9521,1328486,0
TXN0001769,CUST00581,2023-01-13,431967,credit,atm,MCC9508,1025064,0
TXN0001770,CUST00085,2023-10-11,465149,debit,branch,MCC7983,1790313,0
TXN0001771,CUST00115,2023-12-28,165639,credit,branch,MCC3827,1321144,0
TXN0001772,CUST00107,2023-04-28,401480,transfer,atm,MCC8490,1668747,0
TXN0001773,CUST00759,2023-04-25,417397,debit,branch,MCC3593,1807198,0
TXN0001774,CUST00782,2023-07-26,75215,credit,pos,MCC8914,258524,0
TXN0001775,CUST00408,2023-07-03,16077,transfer,internet_banking,MCC8956,1667468,0
TXN0001776,CUST00690,2023-05-20,23591,debit,mobile_app,MCC2540,1920941,0
TXN0001777,CUST00021,2023-05-14,72769,atm_withdrawal,branch,MCC3833,72409,0
TXN0001778,CUST00562,2023-03-10,370453,credit,branch,MCC7292,908592,0
TXN0001779,CUST00273,2023-04-02,194817,emi_payment,pos,MCC3106,509719,0
TXN0001780,CUST00821,2023-08-02,342950,emi_payment,atm,MCC8224,1965105,0
TXN0001781,CUST00489,2023-09-26,45025,emi_payment,pos,MCC7110,703925,0
TXN0001782,CUST00852,2023-10-02,301084,credit,mobile_app,MCC3038,374014,0
TXN0001783,CUST00563,2023-07-08,372569,debit,branch,MCC7981,191237,0
TXN0001784,CUST00458,2023-10-02,488122,debit,pos,MCC1390,1586636,0
TXN0001785,CUST00947,2023-08-05,159717,credit,branch,MCC4455,117593,0
TXN0001786,CUST00997,2023-05-11,272746,transfer,internet_banking,MCC2605,609783,0
TXN0001787,CUST00456,2023-05-09,241602,emi_payment,atm,MCC1000,1108785,0
TXN0001788,CUST00358,2023-07-09,174015,emi_payment,pos,MCC7671,89610,0
TXN0001789,CUST00647,2023-04-23,319932,atm_withdrawal,internet_banking,MCC2374,349598,0
TXN0001790,CUST00172,2023-10-06,282526,atm_withdrawal,branch,MCC7247,1988080,0
TXN0001791,CUST00387,2023-03-09,416507,credit,pos,MCC1678,915720,0
TXN0001792,CUST00846,2023-01-20,14303,transfer,mobile_app,MCC9024,607070,0
TXN0001793,CUST00897,2023-06-29,111033,atm_withdrawal,mobile_app,MCC9799,1739580,0
TXN0001794,CUST00416,2023-01-27,289674,emi_payment,atm,MCC3852,161038,0
TXN0001795,CUST00391,2023-03-11,286926,transfer,atm,MCC5375,528354,0
TXN0001796,CUST00875,2023-05-18,451224,atm_withdrawal,mobile_app,MCC6595,1720994,0
TXN0001797,CUST00203,2023-01-02,337458,debit,branch,MCC6307,1505822,0
TXN0001798,CUST00062,2023-03-23,2264,emi_payment,atm,MCC1241,864040,0
TXN0001799,CUST00073,2023-07-18,244619,atm_withdrawal,pos,MCC9811,1961502,0
TXN0001800,CUST00112,2023-05-17,422667,transfer,pos,MCC9414,1152904,0
TXN0001801,CUST00880,2023-11-24,436582,emi_payment,internet_banking,MCC5380,1490781,0
TXN0001802,CUST00041,2023-02-04,400984,debit,branch,MCC5989,1969687,0
TXN0001803,CUST00333,2023-09-20,238766,emi_payment,atm,MCC2529,1008643,0
TXN0001804,CUST00603,2023-08-05,53140,credit,internet_banking,MCC7734,961418,0
TXN0001805,CUST00610,2023-08-24,106743,atm_withdrawal,mobile_app,MCC5630,1327290,0
TXN0001806,CUST00832,2023-09-03,423430,credit,branch,MCC3554,134197,0
TXN0001807,CUST00981,2023-01-20,170377,credit,atm,MCC3763,857228,0
TXN0001808,CUST00403,2023-10-17,381796,credit,branch,MCC1737,1382372,0
TXN0001809,CUST00234,2023-05-01,18190,emi_payment,atm,MCC8099,757996,0
TXN0001810,CUST00091,2023-08-26,245574,atm_withdrawal,atm,MCC1565,1421198,0
TXN0001811,CUST00892,2023-04-18,475197,credit,pos,MCC6070,806663,0
TXN0001812,CUST00374,2023-05-25,122682,credit,atm,MCC8331,388416,0
TXN0001813,CUST00899,2023-09-13,15359,emi_payment,mobile_app,MCC1471,292598,0
TXN0001814,CUST00349,2023-12-08,144121,transfer,branch,MCC2367,1090823,0
TXN0001815,CUST00757,2023-11-17,31611,transfer,mobile_app,MCC7860,387060,0
TXN0001816,CUST00644,2023-09-23,306176,atm_withdrawal,atm,MCC8415,738441,0
TXN0001817,CUST00714,2023-07-16,95962,transfer,pos,MCC1730,1039904,0
TXN0001818,CUST00653,2023-07-12,123227,emi_payment,atm,MCC3387,99843,0
TXN0001819,CUST00307,2023-12-19,293879,atm_withdrawal,internet_banking,MCC6456,840829,0
TXN0001820,CUST00104,2023-03-17,162745,credit,atm,MCC5870,623204,0
TXN0001821,CUST00011,2023-12-15,325293,atm_withdrawal,mobile_app,MCC5650,627886,0
TXN0001822,CUST00421,2023-08-25,465426,atm_withdrawal,internet_banking,MCC3356,1819065,1
TXN0001823,CUST00892,2023-08-13,465647,transfer,internet_banking,MCC5850,1849779,0
TXN0001824,CUST00643,2023-08-04,364691,credit,branch,MCC1450,600494,0
TXN0001825,CUST00675,2023-10-24,484358,debit,internet_banking,MCC8853,1761870,0
TXN0001826,CUST00259,2023-09-07,368063,debit,branch,MCC5879,446126,0
TXN0001827,CUST00487,2023-02-04,34025,atm_withdrawal,mobile_app,MCC4353,693756,0
TXN0001828,CUST00408,2023-10-13,477972,transfer,pos,MCC4303,1881825,0
TXN0001829,CUST00137,2023-09-23,283445,emi_payment,internet_banking,MCC4329,203212,0
TXN0001830,CUST00614,2023-11-30,2996,credit,pos,MCC4915,764653,0
TXN0001831,CUST00364,2023-12-08,310295,credit,mobile_app,MCC2734,1610031,0
TXN0001832,CUST00403,2023-12-13,122318,atm_withdrawal,pos,MCC6413,1881118,0
TXN0001833,CUST00597,2023-01-16,267253,emi_payment,atm,MCC2653,1897041,0
TXN0001834,CUST00031,2023-08-19,329021,credit,internet_banking,MCC3822,1760468,0
TXN0001835,CUST00937,2023-12-08,13985,debit,atm,MCC8836,1928906,0
TXN0001836,CUST00223,2023-12-19,219191,atm_withdrawal,atm,MCC6073,940928,0
TXN0001837,CUST00680,2023-07-20,27848,debit,atm,MCC9126,646193,0
TXN0001838,CUST00777,2023-11-29,56491,debit,pos,MCC6919,769923,0
TXN0001839,CUST00154,2023-11-18,105737,credit,pos,MCC8050,241237,0
TXN0001840,CUST00249,2023-01-01,390638,atm_withdrawal,mobile_app,MCC1805,275435,1
TXN0001841,CUST00413,2023-11-20,206624,emi_payment,internet_banking,MCC5538,1947342,0
TXN0001842,CUST00818,2023-08-21,23631,debit,mobile_app,MCC4150,381232,0
TXN0001843,CUST00636,2023-07-29,373564,atm_withdrawal,mobile_app,MCC1153,1232619,0
TXN0001844,CUST00467,2023-03-07,271971,atm_withdrawal,mobile_app,MCC1809,464886,0
TXN0001845,CUST00850,2023-12-02,70891,emi_payment,atm,MCC2708,1328083,0
TXN0001846,CUST00473,2023-04-18,281275,debit,atm,MCC1062,940707,0
TXN0001847,CUST00886,2023-06-02,124455,debit,mobile_app,MCC4935,210207,0
TXN0001848,CUST00771,2023-04-19,318017,atm_withdrawal,branch,MCC1461,744226,0
TXN0001849,CUST00173,2023-12-20,473796,atm_withdrawal,mobile_app,MCC8419,1461444,0
TXN0001850,CUST00384,2023-06-26,157881,atm_withdrawal,mobile_app,MCC6329,1600768,0
TXN0001851,CUST00026,2023-02-11,372751,transfer,mobile_app,MCC9666,579112,0
TXN0001852,CUST00239,2023-01-04,11898,transfer,branch,MCC1758,593351,0
TXN0001853,CUST00023,2023-12-24,203630,debit,mobile_app,MCC1719,1459202,0
TXN0001854,CUST00106,2023-03-28,444502,debit,atm,MCC8815,849039,0
TXN0001855,CUST00005,2023-10-09,37396,credit,pos,MCC4527,140312,0
TXN0001856,CUST00672,2023-01-11,464609,emi_payment,pos,MCC7834,245414,0
TXN0001857,CUST00410,2023-11-24,46909,transfer,pos,MCC2709,747376,0
TXN0001858,CUST00470,2023-08-26,241046,emi_payment,atm,MCC1079,542439,0
TXN0001859,CUST00765,2023-03-24,90603,transfer,pos,MCC5480,237748,0
TXN0001860,CUST00810,2023-11-21,10418,transfer,pos,MCC6158,1566040,0
TXN0001861,CUST00533,2023-04-19,174709,atm_withdrawal,internet_banking,MCC2002,917851,0
TXN0001862,CUST00458,2023-12-31,290477,emi_payment,atm,MCC1092,1414200,0
TXN0001863,CUST00650,2023-08-07,361216,atm_withdrawal,internet_banking,MCC2908,3975,0
TXN0001864,CUST00415,2023-06-13,158033,atm_withdrawal,pos,MCC1982,804440,0
TXN0001865,CUST00443,2023-01-22,246262,emi_payment,mobile_app,MCC9964,956077,0
TXN0001866,CUST00299,2023-04-05,91324,atm_withdrawal,branch,MCC9893,1154946,0
TXN0001867,CUST00190,2023-01-22,364828,credit,internet_banking,MCC1142,1936185,0
TXN0001868,CUST00200,2023-11-08,84559,transfer,pos,MCC5112,916667,0
TXN0001869,CUST00656,2023-02-06,430531,debit,internet_banking,MCC4460,978652,0
TXN0001870,CUST00831,2023-02-11,89709,debit,pos,MCC1244,1790441,0
TXN0001871,CUST00424,2023-02-15,332064,debit,branch,MCC6998,796858,0
TXN0001872,CUST00096,2023-12-22,165487,debit,atm,MCC8651,789381,0
TXN0001873,CUST00611,2023-12-21,498250,transfer,branch,MCC6500,319523,0
TXN0001874,CUST00903,2023-09-18,140382,emi_payment,branch,MCC9255,1444228,0
TXN0001875,CUST00528,2023-01-27,474369,atm_withdrawal,internet_banking,MCC6736,38963,0
TXN0001876,CUST00027,2023-07-03,418228,atm_withdrawal,internet_banking,MCC5934,437058,0
TXN0001877,CUST00082,2023-12-13,234035,debit,atm,MCC9529,836194,0
TXN0001878,CUST00523,2023-02-05,247707,transfer,internet_banking,MCC7352,868194,0
TXN0001879,CUST00862,2023-10-17,176958,transfer,pos,MCC7880,77148,0
TXN0001880,CUST00059,2023-01-07,213880,debit,mobile_app,MCC8020,1058662,0
TXN0001881,CUST00754,2023-10-21,233048,debit,internet_banking,MCC1285,1943941,0
TXN0001882,CUST00780,2023-07-18,73002,credit,mobile_app,MCC7611,209293,0
TXN0001883,CUST00052,2023-11-21,161518,atm_withdrawal,pos,MCC7735,987194,0
TXN0001884,CUST00212,2023-06-01,437957,credit,branch,MCC5450,1174836,0
TXN0001885,CUST00004,2023-10-14,489455,credit,mobile_app,MCC6078,648055,0
TXN0001886,CUST00566,2023-11-04,27505,atm_withdrawal,mobile_app,MCC8493,1149329,0
TXN0001887,CUST00175,2023-04-29,366193,credit,pos,MCC2276,681613,0
TXN0001888,CUST00917,2023-08-23,119841,emi_payment,pos,MCC5745,317505,0
TXN0001889,CUST00092,2023-06-18,326976,atm_withdrawal,internet_banking,MCC7934,1680807,0
TXN0001890,CUST00650,2023-06-07,310773,debit,atm,MCC3335,1997299,0
TXN0001891,CUST00787,2023-10-19,439455,transfer,internet_banking,MCC3373,771833,0
TXN0001892,CUST00179,2023-03-24,351185,credit,pos,MCC1036,184986,0
TXN0001893,CUST00253,2023-02-13,411824,debit,atm,MCC3810,327005,0
TXN0001894,CUST00797,2023-06-25,400598,debit,branch,MCC4226,1790606,0
TXN0001895,CUST00093,2023-10-27,323729,emi_payment,pos,MCC9570,1761651,0
TXN0001896,CUST00442,2023-03-01,205204,emi_payment,internet_banking,MCC1743,983031,0
TXN0001897,CUST00251,2023-05-05,168614,transfer,pos,MCC6816,1742746,0
TXN0001898,CUST00014,2023-09-01,173435,emi_payment,internet_banking,MCC1569,445409,0
TXN0001899,CUST00452,2023-06-24,179393,emi_payment,pos,MCC8193,800678,0
TXN0001900,CUST00487,2023-08-10,144346,debit,pos,MCC5222,225597,0
TXN0001901,CUST00348,2023-07-12,155424,debit,branch,MCC4831,1089669,0
TXN0001902,CUST00813,2023-10-23,284090,credit,mobile_app,MCC9492,1398840,0
TXN0001903,CUST00097,2023-11-16,135159,transfer,atm,MCC7740,1923177,0
TXN0001904,CUST00430,2023-06-14,174382,atm_withdrawal,atm,MCC1949,1508900,0
TXN0001905,CUST00181,2023-06-07,354572,atm_withdrawal,pos,MCC3395,1329783,0
TXN0001906,CUST00759,2023-04-12,164114,atm_withdrawal,internet_banking,MCC3463,1346881,0
TXN0001907,CUST00557,2023-06-11,53368,credit,internet_banking,MCC6486,1258163,0
TXN0001908,CUST00706,2023-11-02,8543,transfer,internet_banking,MCC8469,839741,0
TXN0001909,CUST00108,2023-07-03,382597,debit,internet_banking,MCC6738,1000062,0
TXN0001910,CUST00457,2023-09-10,474163,transfer,mobile_app,MCC4616,345147,0
TXN0001911,CUST00051,2023-06-02,341308,debit,mobile_app,MCC7718,40014,0
TXN0001912,CUST00324,2023-09-15,30391,atm_withdrawal,branch,MCC7828,1579075,0
TXN0001913,CUST00946,2023-09-18,281718,transfer,pos,MCC1725,992111,0
TXN0001914,CUST00727,2023-07-12,135508,emi_payment,mobile_app,MCC5880,1742460,0
TXN0001915,CUST00079,2023-12-08,160466,debit,internet_banking,MCC7395,243589,1
TXN0001916,CUST00369,2023-11-16,460717,atm_withdrawal,pos,MCC6434,783741,0
TXN0001917,CUST00871,2023-02-27,412215,transfer,mobile_app,MCC3203,514732,0
TXN0001918,CUST00171,2023-03-25,367700,debit,mobile_app,MCC2450,1682435,0
TXN0001919,CUST00758,2023-12-15,250499,credit,pos,MCC3617,753746,0
TXN0001920,CUST00321,2023-05-27,289112,credit,internet_banking,MCC4170,1271200,0
TXN0001921,CUST00478,2023-04-24,457963,debit,internet_banking,MCC9292,168651,0
TXN0001922,CUST00877,2023-10-18,330440,debit,mobile_app,MCC6595,1053956,0
TXN0001923,CUST00673,2023-08-08,289537,emi_payment,branch,MCC8520,882683,1
TXN0001924,CUST00284,2023-02-18,48620,atm_withdrawal,pos,MCC1240,1221210,0
TXN0001925,CUST00009,2023-02-03,498226,emi_payment,pos,MCC8054,1170604,0
TXN0001926,CUST00235,2023-10-22,404342,emi_payment,atm,MCC2694,215501,0
TXN0001927,CUST00418,2023-10-07,182435,debit,atm,MCC6091,100019,0
TXN0001928,CUST00134,2023-05-09,125128,debit,atm,MCC4478,250798,0
TXN0001929,CUST00883,2023-11-11,483911,debit,atm,MCC8772,435407,0
TXN0001930,CUST00056,2023-02-15,478111,atm_withdrawal,branch,MCC7070,1453407,0
TXN0001931,CUST00541,2023-11-14,210192,emi_payment,internet_banking,MCC5142,538391,0
TXN0001932,CUST00977,2023-01-29,115764,atm_withdrawal,pos,MCC5585,1939894,0
TXN0001933,CUST00335,2023-08-21,398931,atm_withdrawal,pos,MCC7361,173474,0
TXN0001934,CUST00537,2023-11-04,312719,credit,mobile_app,MCC7467,1015608,0
TXN0001935,CUST00074,2023-08-15,450050,transfer,mobile_app,MCC6158,1431616,1
TXN0001936,CUST00730,2023-10-12,272707,emi_payment,atm,MCC7541,108001,0
TXN0001937,CUST00978,2023-05-06,275968,emi_payment,mobile_app,MCC8101,1028116,0
TXN0001938,CUST00773,2023-04-16,71637,emi_payment,pos,MCC1279,136146,0
TXN0001939,CUST00150,2023-04-08,301595,transfer,pos,MCC4302,1579671,0
TXN0001940,CUST00353,2023-02-12,181527,debit,mobile_app,MCC9114,934729,0
TXN0001941,CUST00724,2023-04-12,102811,atm_withdrawal,atm,MCC3890,1729377,0
TXN0001942,CUST00799,2023-04-01,390668,emi_payment,mobile_app,MCC8417,1315329,0
TXN0001943,CUST00404,2023-10-04,172964,atm_withdrawal,internet_banking,MCC5942,633781,0
TXN0001944,CUST00962,2023-03-19,106372,credit,branch,MCC3439,309753,0
TXN0001945,CUST00204,2023-03-02,480285,debit,atm,MCC4151,316638,0
TXN0001946,CUST00742,2023-09-25,481432,atm_withdrawal,mobile_app,MCC5360,66069,0
TXN0001947,CUST00497,2023-07-16,247327,atm_withdrawal,mobile_app,MCC2123,600623,0
TXN0001948,CUST00712,2023-03-20,147812,atm_withdrawal,internet_banking,MCC3773,1458938,0
TXN0001949,CUST00597,2023-09-15,80992,transfer,atm,MCC7128,709432,0
TXN0001950,CUST00433,2023-03-20,313398,atm_withdrawal,branch,MCC9158,292263,0
TXN0001951,CUST00816,2023-10-14,305442,credit,internet_banking,MCC9552,160062,0
TXN0001952,CUST00842,2023-01-12,309471,emi_payment,mobile_app,MCC4444,876359,0
TXN0001953,CUST00818,2023-08-04,383899,transfer,pos,MCC8146,419761,0
TXN0001954,CUST00089,2023-08-06,235442,debit,atm,MCC4564,1468272,0
TXN0001955,CUST00424,2023-05-17,341689,emi_payment,pos,MCC8260,673680,0
TXN0001956,CUST00750,2023-09-09,327714,credit,branch,MCC9206,250589,0
TXN0001957,CUST00867,2023-05-19,397826,debit,pos,MCC5010,545449,0
TXN0001958,CUST00362,2023-08-27,371814,emi_payment,atm,MCC6405,885506,0
TXN0001959,CUST00741,2023-03-23,18067,emi_payment,branch,MCC8801,75322,0
TXN0001960,CUST00566,2023-07-27,309539,credit,branch,MCC2240,222910,0
TXN0001961,CUST00221,2023-10-04,487707,atm_withdrawal,branch,MCC3220,1921940,0
TXN0001962,CUST00893,2023-12-19,280041,emi_payment,branch,MCC6633,695016,0
TXN0001963,CUST00445,2023-05-12,264930,debit,atm,MCC2611,1496315,0
TXN0001964,CUST00606,2023-06-22,303353,credit,branch,MCC8149,1824866,0
TXN0001965,CUST00289,2023-06-23,280042,atm_withdrawal,pos,MCC3397,227067,0
TXN0001966,CUST00026,2023-11-10,201037,debit,pos,MCC4040,1372266,0
TXN0001967,CUST00453,2023-12-18,496975,atm_withdrawal,branch,MCC8295,1666011,0
TXN0001968,CUST00723,2023-08-24,35529,transfer,internet_banking,MCC5742,46186,0
TXN0001969,CUST00328,2023-10-28,407146,emi_payment,atm,MCC8116,621622,0
TXN0001970,CUST00930,2023-01-31,79933,emi_payment,atm,MCC6640,268953,0
TXN0001971,CUST00751,2023-10-05,103311,transfer,internet_banking,MCC5627,63718,0
TXN0001972,CUST00643,2023-10-23,303391,transfer,pos,MCC5593,587641,0
TXN0001973,CUST00807,2023-09-18,319004,transfer,atm,MCC8224,365711,0
TXN0001974,CUST00862,2023-08-02,463594,emi_payment,atm,MCC9991,1791098,0
TXN0001975,CUST00722,2023-11-25,147234,emi_payment,atm,MCC1218,474690,0
TXN0001976,CUST00826,2023-08-27,12967,transfer,internet_banking,MCC5560,1494172,0
TXN0001977,CUST00714,2023-11-05,127597,transfer,atm,MCC8049,102955,0
TXN0001978,CUST00862,2023-03-07,272063,emi_payment,mobile_app,MCC6789,1234985,0
TXN0001979,CUST00104,2023-08-31,178746,emi_payment,atm,MCC5355,1389883,0
TXN0001980,CUST00345,2023-06-09,126105,emi_payment,branch,MCC8141,305189,0
TXN0001981,CUST00888,2023-11-13,457066,transfer,branch,MCC5213,862125,0
TXN0001982,CUST00475,2023-11-18,280913,transfer,atm,MCC2229,1857749,0
TXN0001983,CUST00015,2023-11-05,336043,transfer,internet_banking,MCC3449,1228187,0
TXN0001984,CUST00849,2023-03-20,374853,transfer,atm,MCC1395,1616258,0
TXN0001985,CUST00656,2023-06-29,204642,debit,mobile_app,MCC7318,849460,0
TXN0001986,CUST00911,2023-01-01,367753,transfer,atm,MCC9755,478851,0
TXN0001987,CUST00017,2023-12-24,481880,transfer,atm,MCC4413,939715,0
TXN0001988,CUST00147,2023-04-04,362470,debit,mobile_app,MCC7589,808651,0
TXN0001989,CUST00511,2023-08-16,148496,atm_withdrawal,atm,MCC9841,1965817,0
TXN0001990,CUST00182,2023-06-27,389483,emi_payment,atm,MCC4539,856767,0
TXN0001991,CUST00521,2023-11-27,118132,debit,branch,MCC8939,1254697,0
TXN0001992,CUST00347,2023-10-27,36398,credit,atm,MCC1159,1175012,0
TXN0001993,CUST00211,2023-10-11,222117,transfer,mobile_app,MCC7098,743143,0
TXN0001994,CUST00771,2023-08-23,254837,atm_withdrawal,pos,MCC2497,749620,0
TXN0001995,CUST00039,2023-02-13,234948,transfer,pos,MCC8032,1689283,0
TXN0001996,CUST00875,2023-12-02,130963,atm_withdrawal,atm,MCC1087,420053,0
TXN0001997,CUST00154,2023-01-23,136541,debit,mobile_app,MCC8494,831896,0
TXN0001998,CUST00581,2023-06-16,460643,transfer,branch,MCC4567,1333979,0
TXN0001999,CUST00992,2023-05-19,145846,atm_withdrawal,pos,MCC3132,113151,0
TXN0002000,CUST00114,2023-05-23,391461,atm_withdrawal,atm,MCC5993,1355110,0
TXN0002001,CUST00927,2023-12-23,128872,credit,pos,MCC9906,1665462,0
TXN0002002,CUST00304,2023-03-26,53861,emi_payment,atm,MCC2445,884771,0
TXN0002003,CUST00742,2023-07-31,31703,debit,atm,MCC3790,1165972,0
TXN0002004,CUST00858,2023-03-21,121698,debit,internet_banking,MCC6758,973304,0
TXN0002005,CUST00232,2023-11-29,420663,atm_withdrawal,pos,MCC1843,1331842,0
TXN0002006,CUST00348,2023-09-26,227664,emi_payment,branch,MCC9587,101340,0
TXN0002007,CUST00861,2023-06-01,347545,credit,pos,MCC5712,1234770,0
TXN0002008,CUST00103,2023-01-30,481458,atm_withdrawal,internet_banking,MCC9913,912197,0
TXN0002009,CUST00109,2023-02-25,24147,atm_withdrawal,internet_banking,MCC4735,71389,0
TXN0002010,CUST00303,2023-03-30,54925,debit,mobile_app,MCC8497,1600796,0
TXN0002011,CUST00604,2023-05-29,460061,debit,atm,MCC3977,303523,0
TXN0002012,CUST00807,2023-11-20,284029,credit,atm,MCC4994,1182964,0
TXN0002013,CUST00563,2023-02-13,308987,emi_payment,internet_banking,MCC4121,1700480,0
TXN0002014,CUST00494,2023-07-30,170709,transfer,internet_banking,MCC5926,1841398,0
TXN0002015,CUST00871,2023-05-07,413416,transfer,branch,MCC3009,1256383,0
TXN0002016,CUST00172,2023-01-18,323205,transfer,atm,MCC5529,1433026,0
TXN0002017,CUST00902,2023-08-15,128932,transfer,internet_banking,MCC8559,1169620,0
TXN0002018,CUST00313,2023-09-15,324388,emi_payment,branch,MCC2400,1555274,0
TXN0002019,CUST00276,2023-12-17,2039,debit,mobile_app,MCC8135,1951809,0
TXN0002020,CUST00954,2023-07-04,120371,transfer,pos,MCC8688,916831,0
TXN0002021,CUST00646,2023-04-29,102042,credit,pos,MCC1313,825990,0
TXN0002022,CUST00432,2023-11-08,392926,emi_payment,atm,MCC7081,346898,0
TXN0002023,CUST00331,2023-04-01,367595,debit,pos,MCC5365,1958662,0
TXN0002024,CUST00442,2023-09-07,45722,debit,atm,MCC6740,1824370,0
TXN0002025,CUST00792,2023-12-11,453237,transfer,pos,MCC3651,1412532,0
TXN0002026,CUST00154,2023-01-02,409087,transfer,branch,MCC2982,1318392,1
TXN0002027,CUST00175,2023-12-04,217448,transfer,internet_banking,MCC3583,409426,0
TXN0002028,CUST00305,2023-03-17,106062,atm_withdrawal,pos,MCC2378,1818949,0
TXN0002029,CUST00483,2023-06-25,210193,emi_payment,mobile_app,MCC4648,115983,0
TXN0002030,CUST00815,2023-04-05,294830,credit,branch,MCC8856,1235044,0
TXN0002031,CUST00211,2023-02-22,315081,emi_payment,atm,MCC8006,507062,0
TXN0002032,CUST00787,2023-09-14,173720,transfer,atm,MCC2614,908961,0
TXN0002033,CUST00908,2023-06-25,50883,credit,atm,MCC6022,190259,0
TXN0002034,CUST00436,2023-07-05,304928,debit,branch,MCC1663,269478,0
TXN0002035,CUST00962,2023-06-26,352600,debit,pos,MCC1535,753894,0
TXN0002036,CUST00894,2023-09-30,133782,credit,internet_banking,MCC6629,795409,0
TXN0002037,CUST00798,2023-12-19,319794,atm_withdrawal,mobile_app,MCC3722,1763157,0
TXN0002038,CUST00381,2023-07-07,284524,transfer,atm,MCC7338,1195106,0
TXN0002039,CUST00301,2023-02-26,250727,transfer,internet_banking,MCC2403,62577,0
TXN0002040,CUST00865,2023-04-30,4198,credit,branch,MCC2076,1861528,0
TXN0002041,CUST00442,2023-07-01,153719,credit,branch,MCC7434,1220855,0
TXN0002042,CUST00032,2023-02-07,187289,emi_payment,internet_banking,MCC2861,1658615,0
TXN0002043,CUST00718,2023-03-25,416941,debit,pos,MCC1523,1848143,0
TXN0002044,CUST00348,2023-03-15,413212,emi_payment,internet_banking,MCC8098,1026283,0
TXN0002045,CUST00936,2023-12-22,436888,atm_withdrawal,atm,MCC7347,358585,0
TXN0002046,CUST00856,2023-05-27,231556,atm_withdrawal,mobile_app,MCC9365,895981,0
TXN0002047,CUST00105,2023-11-17,163528,credit,pos,MCC6390,1373430,0
TXN0002048,CUST00902,2023-07-21,249680,atm_withdrawal,pos,MCC5287,66546,0
TXN0002049,CUST00950,2023-07-04,395867,credit,mobile_app,MCC7033,1892110,0
TXN0002050,CUST00757,2023-12-09,310826,credit,atm,MCC8127,702376,0
TXN0002051,CUST00276,2023-09-10,300656,credit,branch,MCC6662,1319321,0
TXN0002052,CUST00670,2023-03-29,217161,debit,mobile_app,MCC3874,1962635,0
TXN0002053,CUST00869,2023-04-13,348268,credit,atm,MCC9007,1730723,0
TXN0002054,CUST00816,2023-09-01,433551,atm_withdrawal,atm,MCC7328,1482050,0
TXN0002055,CUST00432,2023-01-01,334017,emi_payment,pos,MCC8894,597546,0
TXN0002056,CUST00708,2023-02-25,201722,credit,atm,MCC6014,1049498,0
TXN0002057,CUST00386,2023-01-28,419992,credit,atm,MCC5048,1002827,0
TXN0002058,CUST00255,2023-09-18,471281,credit,atm,MCC8588,1724599,0
TXN0002059,CUST00673,2023-06-11,398307,debit,atm,MCC6503,79565,0
TXN0002060,CUST00467,2023-01-05,438481,debit,branch,MCC7982,46111,0
TXN0002061,CUST00225,2023-09-28,132822,atm_withdrawal,atm,MCC9008,236396,0
TXN0002062,CUST00661,2023-08-28,210601,emi_payment,mobile_app,MCC3556,1915248,0
TXN0002063,CUST00322,2023-09-20,124747,emi_payment,atm,MCC2736,1081063,0
TXN0002064,CUST00588,2023-03-01,182963,credit,internet_banking,MCC2344,1399337,0
TXN0002065,CUST00362,2023-11-16,366773,atm_withdrawal,branch,MCC6398,189024,0
TXN0002066,CUST00886,2023-03-07,338346,debit,atm,MCC8268,26628,0
TXN0002067,CUST00851,2023-07-28,1694,atm_withdrawal,mobile_app,MCC9784,1300468,0
TXN0002068,CUST00474,2023-07-24,377677,transfer,atm,MCC1295,1411063,0
TXN0002069,CUST00711,2023-03-21,96121,credit,internet_banking,MCC1014,854386,0
TXN0002070,CUST00178,2023-05-18,93012,emi_payment,atm,MCC7110,166255,0
TXN0002071,CUST00998,2023-01-20,271854,transfer,atm,MCC3425,979290,1
TXN0002072,CUST00215,2023-06-22,120598,credit,mobile_app,MCC5282,1279194,0
TXN0002073,CUST00867,2023-09-05,481490,emi_payment,internet_banking,MCC1708,426958,0
TXN0002074,CUST00847,2023-04-23,73211,emi_payment,pos,MCC1677,601771,0
TXN0002075,CUST00179,2023-07-16,75906,emi_payment,internet_banking,MCC5752,1493417,0
TXN0002076,CUST00009,2023-12-15,380369,transfer,branch,MCC7196,424184,0
TXN0002077,CUST00738,2023-03-27,143359,credit,mobile_app,MCC8975,198325,0
TXN0002078,CUST00870,2023-04-17,357229,transfer,atm,MCC5345,1256162,0
TXN0002079,CUST00717,2023-02-13,340773,atm_withdrawal,mobile_app,MCC6809,46306,0
TXN0002080,CUST00056,2023-07-17,94608,credit,internet_banking,MCC8740,868081,0
TXN0002081,CUST00646,2023-03-16,289990,atm_withdrawal,branch,MCC4886,1139128,0
TXN0002082,CUST00392,2023-11-08,268483,debit,atm,MCC2877,129046,0
TXN0002083,CUST00916,2023-04-17,47390,debit,branch,MCC8427,1306409,0
TXN0002084,CUST00801,2023-08-31,382143,credit,pos,MCC1020,1644685,0
TXN0002085,CUST00799,2023-03-11,428714,debit,branch,MCC3483,1947038,0
TXN0002086,CUST00408,2023-04-28,473519,atm_withdrawal,internet_banking,MCC2174,532245,0
TXN0002087,CUST00323,2023-03-04,44040,credit,mobile_app,MCC6790,654352,0
TXN0002088,CUST00823,2023-07-21,89343,debit,atm,MCC3426,1236420,0
TXN0002089,CUST00116,2023-01-11,412564,emi_payment,branch,MCC4098,1198577,0
TXN0002090,CUST00101,2023-01-31,152234,atm_withdrawal,atm,MCC6869,1218721,0
TXN0002091,CUST00063,2023-07-03,312806,atm_withdrawal,internet_banking,MCC3665,629318,0
TXN0002092,CUST00512,2023-07-19,174235,debit,internet_banking,MCC4263,112322,0
TXN0002093,CUST00076,2023-05-01,108868,emi_payment,branch,MCC5492,49862,0
TXN0002094,CUST00583,2023-06-07,312526,credit,internet_banking,MCC2064,1994633,0
TXN0002095,CUST00168,2023-06-02,102840,atm_withdrawal,pos,MCC9415,812711,0
TXN0002096,CUST00891,2023-10-04,68295,emi_payment,atm,MCC9833,895321,0
TXN0002097,CUST00433,2023-06-12,265272,emi_payment,pos,MCC7416,1252190,0
TXN0002098,CUST00094,2023-11-06,96795,atm_withdrawal,internet_banking,MCC1973,410713,0
TXN0002099,CUST00694,2023-03-21,96206,atm_withdrawal,mobile_app,MCC5251,763950,0
TXN0002100,CUST00339,2023-03-14,390240,debit,mobile_app,MCC4195,873495,0
TXN0002101,CUST00262,2023-05-28,264414,emi_payment,pos,MCC2497,189856,1
TXN0002102,CUST00660,2023-01-30,271072,debit,pos,MCC8888,1206123,0
TXN0002103,CUST00956,2023-09-02,71791,atm_withdrawal,atm,MCC4734,387586,0
TXN0002104,CUST00980,2023-05-23,80277,emi_payment,branch,MCC6872,6079,0
TXN0002105,CUST00436,2023-05-14,195429,debit,internet_banking,MCC7219,1241994,1
TXN0002106,CUST00849,2023-07-14,194277,credit,atm,MCC3877,600267,0
TXN0002107,CUST00210,2023-01-30,225869,atm_withdrawal,branch,MCC4137,1435657,0
TXN0002108,CUST00847,2023-05-18,67333,emi_payment,atm,MCC9732,1072660,0
TXN0002109,CUST00943,2023-12-21,449228,credit,mobile_app,MCC8420,58144,0
TXN0002110,CUST00518,2023-08-18,181408,atm_withdrawal,branch,MCC5509,1388953,0
TXN0002111,CUST00524,2023-07-29,408130,emi_payment,atm,MCC5801,81416,0
TXN0002112,CUST00565,2023-07-04,200159,debit,atm,MCC1072,626611,0
TXN0002113,CUST00074,2023-06-21,236140,credit,mobile_app,MCC2838,1372066,0
TXN0002114,CUST00859,2023-12-08,56143,atm_withdrawal,mobile_app,MCC1055,807819,0
TXN0002115,CUST00738,2023-12-06,338372,credit,pos,MCC8252,769843,0
TXN0002116,CUST00870,2023-05-30,30010,debit,internet_banking,MCC9468,442456,0
TXN0002117,CUST00116,2023-12-04,373963,emi_payment,branch,MCC2459,887805,0
TXN0002118,CUST00803,2023-01-31,440812,atm_withdrawal,atm,MCC3530,586080,0
TXN0002119,CUST00363,2023-04-27,180872,transfer,branch,MCC4170,1892396,0
TXN0002120,CUST00819,2023-04-21,443835,atm_withdrawal,pos,MCC8307,1374714,0
TXN0002121,CUST00994,2023-09-12,349428,debit,pos,MCC4664,1817749,0
TXN0002122,CUST00880,2023-08-10,1389,emi_payment,internet_banking,MCC1391,674523,1
TXN0002123,CUST00916,2023-06-22,101528,emi_payment,mobile_app,MCC6272,1900045,0
TXN0002124,CUST00114,2023-04-04,320637,atm_withdrawal,pos,MCC2322,559239,0
TXN0002125,CUST00329,2023-07-05,350857,transfer,atm,MCC6805,618026,0
TXN0002126,CUST00293,2023-04-09,46930,atm_withdrawal,atm,MCC8710,597119,0
TXN0002127,CUST00514,2023-07-01,342349,debit,branch,MCC1608,1179138,0
TXN0002128,CUST00977,2023-05-04,405089,debit,branch,MCC9945,1225286,1
TXN0002129,CUST00686,2023-11-21,46035,emi_payment,mobile_app,MCC6967,129929,0
TXN0002130,CUST00545,2023-09-30,439793,debit,branch,MCC1467,1121633,0
TXN0002131,CUST00805,2023-03-05,266586,atm_withdrawal,branch,MCC2979,1905620,0
TXN0002132,CUST00177,2023-12-10,308345,debit,mobile_app,MCC2508,813802,0
TXN0002133,CUST00661,2023-08-29,25377,emi_payment,atm,MCC8952,1399236,0
TXN0002134,CUST00504,2023-05-08,306616,transfer,atm,MCC7505,1264632,0
TXN0002135,CUST00204,2023-07-13,227291,emi_payment,pos,MCC4356,1959981,0
TXN0002136,CUST00646,2023-03-13,185803,emi_payment,mobile_app,MCC5764,1285588,0
TXN0002137,CUST00841,2023-01-18,390180,transfer,internet_banking,MCC4135,941607,0
TXN0002138,CUST00829,2023-06-03,124809,transfer,branch,MCC4653,26219,0
TXN0002139,CUST00844,2023-10-13,30092,transfer,pos,MCC6742,1607956,0
TXN0002140,CUST00813,2023-05-09,249685,emi_payment,internet_banking,MCC2750,678119,0
TXN0002141,CUST00469,2023-05-21,371887,emi_payment,pos,MCC7836,1849931,0
TXN0002142,CUST00050,2023-12-28,66945,transfer,pos,MCC9507,488577,0
TXN0002143,CUST00966,2023-12-27,492333,credit,mobile_app,MCC9765,874533,0
TXN0002144,CUST00454,2023-06-19,336145,debit,internet_banking,MCC2550,1658243,0
TXN0002145,CUST00633,2023-01-17,467038,emi_payment,internet_banking,MCC4705,303539,0
TXN0002146,CUST00021,2023-09-05,235096,credit,branch,MCC3386,550872,0
TXN0002147,CUST00889,2023-09-18,61685,transfer,pos,MCC6714,1583850,0
TXN0002148,CUST00889,2023-11-30,88882,atm_withdrawal,internet_banking,MCC3918,634592,0
TXN0002149,CUST00929,2023-12-13,250373,emi_payment,atm,MCC4551,1915225,0
TXN0002150,CUST00174,2023-08-18,294198,credit,mobile_app,MCC2247,1075574,0
TXN0002151,CUST00843,2023-02-09,367095,transfer,branch,MCC6039,1650445,0
TXN0002152,CUST00625,2023-04-02,397684,credit,internet_banking,MCC5825,1094798,0
TXN0002153,CUST00147,2023-09-19,381390,emi_payment,pos,MCC5963,90355,0
TXN0002154,CUST00571,2023-08-10,294440,debit,atm,MCC4071,1621947,0
TXN0002155,CUST00477,2023-06-09,9123,atm_withdrawal,internet_banking,MCC7801,839553,0
TXN0002156,CUST00626,2023-05-27,264877,atm_withdrawal,atm,MCC6470,775856,0
TXN0002157,CUST00084,2023-09-16,409730,credit,internet_banking,MCC2588,1472668,0
TXN0002158,CUST00564,2023-06-04,423873,credit,branch,MCC4310,562328,0
TXN0002159,CUST00678,2023-02-26,417243,transfer,branch,MCC6945,856100,0
TXN0002160,CUST00716,2023-12-24,5476,emi_payment,pos,MCC2047,1216486,0
TXN0002161,CUST00770,2023-05-08,217713,emi_payment,internet_banking,MCC4169,1186472,0
TXN0002162,CUST00627,2023-04-12,308412,debit,mobile_app,MCC8852,1456562,0
TXN0002163,CUST00702,2023-01-26,123829,emi_payment,mobile_app,MCC4975,164482,1
TXN0002164,CUST00091,2023-06-21,204905,debit,pos,MCC5586,1985195,0
TXN0002165,CUST00798,2023-12-26,48772,credit,internet_banking,MCC7132,1216279,0
TXN0002166,CUST00367,2023-02-28,96863,emi_payment,mobile_app,MCC3896,1236597,0
TXN0002167,CUST00548,2023-03-31,2994,atm_withdrawal,branch,MCC8437,1765226,0
TXN0002168,CUST00547,2023-03-07,489790,emi_payment,pos,MCC1147,981467,0
TXN0002169,CUST00977,2023-02-04,429868,debit,pos,MCC5253,60668,0
TXN0002170,CUST00326,2023-08-09,201966,emi_payment,pos,MCC6380,266136,0
TXN0002171,CUST00385,2023-04-19,2263,debit,atm,MCC3151,1894926,0
TXN0002172,CUST00761,2023-10-02,167697,credit,pos,MCC8041,1973846,0
TXN0002173,CUST00635,2023-05-27,217089,debit,atm,MCC1714,167689,0
TXN0002174,CUST00318,2023-08-21,84587,atm_withdrawal,mobile_app,MCC6849,1369983,0
TXN0002175,CUST00345,2023-02-02,330876,credit,branch,MCC6699,1321330,0
TXN0002176,CUST00829,2023-05-01,498883,transfer,branch,MCC8088,330034,0
TXN0002177,CUST00836,2023-06-01,421972,emi_payment,branch,MCC2863,1574681,0
TXN0002178,CUST00147,2023-01-22,428040,atm_withdrawal,pos,MCC2394,919354,0
TXN0002179,CUST00400,2023-06-03,415484,atm_withdrawal,pos,MCC6223,461080,1
TXN0002180,CUST00770,2023-06-21,35079,debit,branch,MCC9744,1120604,0
TXN0002181,CUST00119,2023-05-28,275788,credit,mobile_app,MCC8063,1810195,0
TXN0002182,CUST00184,2023-07-04,282920,transfer,internet_banking,MCC2901,433754,0
TXN0002183,CUST00159,2023-10-18,50552,emi_payment,mobile_app,MCC4670,1237626,0
TXN0002184,CUST00529,2023-10-09,73785,credit,branch,MCC3400,1464962,0
TXN0002185,CUST00451,2023-01-06,282648,credit,internet_banking,MCC8018,1250471,0
TXN0002186,CUST00321,2023-08-22,357919,emi_payment,mobile_app,MCC5610,1300675,0
TXN0002187,CUST00136,2023-11-26,104632,transfer,mobile_app,MCC4936,1451460,0
TXN0002188,CUST00638,2023-11-15,242093,emi_payment,branch,MCC1046,467494,0
TXN0002189,CUST00808,2023-04-29,37695,credit,mobile_app,MCC6702,203294,0
TXN0002190,CUST00213,2023-10-13,55283,transfer,mobile_app,MCC4981,1979512,0
TXN0002191,CUST00667,2023-10-20,290154,debit,internet_banking,MCC1356,639214,0
TXN0002192,CUST00796,2023-05-14,278563,debit,atm,MCC2761,1897337,0
TXN0002193,CUST00558,2023-11-14,375067,debit,atm,MCC7537,536835,0
TXN0002194,CUST00574,2023-08-19,455346,debit,internet_banking,MCC7740,531042,0
TXN0002195,CUST00167,2023-10-02,95080,credit,atm,MCC5443,49861,0
TXN0002196,CUST00958,2023-09-30,170663,debit,mobile_app,MCC7819,883624,0
TXN0002197,CUST00957,2023-10-13,427951,debit,atm,MCC7644,1889948,0
TXN0002198,CUST00712,2023-12-16,25497,atm_withdrawal,mobile_app,MCC6540,1789575,0
TXN0002199,CUST00903,2023-11-09,414157,atm_withdrawal,mobile_app,MCC2875,609390,0
TXN0002200,CUST00608,2023-06-04,472609,credit,pos,MCC4794,812591,0
TXN0002201,CUST00662,2023-07-25,50062,atm_withdrawal,branch,MCC8346,1339101,0
TXN0002202,CUST00830,2023-08-25,70985,debit,branch,MCC3791,1909641,0
TXN0002203,CUST00039,2023-11-09,342162,debit,internet_banking,MCC6940,1208141,0
TXN0002204,CUST00220,2023-05-24,237578,credit,atm,MCC8446,400815,0
TXN0002205,CUST00204,2023-04-25,493797,credit,atm,MCC5798,712389,0
TXN0002206,CUST00633,2023-09-27,272384,debit,atm,MCC5563,1448044,0
TXN0002207,CUST00243,2023-12-15,327585,atm_withdrawal,internet_banking,MCC2688,47046,0
TXN0002208,CUST00391,2023-11-29,118620,atm_withdrawal,atm,MCC5467,1199012,0
TXN0002209,CUST00494,2023-02-24,162311,credit,atm,MCC1376,1538346,0
TXN0002210,CUST00744,2023-12-02,88791,credit,branch,MCC2020,692369,0
TXN0002211,CUST00518,2023-10-16,73520,emi_payment,internet_banking,MCC5877,1077818,0
TXN0002212,CUST00025,2023-02-27,56658,atm_withdrawal,atm,MCC2965,1435585,0
TXN0002213,CUST00687,2023-01-03,446391,credit,branch,MCC4126,1190368,0
TXN0002214,CUST00428,2023-03-16,35070,emi_payment,internet_banking,MCC4244,48421,0
TXN0002215,CUST00114,2023-12-06,258281,debit,pos,MCC5258,1171061,0
TXN0002216,CUST00652,2023-10-03,254112,transfer,branch,MCC7288,461739,0
TXN0002217,CUST00271,2023-07-29,28046,atm_withdrawal,branch,MCC5014,1479851,0
TXN0002218,CUST00461,2023-08-19,421026,transfer,internet_banking,MCC8606,522591,0
TXN0002219,CUST00968,2023-05-31,250397,emi_payment,atm,MCC5339,1956360,0
TXN0002220,CUST00238,2023-11-27,63466,emi_payment,pos,MCC9934,234940,0
TXN0002221,CUST00886,2023-02-27,64441,emi_payment,atm,MCC9994,1781216,0
TXN0002222,CUST00465,2023-04-25,350339,emi_payment,branch,MCC4846,67922,0
TXN0002223,CUST00933,2023-03-15,309880,atm_withdrawal,atm,MCC7888,1365933,0
TXN0002224,CUST00850,2023-11-06,206369,debit,internet_banking,MCC5078,705895,0
TXN0002225,CUST00833,2023-07-17,202637,atm_withdrawal,mobile_app,MCC8875,390739,0
TXN0002226,CUST00207,2023-09-07,17708,atm_withdrawal,atm,MCC7893,436549,0
TXN0002227,CUST00791,2023-12-02,16023,atm_withdrawal,mobile_app,MCC4045,77032,0
TXN0002228,CUST00368,2023-03-13,268032,credit,mobile_app,MCC3890,265733,0
TXN0002229,CUST00911,2023-12-19,181892,transfer,atm,MCC8925,784145,0
TXN0002230,CUST00991,2023-02-16,126078,credit,branch,MCC5864,314621,0
TXN0002231,CUST00612,2023-10-03,189611,atm_withdrawal,pos,MCC7252,1936311,0
TXN0002232,CUST00913,2023-09-14,302666,transfer,pos,MCC7092,1652532,0
TXN0002233,CUST00534,2023-10-29,146673,credit,mobile_app,MCC2492,944630,0
TXN0002234,CUST00034,2023-02-27,174726,emi_payment,atm,MCC3126,189805,0
TXN0002235,CUST00874,2023-12-17,141468,debit,internet_banking,MCC9102,1972388,0
TXN0002236,CUST00531,2023-10-17,333259,credit,atm,MCC3516,1449710,0
TXN0002237,CUST00045,2023-02-10,27488,credit,mobile_app,MCC8815,366419,0
TXN0002238,CUST00066,2023-07-23,459259,credit,branch,MCC4205,107908,0
TXN0002239,CUST00724,2023-10-26,277299,transfer,atm,MCC8618,1239420,0
TXN0002240,CUST00924,2023-06-24,122347,debit,branch,MCC6198,81264,0
TXN0002241,CUST00698,2023-05-20,379755,atm_withdrawal,branch,MCC1893,1228623,1
TXN0002242,CUST00442,2023-04-11,469926,transfer,mobile_app,MCC3433,884486,0
TXN0002243,CUST00307,2023-07-08,29199,credit,mobile_app,MCC9573,1760909,0
TXN0002244,CUST00419,2023-12-26,102233,debit,atm,MCC2873,763706,0
TXN0002245,CUST00323,2023-08-10,72043,atm_withdrawal,branch,MCC3047,895805,0
TXN0002246,CUST00273,2023-09-21,35440,atm_withdrawal,branch,MCC2345,1091497,1
TXN0002247,CUST00129,2023-10-12,369381,transfer,internet_banking,MCC6485,1966284,0
TXN0002248,CUST00569,2023-10-11,96431,credit,mobile_app,MCC8282,1405286,0
TXN0002249,CUST00219,2023-05-27,191831,transfer,atm,MCC9424,1338780,0
TXN0002250,CUST00145,2023-10-08,407476,atm_withdrawal,mobile_app,MCC8972,619621,0
TXN0002251,CUST00276,2023-04-30,305920,credit,atm,MCC8954,966543,0
TXN0002252,CUST00799,2023-08-02,338810,emi_payment,mobile_app,MCC9141,388814,0
TXN0002253,CUST00573,2023-04-21,48939,atm_withdrawal,pos,MCC6109,783274,0
TXN0002254,CUST00492,2023-12-09,485419,emi_payment,internet_banking,MCC8393,1644233,0
TXN0002255,CUST00592,2023-09-24,41450,atm_withdrawal,pos,MCC6711,199048,0
TXN0002256,CUST00567,2023-08-02,354942,atm_withdrawal,mobile_app,MCC2235,330613,0
TXN0002257,CUST00498,2023-06-14,319761,debit,branch,MCC1219,1171649,0
TXN0002258,CUST00841,2023-07-09,206374,credit,branch,MCC1879,1596905,0
TXN0002259,CUST00731,2023-10-12,419079,debit,mobile_app,MCC4111,1950139,0
TXN0002260,CUST00186,2023-04-10,446226,transfer,branch,MCC5491,1174293,0
TXN0002261,CUST00818,2023-10-30,35231,transfer,internet_banking,MCC6745,1313956,0
TXN0002262,CUST00176,2023-04-13,479068,debit,branch,MCC5692,578739,0
TXN0002263,CUST00079,2023-02-21,120635,transfer,internet_banking,MCC4296,819821,0
TXN0002264,CUST00421,2023-09-26,395848,debit,mobile_app,MCC7594,628518,0
TXN0002265,CUST00393,2023-09-16,410389,transfer,atm,MCC8750,218037,0
TXN0002266,CUST00787,2023-05-03,278364,credit,branch,MCC3005,741258,0
TXN0002267,CUST00696,2023-08-25,431653,atm_withdrawal,pos,MCC3354,435134,0
TXN0002268,CUST00059,2023-09-23,412900,emi_payment,pos,MCC9377,1182159,0
TXN0002269,CUST00499,2023-10-15,261363,emi_payment,internet_banking,MCC9733,1507359,0
TXN0002270,CUST00796,2023-12-14,89604,atm_withdrawal,internet_banking,MCC3789,1959253,0
TXN0002271,CUST00734,2023-11-08,217338,debit,pos,MCC5584,1760390,0
TXN0002272,CUST00501,2023-06-10,450184,credit,internet_banking,MCC6199,636546,0
TXN0002273,CUST00616,2023-03-26,101434,emi_payment,mobile_app,MCC6712,1877172,0
TXN0002274,CUST00562,2023-02-05,499779,emi_payment,branch,MCC8777,1883735,0
TXN0002275,CUST00232,2023-07-29,90934,debit,pos,MCC1951,1007004,0
TXN0002276,CUST00565,2023-09-01,332603,credit,internet_banking,MCC5710,410293,0
TXN0002277,CUST00676,2023-09-10,320528,credit,atm,MCC2948,1555148,0
TXN0002278,CUST00057,2023-01-04,98024,debit,internet_banking,MCC7781,225916,0
TXN0002279,CUST00696,2023-09-13,236206,emi_payment,internet_banking,MCC6367,722179,0
TXN0002280,CUST00250,2023-10-15,72303,debit,branch,MCC7740,1064227,0
TXN0002281,CUST00008,2023-09-21,182448,atm_withdrawal,mobile_app,MCC9147,1727302,0
TXN0002282,CUST00756,2023-07-11,479711,transfer,internet_banking,MCC8109,1952961,0
TXN0002283,CUST00390,2023-01-06,27238,emi_payment,internet_banking,MCC8686,1635984,0
TXN0002284,CUST00413,2023-06-28,435689,transfer,pos,MCC8298,969727,0
TXN0002285,CUST00625,2023-08-24,338788,atm_withdrawal,internet_banking,MCC6627,169855,0
TXN0002286,CUST00561,2023-07-27,374364,credit,pos,MCC4531,1599830,0
TXN0002287,CUST00621,2023-07-29,141132,transfer,mobile_app,MCC4025,1713434,0
TXN0002288,CUST00945,2023-07-08,474564,debit,branch,MCC4271,945092,0
TXN0002289,CUST00652,2023-07-21,126778,atm_withdrawal,internet_banking,MCC6465,1108095,0
TXN0002290,CUST00047,2023-04-29,251751,transfer,branch,MCC8230,1700003,0
TXN0002291,CUST00223,2023-08-09,18492,debit,atm,MCC4303,264343,0
TXN0002292,CUST00450,2023-04-13,443884,atm_withdrawal,pos,MCC6216,1625481,0
TXN0002293,CUST00473,2023-06-29,352299,atm_withdrawal,atm,MCC4724,1025230,0
TXN0002294,CUST00362,2023-06-01,81493,debit,branch,MCC6468,1372384,0
TXN0002295,CUST00185,2023-09-18,331084,atm_withdrawal,branch,MCC8368,381187,0
TXN0002296,CUST00107,2023-11-23,91486,emi_payment,pos,MCC4706,1230821,0
TXN0002297,CUST00145,2023-08-20,222260,credit,pos,MCC4571,536656,0
TXN0002298,CUST00951,2023-02-19,256220,emi_payment,atm,MCC2814,1036285,0
TXN0002299,CUST00396,2023-09-01,465648,emi_payment,mobile_app,MCC5487,1049860,0
TXN0002300,CUST00962,2023-04-29,166321,transfer,internet_banking,MCC5111,1913517,0
TXN0002301,CUST00335,2023-01-19,6505,emi_payment,internet_banking,MCC2441,1340175,0
TXN0002302,CUST00312,2023-03-12,216316,debit,internet_banking,MCC9725,1114759,0
TXN0002303,CUST00490,2023-12-31,463282,atm_withdrawal,pos,MCC8735,803898,0
TXN0002304,CUST00947,2023-06-05,399118,atm_withdrawal,mobile_app,MCC3617,674276,0
TXN0002305,CUST00564,2023-03-15,29630,credit,pos,MCC9498,1304535,0
TXN0002306,CUST00036,2023-02-18,26798,transfer,pos,MCC3447,1764434,0
TXN0002307,CUST00272,2023-08-26,378439,credit,branch,MCC4769,1144900,0
TXN0002308,CUST00981,2023-10-05,360449,credit,internet_banking,MCC2176,1320069,0
TXN0002309,CUST00155,2023-05-09,278649,credit,internet_banking,MCC6507,655966,0
TXN0002310,CUST00836,2023-02-07,44205,atm_withdrawal,atm,MCC5330,1116346,0
TXN0002311,CUST00929,2023-05-10,140100,emi_payment,atm,MCC3405,1143734,0
TXN0002312,CUST00215,2023-08-31,423765,atm_withdrawal,branch,MCC3596,1364341,0
TXN0002313,CUST00559,2023-02-11,69811,emi_payment,branch,MCC9416,632442,0
TXN0002314,CUST00600,2023-04-08,101029,emi_payment,pos,MCC7183,697744,0
TXN0002315,CUST00794,2023-01-01,226149,debit,atm,MCC2376,718586,0
TXN0002316,CUST00799,2023-06-22,367495,atm_withdrawal,atm,MCC2215,841705,0
TXN0002317,CUST00061,2023-03-04,414147,emi_payment,internet_banking,MCC1630,584055,0
TXN0002318,CUST00320,2023-03-14,295980,debit,mobile_app,MCC3225,391189,0
TXN0002319,CUST00941,2023-02-11,246296,debit,branch,MCC7642,1000401,0
TXN0002320,CUST00354,2023-09-24,192872,emi_payment,internet_banking,MCC1556,1710041,0
TXN0002321,CUST00246,2023-06-28,21949,credit,internet_banking,MCC3243,63475,0
TXN0002322,CUST00629,2023-12-13,133841,credit,branch,MCC1373,1331184,0
TXN0002323,CUST00196,2023-05-25,107452,credit,pos,MCC6844,1633058,0
TXN0002324,CUST00148,2023-03-22,28823,atm_withdrawal,pos,MCC8326,1648523,1
TXN0002325,CUST00798,2023-03-16,372564,credit,atm,MCC5761,1705336,0
TXN0002326,CUST00119,2023-12-14,176754,credit,atm,MCC9151,634781,0
TXN0002327,CUST00892,2023-08-04,254846,credit,branch,MCC7195,201717,0
TXN0002328,CUST00250,2023-04-29,100344,debit,branch,MCC7874,1990874,0
TXN0002329,CUST00107,2023-08-27,295658,debit,branch,MCC3822,1399972,0
TXN0002330,CUST00742,2023-07-23,68042,transfer,pos,MCC8785,714420,0
TXN0002331,CUST00177,2023-02-11,338897,debit,pos,MCC6679,1704101,0
TXN0002332,CUST00367,2023-09-14,369275,emi_payment,branch,MCC1779,707426,0
TXN0002333,CUST00352,2023-02-13,155784,transfer,atm,MCC1743,1498644,0
TXN0002334,CUST00508,2023-03-14,106336,transfer,mobile_app,MCC9082,1921270,0
TXN0002335,CUST00474,2023-09-18,390097,credit,branch,MCC3476,1535800,0
TXN0002336,CUST00196,2023-06-12,111656,emi_payment,pos,MCC5193,1310129,0
TXN0002337,CUST00235,2023-03-23,89191,transfer,atm,MCC7842,382338,0
TXN0002338,CUST00195,2023-01-25,170306,debit,branch,MCC7917,1866884,0
TXN0002339,CUST00056,2023-08-05,483286,transfer,internet_banking,MCC1243,851509,0
TXN0002340,CUST00651,2023-09-12,231380,debit,pos,MCC6541,1246283,0
TXN0002341,CUST00471,2023-03-16,131410,transfer,pos,MCC9217,1223775,0
TXN0002342,CUST00109,2023-06-02,256905,transfer,internet_banking,MCC4148,492949,0
TXN0002343,CUST00332,2023-05-06,174264,transfer,pos,MCC5883,1206264,0
TXN0002344,CUST00668,2023-11-22,332306,credit,branch,MCC3382,781473,0
TXN0002345,CUST00286,2023-10-16,219478,transfer,internet_banking,MCC7490,699189,0
TXN0002346,CUST00401,2023-04-11,294302,emi_payment,internet_banking,MCC2063,1717824,0
TXN0002347,CUST00744,2023-07-07,218218,atm_withdrawal,branch,MCC5674,1443994,0
TXN0002348,CUST00672,2023-12-04,240893,atm_withdrawal,branch,MCC4713,978923,0
TXN0002349,CUST00701,2023-05-07,223633,debit,atm,MCC6769,38311,0
TXN0002350,CUST00382,2023-02-21,197030,emi_payment,mobile_app,MCC5446,1417959,0
TXN0002351,CUST00484,2023-04-19,481897,debit,branch,MCC9834,1476392,0
TXN0002352,CUST00847,2023-08-10,132966,transfer,atm,MCC9847,333057,0
TXN0002353,CUST00873,2023-12-29,402727,emi_payment,pos,MCC3557,1513882,0
TXN0002354,CUST00056,2023-04-23,355000,transfer,internet_banking,MCC1335,799537,0
TXN0002355,CUST00839,2023-01-22,264029,atm_withdrawal,atm,MCC5433,1465407,1
TXN0002356,CUST00894,2023-03-08,158818,atm_withdrawal,internet_banking,MCC6310,1678914,0
TXN0002357,CUST00943,2023-05-31,241965,atm_withdrawal,atm,MCC7764,1400543,0
TXN0002358,CUST00269,2023-02-04,424805,emi_payment,internet_banking,MCC5724,1882020,0
TXN0002359,CUST00502,2023-01-13,91054,emi_payment,atm,MCC6277,152673,0
TXN0002360,CUST00043,2023-08-28,293122,atm_withdrawal,branch,MCC1206,648601,0
TXN0002361,CUST00110,2023-10-28,382448,credit,internet_banking,MCC7862,118796,0
TXN0002362,CUST00563,2023-03-27,317008,credit,branch,MCC3967,345145,0
TXN0002363,CUST00207,2023-07-10,72162,credit,atm,MCC4459,747239,0
TXN0002364,CUST00225,2023-07-29,254444,emi_payment,atm,MCC4805,46841,0
TXN0002365,CUST00297,2023-09-01,91585,credit,atm,MCC1644,792353,0
TXN0002366,CUST00460,2023-12-24,464285,debit,atm,MCC5447,254768,0
TXN0002367,CUST00153,2023-11-20,175933,emi_payment,pos,MCC4430,226569,0
TXN0002368,CUST00803,2023-04-26,210855,emi_payment,branch,MCC3100,1671335,0
TXN0002369,CUST00669,2023-12-23,428764,transfer,branch,MCC3212,1488212,0
TXN0002370,CUST00792,2023-01-13,213541,atm_withdrawal,branch,MCC1306,911367,0
TXN0002371,CUST00927,2023-12-18,97050,emi_payment,branch,MCC8988,1134677,0
TXN0002372,CUST00601,2023-02-22,446517,atm_withdrawal,mobile_app,MCC3644,583242,0
TXN0002373,CUST00362,2023-02-11,324032,credit,pos,MCC8870,971278,0
TXN0002374,CUST00978,2023-02-13,302492,debit,branch,MCC8526,1551320,0
TXN0002375,CUST00566,2023-02-14,37884,credit,branch,MCC5116,1042900,0
TXN0002376,CUST00464,2023-06-19,224629,atm_withdrawal,pos,MCC8269,1586891,0
TXN0002377,CUST00417,2023-08-22,229709,atm_withdrawal,branch,MCC2901,969496,0
TXN0002378,CUST00040,2023-09-29,131149,debit,branch,MCC2626,724320,0
TXN0002379,CUST00956,2023-01-06,282271,atm_withdrawal,branch,MCC9090,1789617,0
TXN0002380,CUST00820,2023-04-19,122597,transfer,pos,MCC6816,1802735,0
TXN0002381,CUST00700,2023-02-18,235523,atm_withdrawal,internet_banking,MCC7201,457365,0
TXN0002382,CUST00222,2023-02-23,400737,emi_payment,mobile_app,MCC9311,926224,0
TXN0002383,CUST00929,2023-09-30,367664,debit,mobile_app,MCC1125,1544997,0
TXN0002384,CUST00177,2023-08-22,139805,transfer,atm,MCC2548,522462,0
TXN0002385,CUST00242,2023-03-18,103845,debit,mobile_app,MCC9654,1497676,0
TXN0002386,CUST00071,2023-04-20,2968,credit,atm,MCC2157,1799511,0
TXN0002387,CUST00289,2023-12-04,172841,emi_payment,pos,MCC5036,471797,0
TXN0002388,CUST00328,2023-07-29,9828,emi_payment,atm,MCC1199,305902,0
TXN0002389,CUST00795,2023-03-29,64205,emi_payment,mobile_app,MCC3931,1889486,0
TXN0002390,CUST00327,2023-12-07,489203,emi_payment,atm,MCC2551,1991887,0
TXN0002391,CUST00956,2023-03-14,427847,debit,branch,MCC3301,1717091,0
TXN0002392,CUST00303,2023-04-17,279962,transfer,mobile_app,MCC8324,1226504,0
TXN0002393,CUST00525,2023-09-10,387294,transfer,mobile_app,MCC3481,171106,0
TXN0002394,CUST00594,2023-07-07,244563,transfer,atm,MCC8325,1830694,0
TXN0002395,CUST00830,2023-01-26,300697,credit,branch,MCC9052,397751,0
TXN0002396,CUST00752,2023-10-22,458946,emi_payment,branch,MCC5863,357671,0
TXN0002397,CUST00868,2023-03-25,39397,emi_payment,atm,MCC5846,1434327,0
TXN0002398,CUST00938,2023-09-10,175908,transfer,branch,MCC4001,778222,0
TXN0002399,CUST00118,2023-05-03,59605,debit,pos,MCC6999,1735372,0
TXN0002400,CUST00095,2023-10-02,397519,debit,mobile_app,MCC8260,1746501,0
TXN0002401,CUST00450,2023-11-24,411307,credit,internet_banking,MCC8767,1610527,0
TXN0002402,CUST00151,2023-10-09,360932,transfer,mobile_app,MCC2754,1674201,0
TXN0002403,CUST00494,2023-12-03,304507,atm_withdrawal,branch,MCC7175,1091795,0
TXN0002404,CUST00590,2023-07-17,238600,emi_payment,pos,MCC2258,1743702,0
TXN0002405,CUST00277,2023-01-24,11849,transfer,branch,MCC5411,1830605,0
TXN0002406,CUST00099,2023-07-15,387338,credit,internet_banking,MCC1802,560918,0
TXN0002407,CUST00965,2023-06-18,447005,debit,mobile_app,MCC5949,850450,0
TXN0002408,CUST00371,2023-09-20,482892,debit,internet_banking,MCC8661,1235236,0
TXN0002409,CUST00840,2023-04-01,170991,debit,internet_banking,MCC8352,1718525,0
TXN0002410,CUST00625,2023-09-12,100383,atm_withdrawal,mobile_app,MCC7432,779197,0
TXN0002411,CUST00663,2023-06-11,327032,debit,mobile_app,MCC6197,520312,0
TXN0002412,CUST00781,2023-09-02,8852,atm_withdrawal,atm,MCC6620,641548,0
TXN0002413,CUST00266,2023-06-03,30226,transfer,atm,MCC1898,1599192,0
TXN0002414,CUST00218,2023-05-20,410745,emi_payment,atm,MCC7546,1040255,0
TXN0002415,CUST00997,2023-03-20,478426,atm_withdrawal,mobile_app,MCC7132,509871,0
TXN0002416,CUST00668,2023-10-30,201853,emi_payment,pos,MCC2291,1430105,0
TXN0002417,CUST00293,2023-01-26,253955,debit,branch,MCC6690,1320019,1
TXN0002418,CUST00646,2023-03-28,272246,atm_withdrawal,branch,MCC4462,1037035,0
TXN0002419,CUST00394,2023-06-05,69330,debit,pos,MCC5582,1239417,0
TXN0002420,CUST00860,2023-02-26,111308,transfer,internet_banking,MCC8326,460995,0
TXN0002421,CUST00509,2023-12-01,149290,emi_payment,branch,MCC3898,365218,0
TXN0002422,CUST00314,2023-05-06,420910,credit,mobile_app,MCC9249,1614985,0
TXN0002423,CUST00691,2023-03-30,219119,emi_payment,branch,MCC4751,1360165,0
TXN0002424,CUST00751,2023-04-03,360631,emi_payment,internet_banking,MCC5617,1955577,0
TXN0002425,CUST00373,2023-03-11,97305,atm_withdrawal,mobile_app,MCC1259,1877897,0
TXN0002426,CUST00752,2023-08-31,476687,atm_withdrawal,atm,MCC2098,725757,0
TXN0002427,CUST00235,2023-06-25,441729,credit,mobile_app,MCC3535,925071,0
TXN0002428,CUST00240,2023-03-26,237678,emi_payment,pos,MCC9805,1698505,0
TXN0002429,CUST00827,2023-11-15,112866,atm_withdrawal,internet_banking,MCC3338,6685,0
TXN0002430,CUST00622,2023-08-28,488284,debit,mobile_app,MCC4554,1727725,0
TXN0002431,CUST00036,2023-05-28,404080,emi_payment,branch,MCC8685,335510,0
TXN0002432,CUST00676,2023-07-07,255476,atm_withdrawal,internet_banking,MCC3870,521042,0
TXN0002433,CUST00306,2023-08-28,133847,debit,atm,MCC8315,963765,0
TXN0002434,CUST00275,2023-02-25,310748,emi_payment,atm,MCC2079,1410614,0
TXN0002435,CUST00425,2023-10-23,185247,debit,branch,MCC2198,707758,0
TXN0002436,CUST00452,2023-04-05,337096,transfer,branch,MCC1113,1876834,0
TXN0002437,CUST00892,2023-01-11,416248,atm_withdrawal,atm,MCC2123,1565637,0
TXN0002438,CUST00436,2023-07-10,244936,atm_withdrawal,atm,MCC6432,1479711,0
TXN0002439,CUST00297,2023-11-16,24177,emi_payment,mobile_app,MCC1817,1545078,0
TXN0002440,CUST00774,2023-09-25,281433,emi_payment,branch,MCC6511,60043,0
TXN0002441,CUST00543,2023-04-23,429342,credit,atm,MCC6391,1645859,0
TXN0002442,CUST00001,2023-05-26,111731,atm_withdrawal,internet_banking,MCC3107,1209038,0
TXN0002443,CUST00633,2023-08-06,479697,emi_payment,pos,MCC1334,372451,0
TXN0002444,CUST00502,2023-03-26,181245,atm_withdrawal,branch,MCC2457,1556902,0
TXN0002445,CUST00575,2023-10-27,342090,emi_payment,internet_banking,MCC2287,211375,0
TXN0002446,CUST00185,2023-04-18,351026,debit,internet_banking,MCC5751,1236273,0
TXN0002447,CUST00479,2023-03-21,91121,transfer,atm,MCC9377,1138589,0
TXN0002448,CUST00647,2023-02-04,19590,emi_payment,atm,MCC4918,57479,0
TXN0002449,CUST00677,2023-09-11,474390,emi_payment,internet_banking,MCC6703,749445,0
TXN0002450,CUST00681,2023-01-10,350236,credit,mobile_app,MCC3732,240338,0
TXN0002451,CUST00998,2023-10-21,315691,debit,mobile_app,MCC1825,1893166,0
TXN0002452,CUST00502,2023-12-22,151957,atm_withdrawal,branch,MCC2963,1603244,0
TXN0002453,CUST00430,2023-02-10,54134,atm_withdrawal,pos,MCC5312,1991920,0
TXN0002454,CUST00543,2023-02-05,135990,atm_withdrawal,pos,MCC8732,976106,1
TXN0002455,CUST00329,2023-12-08,273908,emi_payment,branch,MCC3236,657525,0
TXN0002456,CUST00316,2023-02-15,346774,atm_withdrawal,branch,MCC9853,1915953,0
TXN0002457,CUST00691,2023-05-29,159591,transfer,branch,MCC6748,613567,0
TXN0002458,CUST00314,2023-11-14,107551,emi_payment,internet_banking,MCC4199,829963,0
TXN0002459,CUST00749,2023-02-20,124833,transfer,branch,MCC6600,267426,0
TXN0002460,CUST00746,2023-08-31,480845,emi_payment,pos,MCC7282,1643416,0
TXN0002461,CUST00954,2023-05-20,315299,debit,atm,MCC7172,239564,0
TXN0002462,CUST00132,2023-06-09,495340,credit,internet_banking,MCC8789,70985,0
TXN0002463,CUST00364,2023-12-06,3237,credit,mobile_app,MCC6956,1666516,0
TXN0002464,CUST00772,2023-08-25,229104,transfer,atm,MCC1242,1682029,0
TXN0002465,CUST00430,2023-04-27,228750,atm_withdrawal,pos,MCC4394,1707343,0
TXN0002466,CUST00656,2023-12-08,200769,debit,mobile_app,MCC9171,1718115,0
TXN0002467,CUST00736,2023-07-31,195852,emi_payment,internet_banking,MCC2863,283512,0
TXN0002468,CUST00885,2023-02-06,39610,atm_withdrawal,pos,MCC5491,724151,0
TXN0002469,CUST00227,2023-05-24,16183,emi_payment,internet_banking,MCC5501,1530405,0
TXN0002470,CUST00261,2023-03-30,389131,emi_payment,mobile_app,MCC6010,618904,0
TXN0002471,CUST00471,2023-08-23,220310,debit,internet_banking,MCC8819,1556625,0
TXN0002472,CUST00507,2023-11-11,81445,emi_payment,internet_banking,MCC5858,1819817,0
TXN0002473,CUST00906,2023-01-15,173834,credit,branch,MCC1004,1922526,0
TXN0002474,CUST00039,2023-10-12,466530,credit,pos,MCC3186,1555409,0
TXN0002475,CUST00246,2023-12-01,233900,atm_withdrawal,pos,MCC6678,1594510,0
TXN0002476,CUST00913,2023-12-29,495297,emi_payment,branch,MCC8039,1195897,0
TXN0002477,CUST00615,2023-08-30,80835,atm_withdrawal,mobile_app,MCC6819,156158,0
TXN0002478,CUST00676,2023-04-25,61292,transfer,internet_banking,MCC7590,872689,0
TXN0002479,CUST00250,2023-02-23,281948,credit,mobile_app,MCC3166,1906665,0
TXN0002480,CUST00623,2023-12-11,341534,atm_withdrawal,mobile_app,MCC1862,1824173,0
TXN0002481,CUST00370,2023-05-31,490650,emi_payment,internet_banking,MCC9535,477253,0
TXN0002482,CUST00733,2023-05-06,233049,atm_withdrawal,mobile_app,MCC6064,1494444,0
TXN0002483,CUST00091,2023-09-25,100163,debit,branch,MCC7645,614150,1
TXN0002484,CUST00285,2023-09-19,270618,transfer,internet_banking,MCC9612,833671,0
TXN0002485,CUST00645,2023-10-23,153551,atm_withdrawal,atm,MCC2642,1297981,0
TXN0002486,CUST00604,2023-11-19,89869,atm_withdrawal,branch,MCC8839,993440,0
TXN0002487,CUST00841,2023-11-17,44295,emi_payment,pos,MCC4296,1208693,0
TXN0002488,CUST00801,2023-03-04,361788,debit,branch,MCC6632,196863,0
TXN0002489,CUST00015,2023-03-03,321417,transfer,mobile_app,MCC4479,593367,0
TXN0002490,CUST00091,2023-03-17,83389,debit,pos,MCC2788,1621489,0
TXN0002491,CUST00355,2023-08-17,279484,atm_withdrawal,internet_banking,MCC8914,1238775,0
TXN0002492,CUST00959,2023-08-01,442661,emi_payment,atm,MCC4124,1683404,0
TXN0002493,CUST00478,2023-11-09,409062,debit,atm,MCC1223,1930784,0
TXN0002494,CUST00892,2023-11-04,227041,emi_payment,pos,MCC2353,711284,0
TXN0002495,CUST00060,2023-10-24,28735,emi_payment,atm,MCC9652,528719,0
TXN0002496,CUST00964,2023-01-29,317470,debit,branch,MCC8396,619307,0
TXN0002497,CUST00062,2023-09-11,258152,debit,internet_banking,MCC6980,1144486,0
TXN0002498,CUST00809,2023-11-07,460903,credit,branch,MCC8007,504468,0
TXN0002499,CUST00877,2023-12-25,276709,debit,atm,MCC6837,780616,0
TXN0002500,CUST00295,2023-05-06,368995,transfer,branch,MCC9192,346917,0
TXN0002501,CUST00301,2023-10-11,264266,atm_withdrawal,mobile_app,MCC1896,771332,0
TXN0002502,CUST00582,2023-05-29,270469,debit,internet_banking,MCC1570,1895570,0
TXN0002503,CUST00723,2023-02-28,158786,emi_payment,pos,MCC7253,847788,0
TXN0002504,CUST00121,2023-05-05,201398,transfer,internet_banking,MCC9681,1518066,0
TXN0002505,CUST00237,2023-04-02,148035,atm_withdrawal,branch,MCC6231,860860,0
TXN0002506,CUST00755,2023-11-29,231121,transfer,pos,MCC9696,866811,0
TXN0002507,CUST00808,2023-03-06,475767,emi_payment,internet_banking,MCC4607,1316907,0
TXN0002508,CUST00154,2023-02-17,170902,atm_withdrawal,atm,MCC7069,220341,0
TXN0002509,CUST00890,2023-07-31,231683,debit,atm,MCC5581,710492,0
TXN0002510,CUST00867,2023-07-29,473097,credit,internet_banking,MCC8934,278874,0
TXN0002511,CUST00868,2023-07-24,75693,credit,pos,MCC6824,397979,0
TXN0002512,CUST00241,2023-02-24,126503,debit,branch,MCC4945,1419576,0
TXN0002513,CUST00670,2023-07-01,246635,emi_payment,internet_banking,MCC3201,349244,0
TXN0002514,CUST00161,2023-12-05,204732,debit,internet_banking,MCC3820,406162,0
TXN0002515,CUST00197,2023-02-02,170635,credit,internet_banking,MCC1672,1145570,0
TXN0002516,CUST00071,2023-10-19,389134,debit,branch,MCC2389,695747,0
TXN0002517,CUST00494,2023-02-15,249491,emi_payment,internet_banking,MCC5579,245231,0
TXN0002518,CUST00712,2023-03-27,182234,emi_payment,internet_banking,MCC1284,1914018,0
TXN0002519,CUST00199,2023-11-24,239534,transfer,atm,MCC5241,1846515,0
TXN0002520,CUST00187,2023-04-19,443316,transfer,pos,MCC1377,1162395,0
TXN0002521,CUST00277,2023-07-10,491977,transfer,atm,MCC2457,1049739,0
TXN0002522,CUST00198,2023-05-20,121612,debit,branch,MCC7223,1616694,0
TXN0002523,CUST00833,2023-08-13,20189,credit,atm,MCC1259,1947732,0
TXN0002524,CUST00170,2023-05-28,15769,atm_withdrawal,branch,MCC4028,207762,0
TXN0002525,CUST00279,2023-06-11,222756,debit,internet_banking,MCC2713,195203,0
TXN0002526,CUST00306,2023-10-26,314412,emi_payment,atm,MCC1486,660772,0
TXN0002527,CUST00203,2023-07-22,25746,debit,mobile_app,MCC2873,609045,0
TXN0002528,CUST00942,2023-07-26,254175,debit,pos,MCC2009,1791214,0
TXN0002529,CUST00210,2023-10-22,199879,credit,branch,MCC1724,1016454,0
TXN0002530,CUST00487,2023-06-06,466535,credit,pos,MCC6986,1620926,0
TXN0002531,CUST00567,2023-10-28,301824,credit,mobile_app,MCC2124,1334584,0
TXN0002532,CUST00261,2023-09-20,211623,atm_withdrawal,branch,MCC9447,1446899,0
TXN0002533,CUST00472,2023-11-19,293364,atm_withdrawal,branch,MCC5379,1913185,0
TXN0002534,CUST00171,2023-06-17,67881,emi_payment,internet_banking,MCC4671,1174809,0
TXN0002535,CUST00483,2023-07-23,237563,debit,branch,MCC8881,1552737,0
TXN0002536,CUST00019,2023-02-16,164939,atm_withdrawal,atm,MCC7998,537880,0
TXN0002537,CUST00440,2023-02-10,90574,atm_withdrawal,pos,MCC4783,519376,0
TXN0002538,CUST00365,2023-02-09,196666,debit,pos,MCC9761,1170961,0
TXN0002539,CUST00351,2023-08-20,319532,credit,internet_banking,MCC5775,1803256,0
TXN0002540,CUST00111,2023-04-29,291607,emi_payment,pos,MCC7373,101519,0
TXN0002541,CUST00999,2023-04-16,481978,debit,branch,MCC9725,1002105,0
TXN0002542,CUST00028,2023-08-09,137322,debit,branch,MCC7506,404588,0
TXN0002543,CUST00147,2023-05-26,349865,emi_payment,mobile_app,MCC6317,1768858,0
TXN0002544,CUST00103,2023-02-19,275201,credit,atm,MCC6542,1036530,0
TXN0002545,CUST00978,2023-07-23,436926,transfer,pos,MCC6886,84366,0
TXN0002546,CUST00319,2023-07-20,454032,emi_payment,internet_banking,MCC9798,3954,0
TXN0002547,CUST00431,2023-02-20,353785,transfer,pos,MCC7309,1279369,0
TXN0002548,CUST00751,2023-04-09,211922,emi_payment,mobile_app,MCC3697,464453,0
TXN0002549,CUST00051,2023-03-28,266744,debit,pos,MCC1197,82472,0
TXN0002550,CUST00067,2023-09-11,325819,debit,internet_banking,MCC8046,304496,0
TXN0002551,CUST00183,2023-04-01,402969,credit,branch,MCC5392,308758,0
TXN0002552,CUST00679,2023-01-11,114526,credit,mobile_app,MCC4735,691025,0
TXN0002553,CUST00979,2023-04-08,436505,credit,pos,MCC9415,1436137,0
TXN0002554,CUST00621,2023-06-21,400683,emi_payment,branch,MCC2398,1716706,0
TXN0002555,CUST00873,2023-10-08,44170,debit,pos,MCC1337,1064395,0
TXN0002556,CUST00882,2023-01-20,134908,debit,internet_banking,MCC7653,1894838,0
TXN0002557,CUST00277,2023-11-18,117980,credit,mobile_app,MCC9316,1582516,0
TXN0002558,CUST00184,2023-05-01,289943,credit,atm,MCC8463,330116,0
TXN0002559,CUST00161,2023-05-06,104395,debit,mobile_app,MCC8838,1470965,0
TXN0002560,CUST00795,2023-01-06,150193,debit,atm,MCC8771,462149,0
TXN0002561,CUST00670,2023-04-11,94669,transfer,mobile_app,MCC7169,1926619,0
TXN0002562,CUST00865,2023-06-21,33794,debit,mobile_app,MCC9295,1693754,0
TXN0002563,CUST00508,2023-08-17,229733,debit,atm,MCC4071,128674,0
TXN0002564,CUST00977,2023-10-07,159899,atm_withdrawal,atm,MCC7703,345352,0
TXN0002565,CUST00895,2023-07-10,252308,debit,mobile_app,MCC1828,882820,0
TXN0002566,CUST00809,2023-02-06,106094,debit,mobile_app,MCC5748,1482632,1
TXN0002567,CUST00804,2023-05-23,143256,debit,pos,MCC3615,1104492,0
TXN0002568,CUST00124,2023-09-26,446347,transfer,mobile_app,MCC9447,170956,0
TXN0002569,CUST00745,2023-08-22,402533,emi_payment,internet_banking,MCC4924,1256945,0
TXN0002570,CUST00948,2023-08-02,133154,emi_payment,pos,MCC2885,1296610,0
TXN0002571,CUST00293,2023-07-05,80975,emi_payment,branch,MCC6123,1859469,0
TXN0002572,CUST00815,2023-07-04,487214,debit,mobile_app,MCC1695,531400,0
TXN0002573,CUST00351,2023-12-29,340466,credit,pos,MCC2140,76440,0
TXN0002574,CUST00213,2023-08-07,246223,emi_payment,internet_banking,MCC4884,1499122,0
TXN0002575,CUST00731,2023-08-06,349723,emi_payment,atm,MCC6677,1405359,0
TXN0002576,CUST00166,2023-05-03,110610,credit,atm,MCC6239,1038746,0
TXN0002577,CUST00482,2023-06-28,214123,atm_withdrawal,internet_banking,MCC1498,1384130,0
TXN0002578,CUST00937,2023-09-17,195732,atm_withdrawal,internet_banking,MCC7119,357790,0
TXN0002579,CUST00157,2023-11-10,360463,emi_payment,branch,MCC1518,251263,0
TXN0002580,CUST00156,2023-10-12,91797,emi_payment,internet_banking,MCC8337,804458,0
TXN0002581,CUST00943,2023-08-30,244596,atm_withdrawal,mobile_app,MCC1352,1788268,0
TXN0002582,CUST00778,2023-10-12,416858,emi_payment,atm,MCC1240,1028705,0
TXN0002583,CUST00462,2023-01-13,98244,transfer,atm,MCC5657,1278510,0
TXN0002584,CUST00406,2023-04-09,60072,credit,atm,MCC8217,1991953,0
TXN0002585,CUST00964,2023-03-30,410625,credit,atm,MCC7884,605428,0
TXN0002586,CUST00724,2023-08-27,436776,atm_withdrawal,branch,MCC6400,960724,0
TXN0002587,CUST00909,2023-10-02,215340,credit,pos,MCC2606,1371458,1
TXN0002588,CUST00092,2023-02-24,23053,emi_payment,pos,MCC9575,302479,0
TXN0002589,CUST00531,2023-03-12,270392,transfer,pos,MCC1184,803995,0
TXN0002590,CUST00726,2023-06-30,149874,credit,mobile_app,MCC4130,1110455,0
TXN0002591,CUST00036,2023-12-20,293755,transfer,mobile_app,MCC7786,607591,0
TXN0002592,CUST00512,2023-01-01,70029,debit,branch,MCC6552,440425,0
TXN0002593,CUST00056,2023-11-18,402596,emi_payment,atm,MCC8112,875730,0
TXN0002594,CUST00901,2023-03-12,342664,debit,internet_banking,MCC7898,1759131,0
TXN0002595,CUST00681,2023-04-09,322645,debit,mobile_app,MCC9455,832079,0
TXN0002596,CUST00189,2023-08-19,256209,credit,mobile_app,MCC5647,1668136,0
TXN0002597,CUST00522,2023-09-24,110185,transfer,branch,MCC8387,1353028,0
TXN0002598,CUST00110,2023-11-16,469675,credit,pos,MCC2403,257294,0
TXN0002599,CUST00804,2023-01-03,132962,atm_withdrawal,branch,MCC2566,1828035,0
TXN0002600,CUST00197,2023-01-18,183153,atm_withdrawal,atm,MCC1448,1176750,0
TXN0002601,CUST00608,2023-06-24,463140,credit,mobile_app,MCC2840,1137709,0
TXN0002602,CUST00079,2023-07-23,20470,atm_withdrawal,internet_banking,MCC2002,1393014,0
TXN0002603,CUST00158,2023-04-06,62635,debit,atm,MCC8417,83365,0
TXN0002604,CUST00981,2023-08-21,380853,debit,branch,MCC5453,503328,0
TXN0002605,CUST00386,2023-04-07,184042,credit,mobile_app,MCC4997,1589543,0
TXN0002606,CUST00123,2023-12-07,289792,atm_withdrawal,internet_banking,MCC6755,1252750,0
TXN0002607,CUST00700,2023-03-06,290309,transfer,atm,MCC4235,778811,0
TXN0002608,CUST00201,2023-08-28,413734,emi_payment,atm,MCC6134,925377,0
TXN0002609,CUST00590,2023-07-13,310181,emi_payment,pos,MCC1031,1239258,0
TXN0002610,CUST00810,2023-02-07,213126,transfer,internet_banking,MCC7415,964157,0
TXN0002611,CUST00684,2023-08-09,274672,atm_withdrawal,pos,MCC8842,914766,0
TXN0002612,CUST00247,2023-02-23,369116,atm_withdrawal,pos,MCC1350,1102581,0
TXN0002613,CUST00237,2023-07-16,189618,transfer,internet_banking,MCC1724,562872,0
TXN0002614,CUST00223,2023-08-21,85615,emi_payment,internet_banking,MCC2226,1140274,0
TXN0002615,CUST00632,2023-01-27,243205,emi_payment,pos,MCC6472,1384019,0
TXN0002616,CUST00673,2023-03-20,499763,transfer,internet_banking,MCC7849,1419596,0
TXN0002617,CUST00521,2023-04-18,56167,debit,branch,MCC8405,1240784,0
TXN0002618,CUST00399,2023-12-05,86906,credit,pos,MCC8029,904855,0
TXN0002619,CUST00063,2023-03-22,497551,atm_withdrawal,internet_banking,MCC6193,1310121,0
TXN0002620,CUST00836,2023-12-03,414917,credit,pos,MCC7319,1445271,0
TXN0002621,CUST00661,2023-07-14,58604,emi_payment,mobile_app,MCC3519,620588,0
TXN0002622,CUST00639,2023-12-13,106297,atm_withdrawal,internet_banking,MCC7708,971871,0
TXN0002623,CUST00104,2023-10-31,345442,emi_payment,internet_banking,MCC2646,1355623,0
TXN0002624,CUST00289,2023-04-17,391275,credit,branch,MCC9669,1325632,0
TXN0002625,CUST00304,2023-07-24,367001,atm_withdrawal,internet_banking,MCC1375,992039,0
TXN0002626,CUST00598,2023-09-19,430640,debit,pos,MCC9497,526219,0
TXN0002627,CUST00788,2023-01-29,253427,emi_payment,atm,MCC5144,1820078,1
TXN0002628,CUST00867,2023-08-31,438332,credit,atm,MCC6799,1083402,0
TXN0002629,CUST00523,2023-06-17,298042,emi_payment,atm,MCC2438,1081640,0
TXN0002630,CUST00365,2023-01-13,237911,transfer,atm,MCC3873,935991,0
TXN0002631,CUST00409,2023-11-13,318254,transfer,atm,MCC8759,1520011,0
TXN0002632,CUST00737,2023-04-07,214463,credit,atm,MCC1126,604392,0
TXN0002633,CUST00319,2023-11-16,303235,transfer,atm,MCC2724,1874447,0
TXN0002634,CUST00416,2023-03-17,416912,atm_withdrawal,pos,MCC6683,124623,0
TXN0002635,CUST00787,2023-07-17,479103,atm_withdrawal,mobile_app,MCC8236,25001,0
TXN0002636,CUST00544,2023-05-16,289786,transfer,branch,MCC4881,1020382,0
TXN0002637,CUST00468,2023-11-22,2965,atm_withdrawal,mobile_app,MCC1787,1718531,0
TXN0002638,CUST00734,2023-12-14,310676,atm_withdrawal,mobile_app,MCC2323,19510,0
TXN0002639,CUST00289,2023-10-09,126023,emi_payment,pos,MCC9012,1357702,0
TXN0002640,CUST00061,2023-11-05,118109,transfer,branch,MCC2937,779660,0
TXN0002641,CUST00789,2023-10-08,440613,debit,atm,MCC6207,43438,0
TXN0002642,CUST00455,2023-04-18,223133,transfer,atm,MCC9427,741309,0
TXN0002643,CUST00326,2023-12-02,395228,credit,mobile_app,MCC4380,1293215,0
TXN0002644,CUST00096,2023-07-13,184787,debit,branch,MCC1595,1267506,0
TXN0002645,CUST00927,2023-05-06,303458,atm_withdrawal,mobile_app,MCC8316,1697620,0
TXN0002646,CUST00726,2023-03-12,332694,credit,internet_banking,MCC8086,1974857,0
TXN0002647,CUST00275,2023-09-17,446639,emi_payment,mobile_app,MCC6858,108862,0
TXN0002648,CUST00608,2023-04-12,98321,atm_withdrawal,atm,MCC9117,1716002,0
TXN0002649,CUST00465,2023-08-27,280653,transfer,mobile_app,MCC7981,19362,0
TXN0002650,CUST00327,2023-01-24,202935,emi_payment,branch,MCC7194,1950167,0
TXN0002651,CUST00312,2023-08-20,231968,emi_payment,internet_banking,MCC4000,1547802,0
TXN0002652,CUST00077,2023-08-23,424381,transfer,pos,MCC1552,1901874,0
TXN0002653,CUST00975,2023-07-11,67997,atm_withdrawal,atm,MCC7532,135519,0
TXN0002654,CUST00926,2023-08-28,273268,atm_withdrawal,internet_banking,MCC8611,148225,0
TXN0002655,CUST00871,2023-12-29,193977,credit,internet_banking,MCC7255,1971074,0
TXN0002656,CUST00316,2023-11-03,448032,atm_withdrawal,atm,MCC6878,563894,0
TXN0002657,CUST00997,2023-06-10,108286,debit,atm,MCC7464,763079,0
TXN0002658,CUST00276,2023-11-15,116340,debit,branch,MCC3493,593975,0
TXN0002659,CUST00825,2023-12-15,45514,transfer,mobile_app,MCC2052,313570,0
TXN0002660,CUST00102,2023-02-28,220007,emi_payment,mobile_app,MCC6666,142041,0
TXN0002661,CUST00311,2023-05-12,5505,transfer,atm,MCC9486,270728,0
TXN0002662,CUST00578,2023-09-29,250258,emi_payment,branch,MCC2228,1693301,0
TXN0002663,CUST00968,2023-07-07,111868,credit,pos,MCC1640,53979,0
TXN0002664,CUST00266,2023-02-19,200343,atm_withdrawal,mobile_app,MCC7368,1790658,0
TXN0002665,CUST00433,2023-06-22,302629,atm_withdrawal,mobile_app,MCC4803,440177,0
TXN0002666,CUST00843,2023-05-17,342278,debit,atm,MCC9126,1209947,0
TXN0002667,CUST00473,2023-09-27,30712,transfer,pos,MCC5246,514794,0
TXN0002668,CUST00683,2023-07-08,74445,credit,atm,MCC5694,1781981,0
TXN0002669,CUST00419,2023-02-21,158952,emi_payment,mobile_app,MCC1556,80817,0
TXN0002670,CUST00004,2023-01-19,259748,transfer,mobile_app,MCC9568,1428738,0
TXN0002671,CUST00284,2023-04-15,441766,credit,pos,MCC3977,1869120,0
TXN0002672,CUST00566,2023-02-27,69472,credit,branch,MCC4942,881107,0
TXN0002673,CUST00020,2023-11-16,34030,credit,branch,MCC6661,901506,0
TXN0002674,CUST00232,2023-04-09,314635,debit,pos,MCC8717,299728,0
TXN0002675,CUST00954,2023-08-20,489444,debit,internet_banking,MCC8155,1757206,0
TXN0002676,CUST00016,2023-02-16,415141,emi_payment,internet_banking,MCC7962,1916993,0
TXN0002677,CUST00248,2023-06-11,282764,atm_withdrawal,atm,MCC1949,993040,0
TXN0002678,CUST00620,2023-12-07,10096,transfer,pos,MCC1795,1384557,0
TXN0002679,CUST00564,2023-08-23,288144,atm_withdrawal,internet_banking,MCC8480,1516063,0
TXN0002680,CUST00205,2023-04-16,228522,debit,mobile_app,MCC9212,708367,0
TXN0002681,CUST00060,2023-09-30,223531,atm_withdrawal,mobile_app,MCC6613,7813,1
TXN0002682,CUST00900,2023-07-02,246402,transfer,mobile_app,MCC9192,257200,0
TXN0002683,CUST00551,2023-03-27,280803,emi_payment,internet_banking,MCC3857,1793693,0
TXN0002684,CUST00574,2023-12-30,360155,debit,branch,MCC4162,1597939,0
TXN0002685,CUST00058,2023-12-09,96142,emi_payment,branch,MCC2530,189785,0
TXN0002686,CUST00210,2023-07-26,37452,credit,internet_banking,MCC8140,1604029,0
TXN0002687,CUST00073,2023-01-13,25810,atm_withdrawal,atm,MCC7024,1766359,1
TXN0002688,CUST00980,2023-05-31,203069,emi_payment,pos,MCC3021,1086018,0
TXN0002689,CUST00770,2023-07-07,254020,atm_withdrawal,internet_banking,MCC9992,902551,0
TXN0002690,CUST00547,2023-12-06,392762,atm_withdrawal,atm,MCC1273,1999914,0
TXN0002691,CUST00681,2023-09-25,216789,emi_payment,branch,MCC7931,1743921,0
TXN0002692,CUST00166,2023-03-23,266119,credit,atm,MCC2871,772840,0
TXN0002693,CUST00989,2023-07-06,488363,credit,mobile_app,MCC8055,953798,0
TXN0002694,CUST00518,2023-03-07,374948,atm_withdrawal,atm,MCC5355,1884129,0
TXN0002695,CUST00517,2023-06-22,345489,emi_payment,atm,MCC3105,1843011,0
TXN0002696,CUST00960,2023-07-15,182068,atm_withdrawal,atm,MCC1519,1260524,0
TXN0002697,CUST00096,2023-07-06,76184,emi_payment,pos,MCC6590,1296932,0
TXN0002698,CUST00425,2023-06-05,460051,emi_payment,atm,MCC2439,1472844,0
TXN0002699,CUST00089,2023-06-09,276790,debit,pos,MCC5047,577794,0
TXN0002700,CUST00426,2023-10-18,38764,atm_withdrawal,atm,MCC9552,1834154,0
TXN0002701,CUST00268,2023-07-04,241195,credit,branch,MCC8987,588141,0
TXN0002702,CUST00462,2023-01-16,45673,credit,pos,MCC5444,1662302,0
TXN0002703,CUST00702,2023-09-28,490661,debit,atm,MCC7584,1640254,0
TXN0002704,CUST00281,2023-08-14,264290,debit,branch,MCC8407,577335,0
TXN0002705,CUST00052,2023-09-11,392506,credit,branch,MCC6458,1615246,0
TXN0002706,CUST00162,2023-09-17,235464,atm_withdrawal,internet_banking,MCC2859,1734469,0
TXN0002707,CUST00716,2023-03-05,9965,atm_withdrawal,atm,MCC8302,993201,0
TXN0002708,CUST00579,2023-12-21,319269,transfer,branch,MCC1796,1079417,0
TXN0002709,CUST00979,2023-12-28,326590,credit,mobile_app,MCC5701,1018761,0
TXN0002710,CUST00895,2023-02-23,114605,credit,branch,MCC8024,89657,0
TXN0002711,CUST00162,2023-03-21,358254,atm_withdrawal,pos,MCC6134,1081104,0
TXN0002712,CUST00736,2023-03-31,113091,debit,internet_banking,MCC4139,1347635,0
TXN0002713,CUST00091,2023-12-19,345817,debit,atm,MCC4746,1122451,0
TXN0002714,CUST00097,2023-12-07,374579,debit,branch,MCC5137,999395,0
TXN0002715,CUST00794,2023-04-07,68810,atm_withdrawal,internet_banking,MCC7695,1002603,0
TXN0002716,CUST00401,2023-08-19,145953,debit,internet_banking,MCC9928,1073247,0
TXN0002717,CUST00998,2023-03-30,81735,atm_withdrawal,pos,MCC8006,1858232,0
TXN0002718,CUST00006,2023-01-14,363673,debit,mobile_app,MCC3848,823050,0
TXN0002719,CUST00503,2023-03-26,117854,transfer,atm,MCC2000,448693,0
TXN0002720,CUST00308,2023-01-29,320389,atm_withdrawal,pos,MCC5257,128170,0
TXN0002721,CUST00986,2023-11-06,208847,debit,mobile_app,MCC8721,1741583,0
TXN0002722,CUST00670,2023-10-14,41755,credit,atm,MCC6712,360426,0
TXN0002723,CUST00772,2023-03-09,441361,emi_payment,atm,MCC3895,834166,0
TXN0002724,CUST00291,2023-07-27,355593,atm_withdrawal,internet_banking,MCC1801,1512909,0
TXN0002725,CUST00895,2023-03-16,130893,atm_withdrawal,mobile_app,MCC3269,357116,0
TXN0002726,CUST00841,2023-07-26,439769,debit,pos,MCC7447,468457,0
TXN0002727,CUST00785,2023-11-24,354447,emi_payment,mobile_app,MCC7029,1270594,0
TXN0002728,CUST00478,2023-11-18,408341,credit,pos,MCC5065,1255453,0
TXN0002729,CUST00922,2023-11-01,89143,transfer,atm,MCC4004,486774,0
TXN0002730,CUST00670,2023-03-30,4530,atm_withdrawal,pos,MCC2574,1083720,0
TXN0002731,CUST00066,2023-03-11,30995,atm_withdrawal,internet_banking,MCC9751,1408267,0
TXN0002732,CUST00884,2023-02-28,269902,debit,mobile_app,MCC4874,442796,0
TXN0002733,CUST00021,2023-02-16,393357,transfer,atm,MCC7904,886608,0
TXN0002734,CUST00683,2023-08-13,456677,credit,internet_banking,MCC5145,561142,0
TXN0002735,CUST00250,2023-08-29,480489,emi_payment,branch,MCC6122,1880069,0
TXN0002736,CUST00898,2023-11-19,299402,atm_withdrawal,branch,MCC6765,767135,0
TXN0002737,CUST00730,2023-02-02,315665,credit,internet_banking,MCC4202,1711702,0
TXN0002738,CUST00809,2023-04-07,145234,debit,atm,MCC9433,1760372,0
TXN0002739,CUST00700,2023-09-23,678,debit,branch,MCC5115,335518,0
TXN0002740,CUST00568,2023-09-06,97352,debit,atm,MCC7884,1882612,0
TXN0002741,CUST00864,2023-06-06,27875,credit,atm,MCC9246,98236,0
TXN0002742,CUST00298,2023-02-25,342505,atm_withdrawal,atm,MCC4441,773510,1
TXN0002743,CUST00529,2023-06-26,251603,credit,internet_banking,MCC3105,317968,0
TXN0002744,CUST00299,2023-03-04,385649,transfer,atm,MCC9725,92301,0
TXN0002745,CUST00114,2023-07-15,74126,emi_payment,internet_banking,MCC8072,1103972,0
TXN0002746,CUST00876,2023-11-26,456301,emi_payment,pos,MCC8116,1201796,0
TXN0002747,CUST00498,2023-03-13,359797,credit,pos,MCC9513,1163945,0
TXN0002748,CUST00054,2023-02-13,452867,debit,branch,MCC1251,835151,0
TXN0002749,CUST00826,2023-09-27,324259,debit,mobile_app,MCC9501,1573677,0
TXN0002750,CUST00942,2023-01-09,169706,credit,pos,MCC2049,984630,0
TXN0002751,CUST00662,2023-12-25,313124,debit,branch,MCC2307,1070039,0
TXN0002752,CUST00328,2023-10-10,301978,transfer,pos,MCC2961,883900,0
TXN0002753,CUST00860,2023-05-28,90544,emi_payment,mobile_app,MCC2019,414462,0
TXN0002754,CUST00739,2023-05-13,50849,emi_payment,internet_banking,MCC1751,1309147,0
TXN0002755,CUST00285,2023-05-22,325169,atm_withdrawal,internet_banking,MCC2126,1658020,0
TXN0002756,CUST00331,2023-05-25,47321,credit,pos,MCC5368,608880,0
TXN0002757,CUST00988,2023-11-03,50259,emi_payment,branch,MCC4352,926955,0
TXN0002758,CUST00954,2023-10-19,35827,atm_withdrawal,mobile_app,MCC4066,1785262,0
TXN0002759,CUST00677,2023-03-16,311117,debit,atm,MCC2546,413156,0
TXN0002760,CUST00037,2023-03-07,463579,emi_payment,mobile_app,MCC9755,842498,0
TXN0002761,CUST00230,2023-07-17,248559,debit,branch,MCC3991,539066,0
TXN0002762,CUST00354,2023-08-26,76300,transfer,pos,MCC5254,683322,0
TXN0002763,CUST00536,2023-09-23,256380,atm_withdrawal,branch,MCC2279,918462,0
TXN0002764,CUST00868,2023-04-25,241214,transfer,branch,MCC2909,1845889,0
TXN0002765,CUST00849,2023-06-26,296721,transfer,mobile_app,MCC3108,25013,0
TXN0002766,CUST00275,2023-02-08,216592,emi_payment,branch,MCC9735,716285,0
TXN0002767,CUST00109,2023-06-16,266102,transfer,pos,MCC2586,1731774,0
TXN0002768,CUST00276,2023-09-08,162453,emi_payment,pos,MCC5624,166145,0
TXN0002769,CUST00236,2023-04-22,453091,atm_withdrawal,pos,MCC5897,1012981,0
TXN0002770,CUST00899,2023-04-27,268911,debit,internet_banking,MCC1657,310672,0
TXN0002771,CUST00015,2023-06-18,155459,transfer,mobile_app,MCC4158,1118623,0
TXN0002772,CUST00831,2023-11-13,1495,atm_withdrawal,internet_banking,MCC1727,1428589,0
TXN0002773,CUST00657,2023-08-09,339387,credit,internet_banking,MCC2574,1270438,0
TXN0002774,CUST00106,2023-12-02,190136,transfer,mobile_app,MCC7076,1124651,0
TXN0002775,CUST00686,2023-01-23,124580,emi_payment,atm,MCC6115,1485376,0
TXN0002776,CUST00581,2023-11-06,239724,atm_withdrawal,branch,MCC5452,1069234,0
TXN0002777,CUST00004,2023-01-16,242611,credit,atm,MCC2920,1225708,0
TXN0002778,CUST00224,2023-04-28,401671,atm_withdrawal,mobile_app,MCC6617,163982,0
TXN0002779,CUST00349,2023-06-05,271333,emi_payment,atm,MCC9140,42608,0
TXN0002780,CUST00216,2023-03-28,350511,debit,mobile_app,MCC8646,328152,0
TXN0002781,CUST00579,2023-12-28,323579,atm_withdrawal,atm,MCC2558,1079716,0
TXN0002782,CUST00616,2023-11-22,424895,credit,pos,MCC7131,792428,0
TXN0002783,CUST00170,2023-07-28,3204,credit,internet_banking,MCC3194,732146,0
TXN0002784,CUST00124,2023-06-15,188211,transfer,internet_banking,MCC8755,896011,0
TXN0002785,CUST00656,2023-10-06,357729,transfer,branch,MCC5256,1978874,0
TXN0002786,CUST00470,2023-09-16,70538,transfer,branch,MCC7683,753164,0
TXN0002787,CUST00266,2023-06-25,220989,debit,branch,MCC5853,888287,0
TXN0002788,CUST00256,2023-10-29,200588,atm_withdrawal,mobile_app,MCC7068,1005488,0
TXN0002789,CUST00040,2023-03-12,402839,credit,internet_banking,MCC9413,1548443,0
TXN0002790,CUST00854,2023-04-12,481533,debit,branch,MCC2212,1467096,0
TXN0002791,CUST00842,2023-01-07,53255,transfer,atm,MCC9131,1958775,0
TXN0002792,CUST00555,2023-02-13,107242,emi_payment,atm,MCC5344,1271408,0
TXN0002793,CUST00350,2023-03-14,387128,debit,atm,MCC2278,1907737,0
TXN0002794,CUST00216,2023-08-17,87460,atm_withdrawal,branch,MCC4897,1222570,0
TXN0002795,CUST00308,2023-11-09,248525,emi_payment,branch,MCC1502,1076497,0
TXN0002796,CUST00927,2023-08-04,472174,atm_withdrawal,internet_banking,MCC5865,1115557,0
TXN0002797,CUST00089,2023-06-12,487651,emi_payment,internet_banking,MCC5250,960311,0
TXN0002798,CUST00823,2023-04-09,474966,debit,internet_banking,MCC4519,401856,0
TXN0002799,CUST00305,2023-02-07,67286,credit,branch,MCC4997,732683,0
TXN0002800,CUST00266,2023-08-02,74703,atm_withdrawal,mobile_app,MCC6583,1209272,0
TXN0002801,CUST00810,2023-02-21,88090,transfer,internet_banking,MCC8439,1212257,0
TXN0002802,CUST00962,2023-10-16,384749,debit,mobile_app,MCC4531,316912,0
TXN0002803,CUST00992,2023-05-30,89595,debit,branch,MCC1151,1607054,0
TXN0002804,CUST00268,2023-05-08,214928,transfer,branch,MCC6018,1425829,0
TXN0002805,CUST00592,2023-01-10,409199,transfer,mobile_app,MCC9501,1050358,0
TXN0002806,CUST00293,2023-03-30,246158,credit,mobile_app,MCC4553,904575,0
TXN0002807,CUST00194,2023-01-05,470304,debit,branch,MCC2103,1115211,0
TXN0002808,CUST00386,2023-09-22,249394,emi_payment,internet_banking,MCC9115,1162921,0
TXN0002809,CUST00063,2023-06-28,189937,transfer,pos,MCC4773,855940,0
TXN0002810,CUST00165,2023-10-14,484188,debit,mobile_app,MCC4360,1725589,1
TXN0002811,CUST00596,2023-07-26,273570,debit,branch,MCC3657,316491,0
TXN0002812,CUST00688,2023-12-15,92412,credit,pos,MCC7577,746194,0
TXN0002813,CUST00271,2023-10-14,317264,transfer,mobile_app,MCC2311,795202,0
TXN0002814,CUST00558,2023-02-23,386554,credit,branch,MCC6523,199524,0
TXN0002815,CUST00765,2023-02-12,419255,debit,branch,MCC4138,178152,0
TXN0002816,CUST00895,2023-11-21,2936,atm_withdrawal,branch,MCC4469,1782794,0
TXN0002817,CUST00569,2023-04-09,54281,emi_payment,pos,MCC2940,1548858,0
TXN0002818,CUST00241,2023-10-07,314342,transfer,branch,MCC8267,729967,0
TXN0002819,CUST00713,2023-08-18,370981,credit,internet_banking,MCC5081,532191,0
TXN0002820,CUST00171,2023-09-14,326373,emi_payment,internet_banking,MCC9347,813047,0
TXN0002821,CUST00140,2023-04-08,191476,atm_withdrawal,atm,MCC8451,1409832,0
TXN0002822,CUST00359,2023-04-25,376877,emi_payment,internet_banking,MCC7843,592046,0
TXN0002823,CUST00329,2023-07-22,289639,credit,atm,MCC5051,132634,0
TXN0002824,CUST00147,2023-01-09,462988,credit,internet_banking,MCC9536,840338,0
TXN0002825,CUST00053,2023-04-24,183900,atm_withdrawal,mobile_app,MCC6263,1197440,0
TXN0002826,CUST00947,2023-07-05,376942,debit,branch,MCC4926,1041941,0
TXN0002827,CUST00678,2023-03-16,71974,credit,internet_banking,MCC4126,344691,0
TXN0002828,CUST00718,2023-04-15,366098,debit,internet_banking,MCC9222,1686622,0
TXN0002829,CUST00067,2023-12-25,365853,emi_payment,internet_banking,MCC3287,1263030,0
TXN0002830,CUST00797,2023-04-16,126968,transfer,mobile_app,MCC8885,1440320,0
TXN0002831,CUST00365,2023-11-26,30921,debit,internet_banking,MCC3057,1915194,0
TXN0002832,CUST00749,2023-12-05,496420,atm_withdrawal,pos,MCC7860,1026561,0
TXN0002833,CUST00491,2023-09-03,38346,transfer,internet_banking,MCC3539,1157819,0
TXN0002834,CUST00243,2023-02-25,234257,credit,atm,MCC8515,1527693,0
TXN0002835,CUST00263,2023-03-17,659,atm_withdrawal,branch,MCC8519,1547887,0
TXN0002836,CUST00141,2023-12-07,208783,emi_payment,mobile_app,MCC7570,1695583,0
TXN0002837,CUST00830,2023-01-01,410498,debit,pos,MCC9927,1408805,0
TXN0002838,CUST00430,2023-07-03,250988,atm_withdrawal,pos,MCC5610,116297,0
TXN0002839,CUST00781,2023-08-06,119946,debit,internet_banking,MCC8547,700668,0
TXN0002840,CUST00830,2023-11-02,197088,atm_withdrawal,mobile_app,MCC5971,1184457,0
TXN0002841,CUST00167,2023-11-23,46263,credit,pos,MCC1348,889730,0
TXN0002842,CUST00331,2023-04-14,296859,credit,mobile_app,MCC4758,86536,0
TXN0002843,CUST00125,2023-07-03,2151,debit,pos,MCC1292,535190,0
TXN0002844,CUST00010,2023-08-20,174877,atm_withdrawal,mobile_app,MCC6977,616231,0
TXN0002845,CUST00987,2023-12-19,30443,transfer,pos,MCC2371,72250,0
TXN0002846,CUST00661,2023-07-23,120048,emi_payment,pos,MCC3922,1524832,0
TXN0002847,CUST00452,2023-02-14,33809,atm_withdrawal,internet_banking,MCC8841,755937,0
TXN0002848,CUST00201,2023-12-04,464004,transfer,internet_banking,MCC7656,1582570,0
TXN0002849,CUST00591,2023-07-07,386037,credit,mobile_app,MCC4024,1740622,0
TXN0002850,CUST00543,2023-03-07,463921,emi_payment,atm,MCC5545,1767654,0
TXN0002851,CUST00223,2023-03-11,341571,transfer,internet_banking,MCC6228,1816448,0
TXN0002852,CUST00015,2023-03-16,248173,credit,atm,MCC4178,996475,0
TXN0002853,CUST00469,2023-09-21,87106,atm_withdrawal,atm,MCC7747,485178,0
TXN0002854,CUST00509,2023-12-13,481077,atm_withdrawal,branch,MCC2324,168275,0
TXN0002855,CUST00799,2023-06-11,458768,credit,internet_banking,MCC4837,1247939,0
TXN0002856,CUST00394,2023-02-05,207917,emi_payment,internet_banking,MCC3299,253570,0
TXN0002857,CUST00098,2023-11-21,112883,atm_withdrawal,branch,MCC7111,482757,0
TXN0002858,CUST00881,2023-08-20,193750,emi_payment,mobile_app,MCC6761,488618,0
TXN0002859,CUST00414,2023-07-28,197119,debit,branch,MCC8262,547039,0
TXN0002860,CUST00722,2023-01-23,458461,atm_withdrawal,atm,MCC4328,744365,0
TXN0002861,CUST00044,2023-12-21,33525,debit,branch,MCC3076,662611,0
TXN0002862,CUST00037,2023-01-29,316495,emi_payment,internet_banking,MCC1298,1053121,0
TXN0002863,CUST00024,2023-08-11,384293,transfer,pos,MCC8744,1914693,0
TXN0002864,CUST00790,2023-08-06,381282,debit,branch,MCC3967,1291874,0
TXN0002865,CUST00241,2023-07-07,96682,emi_payment,atm,MCC7790,1352153,0
TXN0002866,CUST00792,2023-07-21,206430,credit,mobile_app,MCC4296,325007,0
TXN0002867,CUST00945,2023-05-26,171090,atm_withdrawal,pos,MCC3987,228291,0
TXN0002868,CUST00664,2023-07-29,203560,atm_withdrawal,atm,MCC3108,377937,0
TXN0002869,CUST00986,2023-05-13,43629,transfer,pos,MCC8031,1696924,0
TXN0002870,CUST00930,2023-06-22,41743,emi_payment,atm,MCC3576,345979,0
TXN0002871,CUST00723,2023-09-05,12174,debit,branch,MCC3666,1967788,0
TXN0002872,CUST00804,2023-09-28,483375,atm_withdrawal,branch,MCC7343,1509874,0
TXN0002873,CUST00604,2023-02-25,208455,emi_payment,atm,MCC5661,1658055,0
TXN0002874,CUST00219,2023-12-29,114056,credit,branch,MCC7715,604175,0
TXN0002875,CUST00103,2023-02-05,398862,debit,atm,MCC1931,312623,0
TXN0002876,CUST00382,2023-04-11,247184,transfer,internet_banking,MCC9629,333422,0
TXN0002877,CUST00476,2023-05-07,182334,atm_withdrawal,atm,MCC3130,1715484,1
TXN0002878,CUST00350,2023-04-29,57393,atm_withdrawal,internet_banking,MCC2062,862751,1
TXN0002879,CUST00103,2023-05-09,193077,debit,branch,MCC1984,818277,0
TXN0002880,CUST00505,2023-04-28,323512,emi_payment,mobile_app,MCC3805,495032,0
TXN0002881,CUST00499,2023-06-09,311755,debit,pos,MCC4811,712483,0
TXN0002882,CUST00954,2023-10-06,195498,credit,atm,MCC1693,738598,0
TXN0002883,CUST00955,2023-10-30,306561,transfer,internet_banking,MCC6602,1498831,0
TXN0002884,CUST00616,2023-05-08,383854,debit,mobile_app,MCC6519,1648028,0
TXN0002885,CUST00851,2023-04-05,465153,debit,pos,MCC7993,934209,1
TXN0002886,CUST00313,2023-09-05,264236,atm_withdrawal,mobile_app,MCC1147,667793,0
TXN0002887,CUST00970,2023-01-22,113969,emi_payment,branch,MCC1866,903392,0
TXN0002888,CUST00942,2023-06-12,64826,emi_payment,mobile_app,MCC2848,349718,0
TXN0002889,CUST00126,2023-03-22,78934,transfer,atm,MCC4942,137129,0
TXN0002890,CUST00701,2023-08-10,5469,transfer,internet_banking,MCC6282,464905,0
TXN0002891,CUST00458,2023-01-29,279095,debit,branch,MCC2816,49042,0
TXN0002892,CUST00267,2023-10-30,106303,transfer,branch,MCC4228,68714,0
TXN0002893,CUST00412,2023-04-09,113122,emi_payment,internet_banking,MCC5621,476962,0
TXN0002894,CUST00907,2023-07-07,362200,credit,atm,MCC5898,1802258,0
TXN0002895,CUST00925,2023-07-28,159908,transfer,branch,MCC5737,370336,0
TXN0002896,CUST00345,2023-06-23,414274,transfer,branch,MCC6761,1393935,0
TXN0002897,CUST00462,2023-06-13,68605,atm_withdrawal,internet_banking,MCC7799,294296,0
TXN0002898,CUST00517,2023-04-08,170733,debit,branch,MCC8549,926721,0
TXN0002899,CUST00734,2023-10-09,25885,debit,internet_banking,MCC9687,1213849,0
TXN0002900,CUST00480,2023-07-08,268008,credit,branch,MCC4535,1121729,0
TXN0002901,CUST00396,2023-03-20,62511,debit,atm,MCC3953,1599428,0
TXN0002902,CUST00924,2023-04-06,120082,atm_withdrawal,branch,MCC3509,508181,0
TXN0002903,CUST00373,2023-06-10,367766,credit,mobile_app,MCC4150,1485592,0
TXN0002904,CUST00266,2023-11-04,440233,credit,pos,MCC5848,807376,0
TXN0002905,CUST00327,2023-12-17,272763,credit,atm,MCC6437,890558,0
TXN0002906,CUST00334,2023-05-22,482607,atm_withdrawal,pos,MCC1627,639671,0
TXN0002907,CUST00556,2023-05-25,378359,emi_payment,mobile_app,MCC9987,1993753,0
TXN0002908,CUST00661,2023-02-17,376494,transfer,pos,MCC1377,1649086,0
TXN0002909,CUST00135,2023-07-19,495303,emi_payment,branch,MCC4608,925778,0
TXN0002910,CUST00887,2023-03-29,44534,debit,pos,MCC5069,1486850,0
TXN0002911,CUST00254,2023-10-27,116175,emi_payment,atm,MCC4107,1831397,0
TXN0002912,CUST00115,2023-07-15,218615,credit,pos,MCC2962,567760,0
TXN0002913,CUST00669,2023-03-22,309205,credit,mobile_app,MCC5774,652224,0
TXN0002914,CUST00210,2023-12-01,495253,debit,branch,MCC1064,1524495,0
TXN0002915,CUST00751,2023-10-25,49597,debit,atm,MCC7689,567636,0
TXN0002916,CUST00949,2023-04-20,114769,emi_payment,branch,MCC7113,187867,0
TXN0002917,CUST00693,2023-02-13,149160,atm_withdrawal,pos,MCC7937,1190467,0
TXN0002918,CUST00778,2023-04-07,335268,atm_withdrawal,atm,MCC8344,405139,0
TXN0002919,CUST00495,2023-05-18,475849,credit,mobile_app,MCC8986,1173403,0
TXN0002920,CUST00347,2023-05-29,469287,emi_payment,mobile_app,MCC2330,212758,0
TXN0002921,CUST00614,2023-10-28,373844,debit,atm,MCC8514,956853,0
TXN0002922,CUST00358,2023-12-20,386624,emi_payment,internet_banking,MCC6074,476492,0
TXN0002923,CUST00877,2023-09-30,207831,transfer,internet_banking,MCC2111,1057321,0
TXN0002924,CUST00470,2023-11-05,304469,atm_withdrawal,pos,MCC9854,452387,0
TXN0002925,CUST00499,2023-02-15,85545,debit,mobile_app,MCC8304,502607,0
TXN0002926,CUST00674,2023-02-24,253401,emi_payment,branch,MCC3418,1801109,0
TXN0002927,CUST00190,2023-11-28,146396,transfer,internet_banking,MCC9014,1963995,0
TXN0002928,CUST00562,2023-08-13,464414,transfer,mobile_app,MCC7576,654779,0
TXN0002929,CUST00754,2023-03-28,183820,transfer,internet_banking,MCC5023,1291213,0
TXN0002930,CUST00777,2023-10-17,197427,emi_payment,branch,MCC2458,710435,1
TXN0002931,CUST00225,2023-03-05,201451,transfer,branch,MCC7579,340389,0
TXN0002932,CUST00055,2023-10-08,450644,transfer,mobile_app,MCC9387,199501,0
TXN0002933,CUST00195,2023-11-19,466269,transfer,atm,MCC2734,1781023,0
TXN0002934,CUST00820,2023-06-28,215583,debit,internet_banking,MCC1003,131964,0
TXN0002935,CUST00266,2023-08-28,497855,emi_payment,branch,MCC3065,984001,0
TXN0002936,CUST00059,2023-09-25,378296,emi_payment,branch,MCC3652,438775,0
TXN0002937,CUST00598,2023-11-18,423240,transfer,branch,MCC4411,1520758,0
TXN0002938,CUST00881,2023-08-02,457865,emi_payment,branch,MCC9786,269092,0
TXN0002939,CUST00225,2023-04-18,166326,credit,internet_banking,MCC9670,1153700,0
TXN0002940,CUST00044,2023-03-15,275366,credit,branch,MCC7035,689219,0
TXN0002941,CUST00141,2023-05-10,142610,atm_withdrawal,branch,MCC2956,1041809,0
TXN0002942,CUST00128,2023-01-21,155008,atm_withdrawal,mobile_app,MCC2906,372088,0
TXN0002943,CUST00205,2023-09-13,232216,atm_withdrawal,atm,MCC1734,233677,0
TXN0002944,CUST00181,2023-05-15,25588,debit,branch,MCC8121,356342,0
TXN0002945,CUST00638,2023-09-17,107659,transfer,internet_banking,MCC2987,1152931,0
TXN0002946,CUST00224,2023-01-23,404649,emi_payment,mobile_app,MCC9081,1295073,0
TXN0002947,CUST00549,2023-04-28,82973,debit,internet_banking,MCC6402,1809152,0
TXN0002948,CUST00402,2023-05-25,311042,atm_withdrawal,branch,MCC5384,1884211,0
TXN0002949,CUST00655,2023-02-01,382842,emi_payment,pos,MCC9362,1505191,0
TXN0002950,CUST00656,2023-10-30,131596,credit,atm,MCC2404,24963,0
TXN0002951,CUST00593,2023-08-07,229215,transfer,branch,MCC5173,1407111,0
TXN0002952,CUST00893,2023-11-05,438718,atm_withdrawal,mobile_app,MCC3327,1411112,0
TXN0002953,CUST00197,2023-10-20,417756,atm_withdrawal,internet_banking,MCC2629,1412382,0
TXN0002954,CUST00525,2023-01-13,460159,atm_withdrawal,pos,MCC9487,1318395,0
TXN0002955,CUST00395,2023-11-12,314206,atm_withdrawal,mobile_app,MCC6446,1375190,1
TXN0002956,CUST00533,2023-01-26,443594,emi_payment,atm,MCC2449,1170108,0
TXN0002957,CUST00140,2023-11-14,199290,atm_withdrawal,branch,MCC1966,1238993,0
TXN0002958,CUST00320,2023-09-02,300798,atm_withdrawal,internet_banking,MCC3806,1384596,0
TXN0002959,CUST00942,2023-10-27,333650,debit,pos,MCC8501,86871,0
TXN0002960,CUST00801,2023-07-02,488293,emi_payment,internet_banking,MCC2309,1017398,0
TXN0002961,CUST00427,2023-02-28,184178,credit,atm,MCC7674,255544,1
TXN0002962,CUST00111,2023-02-24,437415,transfer,mobile_app,MCC1950,1853835,0
TXN0002963,CUST00649,2023-02-13,254710,debit,pos,MCC4030,1979586,0
TXN0002964,CUST00302,2023-10-22,52219,emi_payment,mobile_app,MCC5697,316449,0
TXN0002965,CUST00330,2023-07-14,327807,atm_withdrawal,internet_banking,MCC2161,1783061,0
TXN0002966,CUST00097,2023-03-21,490554,transfer,pos,MCC4569,947102,0
TXN0002967,CUST00290,2023-02-15,226753,emi_payment,atm,MCC3409,1344744,0
TXN0002968,CUST00215,2023-01-29,274448,credit,atm,MCC1415,1306076,0
TXN0002969,CUST00034,2023-04-05,463656,emi_payment,internet_banking,MCC1008,235296,0
TXN0002970,CUST00587,2023-10-01,460025,debit,atm,MCC2306,1817397,0
TXN0002971,CUST00970,2023-11-22,200101,atm_withdrawal,pos,MCC7735,1281284,0
TXN0002972,CUST00126,2023-08-10,380194,credit,atm,MCC1338,974871,0
TXN0002973,CUST00053,2023-12-30,315523,transfer,internet_banking,MCC5549,1229614,0
TXN0002974,CUST00101,2023-05-24,323818,atm_withdrawal,pos,MCC1221,1953992,0
TXN0002975,CUST00546,2023-05-02,360284,debit,mobile_app,MCC2940,1294754,0
TXN0002976,CUST00826,2023-09-10,163403,atm_withdrawal,pos,MCC2606,1312965,0
TXN0002977,CUST00310,2023-02-19,152481,emi_payment,mobile_app,MCC4058,1753222,0
TXN0002978,CUST00119,2023-11-29,13612,atm_withdrawal,mobile_app,MCC7692,1398425,1
TXN0002979,CUST00096,2023-10-12,428189,transfer,mobile_app,MCC4789,285889,0
TXN0002980,CUST00609,2023-01-13,138440,credit,mobile_app,MCC1132,1636414,0
TXN0002981,CUST00357,2023-03-10,337159,transfer,atm,MCC2301,1799497,0
TXN0002982,CUST00353,2023-08-18,342941,transfer,internet_banking,MCC3739,1467836,0
TXN0002983,CUST00239,2023-09-27,351790,atm_withdrawal,mobile_app,MCC3505,304722,0
TXN0002984,CUST00897,2023-03-21,431571,transfer,internet_banking,MCC6082,1045253,0
TXN0002985,CUST00375,2023-09-30,433949,transfer,pos,MCC4157,108083,0
TXN0002986,CUST00708,2023-06-23,1273,debit,branch,MCC7692,1545234,0
TXN0002987,CUST00743,2023-09-04,420067,credit,atm,MCC3272,1914412,0
TXN0002988,CUST00060,2023-06-04,104066,transfer,internet_banking,MCC7100,71465,0
TXN0002989,CUST00249,2023-06-15,322734,credit,branch,MCC1906,218047,0
TXN0002990,CUST00896,2023-05-23,336566,credit,atm,MCC9894,1865534,0
TXN0002991,CUST00883,2023-02-27,26941,debit,atm,MCC9879,1599549,0
TXN0002992,CUST00414,2023-03-11,141889,atm_withdrawal,mobile_app,MCC3480,1646299,0
TXN0002993,CUST00157,2023-03-03,455078,atm_withdrawal,atm,MCC3107,416989,0
TXN0002994,CUST00299,2023-10-20,70937,credit,atm,MCC1001,1275322,0
TXN0002995,CUST00950,2023-06-04,116014,debit,mobile_app,MCC9782,1657550,0
TXN0002996,CUST00673,2023-05-19,41059,atm_withdrawal,internet_banking,MCC1343,137508,0
TXN0002997,CUST00076,2023-11-09,83461,atm_withdrawal,atm,MCC1018,567458,0
TXN0002998,CUST00718,2023-11-20,318975,atm_withdrawal,mobile_app,MCC1877,589847,0
TXN0002999,CUST00147,2023-03-27,420658,transfer,atm,MCC3654,1083159,0
TXN0003000,CUST00304,2023-05-10,297470,emi_payment,pos,MCC9776,507256,0
TXN0003001,CUST00482,2023-05-31,142354,emi_payment,branch,MCC2499,683877,0
TXN0003002,CUST00352,2023-11-03,429320,credit,branch,MCC6129,514049,0
TXN0003003,CUST00699,2023-09-03,183734,transfer,mobile_app,MCC6853,127252,0
TXN0003004,CUST00157,2023-07-18,157487,credit,atm,MCC8193,1344204,0
TXN0003005,CUST00878,2023-03-27,252802,emi_payment,pos,MCC7293,1277311,0
TXN0003006,CUST00594,2023-05-21,68445,atm_withdrawal,pos,MCC9864,1752276,0
TXN0003007,CUST00306,2023-01-11,178225,debit,branch,MCC6954,1152216,1
TXN0003008,CUST00957,2023-09-14,399597,debit,mobile_app,MCC8597,1363260,0
TXN0003009,CUST00479,2023-12-02,304181,credit,internet_banking,MCC3878,718422,0
TXN0003010,CUST00417,2023-10-15,494094,debit,internet_banking,MCC4668,777519,0
TXN0003011,CUST00022,2023-04-23,387878,debit,mobile_app,MCC7633,824798,0
TXN0003012,CUST00997,2023-06-26,180258,atm_withdrawal,mobile_app,MCC8882,1938472,0
TXN0003013,CUST00847,2023-12-16,383381,transfer,branch,MCC1045,944937,0
TXN0003014,CUST00177,2023-06-05,432688,emi_payment,mobile_app,MCC4903,1725164,0
TXN0003015,CUST00948,2023-11-03,315451,transfer,mobile_app,MCC8219,641291,0
TXN0003016,CUST00797,2023-07-30,381296,emi_payment,pos,MCC2025,1370836,0
TXN0003017,CUST00421,2023-07-02,251721,emi_payment,atm,MCC4174,548202,0
TXN0003018,CUST00929,2023-08-02,455801,debit,pos,MCC5932,794931,0
TXN0003019,CUST00560,2023-03-23,118885,debit,internet_banking,MCC1745,1717741,0
TXN0003020,CUST00689,2023-06-05,212243,transfer,internet_banking,MCC9240,1367654,1
TXN0003021,CUST00184,2023-04-22,127030,credit,atm,MCC4309,972538,0
TXN0003022,CUST00110,2023-10-04,50740,atm_withdrawal,atm,MCC8060,815990,0
TXN0003023,CUST00528,2023-08-12,308036,credit,internet_banking,MCC4846,1599396,0
TXN0003024,CUST00327,2023-05-26,59266,credit,pos,MCC4616,310374,0
TXN0003025,CUST00982,2023-10-28,113151,transfer,atm,MCC9692,1697458,0
TXN0003026,CUST00086,2023-06-15,381622,debit,internet_banking,MCC8692,1237669,0
TXN0003027,CUST00763,2023-12-14,120581,atm_withdrawal,mobile_app,MCC5642,657952,0
TXN0003028,CUST00602,2023-08-09,431679,debit,mobile_app,MCC5177,1396204,0
TXN0003029,CUST00879,2023-11-20,24664,atm_withdrawal,pos,MCC8026,1982131,0
TXN0003030,CUST00999,2023-12-27,228562,emi_payment,pos,MCC7160,698607,0
TXN0003031,CUST00871,2023-04-30,33683,atm_withdrawal,branch,MCC9812,786338,0
TXN0003032,CUST00375,2023-04-06,29879,credit,atm,MCC3997,1858615,0
TXN0003033,CUST00696,2023-11-02,395497,atm_withdrawal,pos,MCC2013,688787,0
TXN0003034,CUST00163,2023-03-26,33446,atm_withdrawal,mobile_app,MCC2752,1708519,0
TXN0003035,CUST00486,2023-10-02,446141,transfer,pos,MCC5748,1799425,0
TXN0003036,CUST00269,2023-03-06,299340,credit,branch,MCC3820,1165705,0
TXN0003037,CUST00251,2023-11-14,241325,debit,branch,MCC8283,164292,0
TXN0003038,CUST00571,2023-09-09,459320,debit,mobile_app,MCC8875,120471,0
TXN0003039,CUST00127,2023-07-10,193900,transfer,atm,MCC2681,561878,0
TXN0003040,CUST00569,2023-06-13,199851,atm_withdrawal,atm,MCC9906,34431,0
TXN0003041,CUST00401,2023-08-21,205028,transfer,mobile_app,MCC6680,1525372,0
TXN0003042,CUST00230,2023-05-22,325344,atm_withdrawal,atm,MCC3374,1279772,0
TXN0003043,CUST00563,2023-05-26,423644,emi_payment,mobile_app,MCC2810,909328,0
TXN0003044,CUST00751,2023-03-16,271049,emi_payment,internet_banking,MCC2488,1627611,0
TXN0003045,CUST00611,2023-02-27,140601,emi_payment,atm,MCC5239,267009,0
TXN0003046,CUST00089,2023-11-22,444889,atm_withdrawal,atm,MCC1639,1000705,0
TXN0003047,CUST00563,2023-10-01,299514,atm_withdrawal,mobile_app,MCC2180,676934,0
TXN0003048,CUST00624,2023-06-11,416210,debit,branch,MCC7783,46975,0
TXN0003049,CUST00684,2023-10-31,216195,transfer,internet_banking,MCC5399,956876,0
TXN0003050,CUST00426,2023-08-10,99754,transfer,atm,MCC5751,289657,0
TXN0003051,CUST00095,2023-08-07,472253,atm_withdrawal,pos,MCC3921,91665,0
TXN0003052,CUST00128,2023-02-11,338803,credit,atm,MCC6004,422489,0
TXN0003053,CUST00332,2023-07-16,153958,atm_withdrawal,atm,MCC4085,389478,0
TXN0003054,CUST00635,2023-02-09,423766,transfer,branch,MCC1406,1255511,1
TXN0003055,CUST00740,2023-09-07,4635,atm_withdrawal,branch,MCC6113,1586024,0
TXN0003056,CUST00674,2023-01-25,465131,emi_payment,internet_banking,MCC1729,972119,0
TXN0003057,CUST00313,2023-07-07,289354,credit,pos,MCC7198,1282297,0
TXN0003058,CUST00441,2023-05-15,295004,atm_withdrawal,internet_banking,MCC9230,204413,0
TXN0003059,CUST00047,2023-02-17,6790,debit,pos,MCC7006,1573281,0
TXN0003060,CUST00798,2023-06-22,88038,debit,atm,MCC6190,1003348,0
TXN0003061,CUST00354,2023-03-15,360335,transfer,pos,MCC9677,856858,0
TXN0003062,CUST00510,2023-03-31,279160,credit,atm,MCC2972,1738985,0
TXN0003063,CUST00450,2023-11-21,63916,debit,internet_banking,MCC7964,627590,0
TXN0003064,CUST00286,2023-05-08,332942,atm_withdrawal,internet_banking,MCC2866,878230,0
TXN0003065,CUST00169,2023-05-28,373236,debit,mobile_app,MCC1004,1852084,0
TXN0003066,CUST00954,2023-01-03,136317,transfer,pos,MCC3167,299524,0
TXN0003067,CUST00120,2023-04-20,344714,credit,mobile_app,MCC5521,1043828,0
TXN0003068,CUST00945,2023-05-09,486503,credit,pos,MCC1573,1156015,0
TXN0003069,CUST00114,2023-09-20,241279,credit,atm,MCC3508,1400382,0
TXN0003070,CUST00096,2023-02-13,114740,credit,mobile_app,MCC1447,1858771,0
TXN0003071,CUST00904,2023-12-06,480973,emi_payment,pos,MCC3189,687724,0
TXN0003072,CUST00947,2023-02-16,455685,credit,mobile_app,MCC7479,231820,0
TXN0003073,CUST00896,2023-08-27,228477,emi_payment,mobile_app,MCC2369,798298,1
TXN0003074,CUST00776,2023-01-02,212647,transfer,branch,MCC3373,312815,0
TXN0003075,CUST00493,2023-10-27,416974,emi_payment,mobile_app,MCC2220,1455813,0
TXN0003076,CUST00107,2023-09-12,377,transfer,mobile_app,MCC4459,1133685,0
TXN0003077,CUST00592,2023-11-02,156220,credit,atm,MCC7848,1514865,0
TXN0003078,CUST00520,2023-12-06,271690,transfer,pos,MCC5835,679993,0
TXN0003079,CUST00736,2023-11-01,327057,emi_payment,mobile_app,MCC2801,1909193,0
TXN0003080,CUST00035,2023-08-15,314180,transfer,atm,MCC3880,1791121,0
TXN0003081,CUST00078,2023-11-03,185330,atm_withdrawal,atm,MCC7029,1831542,0
TXN0003082,CUST00589,2023-02-05,434694,transfer,mobile_app,MCC5308,1425527,0
TXN0003083,CUST00856,2023-08-24,324850,credit,mobile_app,MCC5138,374389,0
TXN0003084,CUST00934,2023-12-28,270327,debit,branch,MCC8784,294175,0
TXN0003085,CUST00569,2023-05-18,469340,credit,atm,MCC8371,1914011,0
TXN0003086,CUST00369,2023-12-23,47155,debit,internet_banking,MCC3196,1741436,0
TXN0003087,CUST00473,2023-07-04,354939,debit,branch,MCC7337,1761579,0
TXN0003088,CUST00509,2023-06-20,463414,credit,branch,MCC8120,1284584,0
TXN0003089,CUST00620,2023-04-20,330946,credit,atm,MCC9098,1713292,0
TXN0003090,CUST00228,2023-02-09,282720,atm_withdrawal,internet_banking,MCC3375,987268,0
TXN0003091,CUST00389,2023-11-16,182266,emi_payment,atm,MCC7551,324286,0
TXN0003092,CUST00541,2023-09-21,135838,emi_payment,pos,MCC2682,513092,0
TXN0003093,CUST00851,2023-05-27,272989,transfer,branch,MCC5000,1703192,0
TXN0003094,CUST00803,2023-12-17,449439,debit,atm,MCC1653,1299421,0
TXN0003095,CUST00754,2023-03-09,231159,atm_withdrawal,mobile_app,MCC6433,1994964,0
TXN0003096,CUST00216,2023-10-12,60544,transfer,pos,MCC7157,1796971,0
TXN0003097,CUST00407,2023-06-15,241862,transfer,internet_banking,MCC5020,1518753,0
TXN0003098,CUST00554,2023-08-16,48831,emi_payment,mobile_app,MCC4704,76952,0
TXN0003099,CUST00968,2023-01-14,468053,debit,branch,MCC3177,370165,0
TXN0003100,CUST00355,2023-08-11,267551,transfer,internet_banking,MCC7933,750300,0
TXN0003101,CUST00919,2023-09-05,107020,emi_payment,branch,MCC9192,71510,0
TXN0003102,CUST00748,2023-12-23,312479,emi_payment,pos,MCC2193,1871319,0
TXN0003103,CUST00634,2023-05-07,268929,transfer,branch,MCC3482,456101,0
TXN0003104,CUST00703,2023-01-27,255528,atm_withdrawal,internet_banking,MCC6429,765818,0
TXN0003105,CUST00794,2023-01-23,296034,atm_withdrawal,pos,MCC4291,1349055,0
TXN0003106,CUST00699,2023-02-24,464503,debit,internet_banking,MCC1116,71740,0
TXN0003107,CUST00673,2023-04-20,428019,debit,pos,MCC1187,1272650,0
TXN0003108,CUST00378,2023-10-31,131484,transfer,pos,MCC3104,202888,0
TXN0003109,CUST00428,2023-03-13,119957,atm_withdrawal,branch,MCC9707,1804905,0
TXN0003110,CUST00600,2023-02-22,495118,transfer,atm,MCC6486,1381520,0
TXN0003111,CUST00844,2023-01-12,322476,credit,atm,MCC3296,671405,0
TXN0003112,CUST00652,2023-05-20,9772,transfer,pos,MCC1504,1400241,0
TXN0003113,CUST00988,2023-08-09,264844,atm_withdrawal,branch,MCC7804,628087,0
TXN0003114,CUST00681,2023-04-13,59355,debit,branch,MCC4394,230090,0
TXN0003115,CUST00408,2023-06-30,15008,transfer,internet_banking,MCC4542,19264,0
TXN0003116,CUST00576,2023-03-30,92919,emi_payment,branch,MCC6054,438432,0
TXN0003117,CUST00624,2023-10-20,127381,credit,atm,MCC3055,1415527,0
TXN0003118,CUST00867,2023-01-10,39879,debit,branch,MCC7547,1127745,0
TXN0003119,CUST00256,2023-03-15,417773,emi_payment,internet_banking,MCC3823,546025,0
TXN0003120,CUST00249,2023-07-26,219165,emi_payment,branch,MCC7350,1373065,0
TXN0003121,CUST00202,2023-11-04,276004,emi_payment,branch,MCC5655,776673,0
TXN0003122,CUST00056,2023-05-27,432699,emi_payment,mobile_app,MCC2333,313580,0
TXN0003123,CUST00676,2023-01-26,418583,emi_payment,atm,MCC6610,1358103,0
TXN0003124,CUST00963,2023-07-21,410397,credit,pos,MCC1676,912764,1
TXN0003125,CUST00614,2023-04-09,98228,debit,internet_banking,MCC7434,1328836,0
TXN0003126,CUST00061,2023-04-22,372403,atm_withdrawal,internet_banking,MCC4386,1124070,0
TXN0003127,CUST00365,2023-12-03,497855,credit,mobile_app,MCC7033,202623,0
TXN0003128,CUST00903,2023-12-10,3803,atm_withdrawal,branch,MCC3167,99407,0
TXN0003129,CUST00052,2023-04-05,434063,transfer,branch,MCC4663,201394,0
TXN0003130,CUST00613,2023-08-04,432866,transfer,pos,MCC3750,447512,0
TXN0003131,CUST00441,2023-07-17,420688,debit,pos,MCC3258,448204,0
TXN0003132,CUST00919,2023-12-17,198309,atm_withdrawal,atm,MCC4082,1837791,0
TXN0003133,CUST00514,2023-12-12,99548,transfer,internet_banking,MCC1483,1566284,0
TXN0003134,CUST00565,2023-05-08,365845,atm_withdrawal,mobile_app,MCC4574,1759963,0
TXN0003135,CUST00723,2023-01-10,311566,emi_payment,branch,MCC2108,948458,0
TXN0003136,CUST00822,2023-01-01,363486,debit,atm,MCC5666,644966,0
TXN0003137,CUST00516,2023-01-02,128043,atm_withdrawal,mobile_app,MCC1815,805850,0
TXN0003138,CUST00722,2023-10-13,88842,transfer,branch,MCC1083,1735954,0
TXN0003139,CUST00806,2023-09-28,450802,debit,mobile_app,MCC4951,711030,0
TXN0003140,CUST00526,2023-10-29,257745,transfer,internet_banking,MCC3681,1265103,0
TXN0003141,CUST00717,2023-02-20,425668,emi_payment,internet_banking,MCC8891,289247,0
TXN0003142,CUST00364,2023-01-22,463097,emi_payment,mobile_app,MCC3379,1963244,0
TXN0003143,CUST00356,2023-03-04,229692,credit,internet_banking,MCC4593,1283372,0
TXN0003144,CUST00003,2023-08-17,131598,atm_withdrawal,atm,MCC3125,1932437,0
TXN0003145,CUST00670,2023-01-04,447936,credit,pos,MCC9004,589231,0
TXN0003146,CUST00251,2023-08-30,357542,transfer,atm,MCC8096,1233875,0
TXN0003147,CUST00814,2023-11-21,333026,atm_withdrawal,internet_banking,MCC2547,548031,0
TXN0003148,CUST00952,2023-02-23,479029,debit,pos,MCC3261,935678,0
TXN0003149,CUST00876,2023-09-27,123211,transfer,branch,MCC2677,645766,0
TXN0003150,CUST00276,2023-07-21,180379,transfer,internet_banking,MCC2358,284561,0
TXN0003151,CUST00652,2023-12-11,19603,emi_payment,pos,MCC3166,884312,0
TXN0003152,CUST00752,2023-03-30,193878,emi_payment,internet_banking,MCC8665,1060701,0
TXN0003153,CUST00507,2023-03-24,223316,emi_payment,atm,MCC5128,314214,0
TXN0003154,CUST00509,2023-01-07,226335,credit,mobile_app,MCC4446,796597,0
TXN0003155,CUST00438,2023-09-15,75535,transfer,internet_banking,MCC2717,187259,0
TXN0003156,CUST00309,2023-11-13,404538,debit,pos,MCC2656,1291213,0
TXN0003157,CUST00574,2023-01-07,244687,atm_withdrawal,internet_banking,MCC5996,625788,0
TXN0003158,CUST00992,2023-06-29,219698,credit,pos,MCC7760,178981,0
TXN0003159,CUST00219,2023-09-22,431979,transfer,branch,MCC6020,1026480,1
TXN0003160,CUST00047,2023-10-13,243174,emi_payment,pos,MCC6913,1669835,0
TXN0003161,CUST00057,2023-12-06,446088,emi_payment,branch,MCC3353,1982614,0
TXN0003162,CUST00583,2023-09-21,111236,debit,branch,MCC9506,1934228,0
TXN0003163,CUST00270,2023-12-02,425335,emi_payment,internet_banking,MCC8402,347243,0
TXN0003164,CUST00462,2023-12-29,494173,credit,internet_banking,MCC8899,418725,0
TXN0003165,CUST00951,2023-12-05,375255,transfer,pos,MCC7007,1785990,0
TXN0003166,CUST00077,2023-06-09,446187,debit,branch,MCC7248,1265567,0
TXN0003167,CUST00175,2023-05-29,370112,emi_payment,branch,MCC1637,1086382,0
TXN0003168,CUST00215,2023-06-06,300167,transfer,internet_banking,MCC2448,1603876,0
TXN0003169,CUST00458,2023-12-14,381910,debit,atm,MCC2192,129309,0
TXN0003170,CUST00695,2023-04-13,480283,debit,internet_banking,MCC5348,1108818,0
TXN0003171,CUST00184,2023-10-02,302556,emi_payment,internet_banking,MCC6291,1144887,0
TXN0003172,CUST00109,2023-08-17,343530,debit,mobile_app,MCC2068,1870873,0
TXN0003173,CUST00086,2023-01-23,39691,transfer,pos,MCC7763,934776,0
TXN0003174,CUST00802,2023-06-27,479556,emi_payment,mobile_app,MCC5944,1023733,0
TXN0003175,CUST00030,2023-03-13,388884,atm_withdrawal,pos,MCC6358,1601438,0
TXN0003176,CUST00626,2023-09-23,80851,debit,internet_banking,MCC9250,541094,0
TXN0003177,CUST00579,2023-06-13,144919,credit,mobile_app,MCC6261,139867,1
TXN0003178,CUST00101,2023-05-11,112806,debit,pos,MCC1034,943200,0
TXN0003179,CUST00553,2023-01-24,159873,atm_withdrawal,atm,MCC7918,1221101,0
TXN0003180,CUST00287,2023-02-17,442602,transfer,atm,MCC8883,975732,0
TXN0003181,CUST00515,2023-10-06,232169,atm_withdrawal,branch,MCC1751,1412783,0
TXN0003182,CUST00138,2023-11-11,209995,debit,atm,MCC5853,507422,0
TXN0003183,CUST00668,2023-04-17,389509,emi_payment,mobile_app,MCC5227,28519,0
TXN0003184,CUST00798,2023-10-30,185641,debit,internet_banking,MCC2361,1573905,0
TXN0003185,CUST00004,2023-07-21,442926,debit,branch,MCC3484,1701526,0
TXN0003186,CUST00533,2023-05-09,377192,transfer,atm,MCC8701,1235493,0
TXN0003187,CUST00648,2023-06-14,128579,credit,branch,MCC4524,627877,0
TXN0003188,CUST00003,2023-09-09,315199,credit,branch,MCC5831,740736,0
TXN0003189,CUST00725,2023-11-28,241406,debit,atm,MCC7993,959514,0
TXN0003190,CUST00543,2023-06-29,172101,transfer,mobile_app,MCC5033,843312,0
TXN0003191,CUST00307,2023-05-07,453162,credit,branch,MCC9020,447538,0
TXN0003192,CUST00483,2023-10-05,198990,atm_withdrawal,internet_banking,MCC5496,743402,0
TXN0003193,CUST00683,2023-07-11,58453,emi_payment,branch,MCC9870,596107,0
TXN0003194,CUST00644,2023-05-23,204251,transfer,mobile_app,MCC2326,895797,0
TXN0003195,CUST00777,2023-06-17,258444,emi_payment,pos,MCC8992,751052,0
TXN0003196,CUST00035,2023-07-15,63253,transfer,pos,MCC2014,1056189,0
TXN0003197,CUST00788,2023-02-21,371379,transfer,pos,MCC8317,1613585,0
TXN0003198,CUST00036,2023-01-22,114854,atm_withdrawal,pos,MCC6953,661853,0
TXN0003199,CUST00651,2023-08-31,46302,transfer,atm,MCC6035,115684,0
TXN0003200,CUST00350,2023-03-05,268811,transfer,internet_banking,MCC8922,1636313,0
TXN0003201,CUST00064,2023-07-14,80567,transfer,mobile_app,MCC6765,372507,0
TXN0003202,CUST00689,2023-10-13,390935,emi_payment,atm,MCC7249,1856734,0
TXN0003203,CUST00553,2023-03-20,34298,emi_payment,pos,MCC7788,1057265,0
TXN0003204,CUST00667,2023-05-20,209582,transfer,internet_banking,MCC8566,1045600,0
TXN0003205,CUST00376,2023-12-24,25963,debit,pos,MCC3089,817647,0
TXN0003206,CUST00279,2023-01-13,191738,emi_payment,mobile_app,MCC8602,1422725,0
TXN0003207,CUST00625,2023-10-03,466649,transfer,internet_banking,MCC6300,1305979,0
TXN0003208,CUST00217,2023-03-03,325293,atm_withdrawal,atm,MCC1288,1861078,0
TXN0003209,CUST00813,2023-11-27,267621,atm_withdrawal,branch,MCC9264,33102,0
TXN0003210,CUST00684,2023-05-31,78711,debit,atm,MCC7937,383879,0
TXN0003211,CUST01000,2023-01-03,156492,atm_withdrawal,internet_banking,MCC9023,555344,0
TXN0003212,CUST00028,2023-09-20,190437,atm_withdrawal,atm,MCC7948,379445,0
TXN0003213,CUST00586,2023-02-23,289352,atm_withdrawal,internet_banking,MCC4109,1896685,0
TXN0003214,CUST00557,2023-05-13,104147,transfer,mobile_app,MCC4149,145222,0
TXN0003215,CUST00858,2023-07-03,499973,credit,branch,MCC3488,242541,0
TXN0003216,CUST00425,2023-09-29,325857,emi_payment,branch,MCC4688,884205,0
TXN0003217,CUST00937,2023-06-02,155973,atm_withdrawal,branch,MCC1312,528444,0
TXN0003218,CUST00240,2023-11-10,56270,transfer,mobile_app,MCC7708,662294,0
TXN0003219,CUST00855,2023-06-25,297540,atm_withdrawal,branch,MCC7770,1207871,0
TXN0003220,CUST00521,2023-05-05,223966,credit,mobile_app,MCC9878,1121068,0
TXN0003221,CUST00944,2023-05-04,336982,atm_withdrawal,pos,MCC5954,1728560,0
TXN0003222,CUST00218,2023-10-20,298131,debit,mobile_app,MCC9889,902137,0
TXN0003223,CUST00261,2023-08-31,320215,atm_withdrawal,pos,MCC2888,1874724,0
TXN0003224,CUST00565,2023-02-16,416854,atm_withdrawal,mobile_app,MCC5264,380387,0
TXN0003225,CUST00552,2023-10-01,262635,emi_payment,atm,MCC8041,389020,0
TXN0003226,CUST00149,2023-06-01,362303,emi_payment,internet_banking,MCC8105,782360,0
TXN0003227,CUST00652,2023-05-08,179579,transfer,mobile_app,MCC7962,233684,0
TXN0003228,CUST00406,2023-02-05,471437,atm_withdrawal,internet_banking,MCC5194,57793,0
TXN0003229,CUST00152,2023-12-31,204044,debit,mobile_app,MCC1657,742543,0
TXN0003230,CUST00511,2023-01-20,339971,credit,atm,MCC8792,1074769,0
TXN0003231,CUST00698,2023-12-30,499226,debit,pos,MCC4432,555466,0
TXN0003232,CUST00032,2023-01-24,174659,credit,internet_banking,MCC6846,542120,0
TXN0003233,CUST00921,2023-07-04,50884,transfer,branch,MCC2199,194449,0
TXN0003234,CUST00611,2023-02-08,115938,credit,mobile_app,MCC9428,224717,0
TXN0003235,CUST00261,2023-06-29,121970,transfer,branch,MCC3310,1766489,0
TXN0003236,CUST00751,2023-11-02,28385,credit,pos,MCC9974,131713,0
TXN0003237,CUST00844,2023-08-04,271990,credit,branch,MCC7437,1405217,0
TXN0003238,CUST00957,2023-07-18,138866,transfer,pos,MCC3971,1428897,0
TXN0003239,CUST00791,2023-02-13,48620,credit,atm,MCC4325,406562,0
TXN0003240,CUST00204,2023-12-12,68510,atm_withdrawal,mobile_app,MCC9812,494681,0
TXN0003241,CUST00164,2023-05-18,136768,atm_withdrawal,mobile_app,MCC6343,735213,0
TXN0003242,CUST00209,2023-07-16,184675,atm_withdrawal,internet_banking,MCC7231,1317593,0
TXN0003243,CUST00876,2023-11-24,487239,debit,pos,MCC6512,73293,0
TXN0003244,CUST00305,2023-08-18,351318,transfer,mobile_app,MCC3142,1631017,0
TXN0003245,CUST00331,2023-09-26,357395,emi_payment,mobile_app,MCC2191,681799,0
TXN0003246,CUST00891,2023-03-09,346047,credit,pos,MCC1028,999971,0
TXN0003247,CUST00205,2023-06-17,401632,credit,mobile_app,MCC4644,1819753,0
TXN0003248,CUST00407,2023-07-17,159151,emi_payment,internet_banking,MCC7153,266105,0
TXN0003249,CUST00297,2023-03-06,49774,debit,atm,MCC3713,1895236,0
TXN0003250,CUST00302,2023-05-21,254325,emi_payment,mobile_app,MCC3001,1229095,0
TXN0003251,CUST00596,2023-10-31,754,transfer,mobile_app,MCC4497,853684,0
TXN0003252,CUST00742,2023-12-06,108464,emi_payment,atm,MCC3082,143215,0
TXN0003253,CUST00266,2023-10-28,376527,emi_payment,mobile_app,MCC4914,135150,0
TXN0003254,CUST00038,2023-12-07,251538,transfer,atm,MCC5968,1634287,0
TXN0003255,CUST00640,2023-12-31,345361,transfer,branch,MCC3451,803867,0
TXN0003256,CUST00549,2023-03-14,255089,debit,internet_banking,MCC1278,1523080,0
TXN0003257,CUST00660,2023-11-09,271403,atm_withdrawal,atm,MCC1916,1666567,0
TXN0003258,CUST00451,2023-08-15,150718,debit,internet_banking,MCC4746,804166,0
TXN0003259,CUST00777,2023-11-10,109340,atm_withdrawal,pos,MCC2596,632809,0
TXN0003260,CUST00625,2023-08-21,129807,atm_withdrawal,branch,MCC8193,538190,0
TXN0003261,CUST00758,2023-02-15,399047,emi_payment,atm,MCC2483,1273288,0
TXN0003262,CUST00732,2023-07-25,489789,emi_payment,internet_banking,MCC1245,1419108,0
TXN0003263,CUST00497,2023-10-05,41011,debit,pos,MCC6573,699054,0
TXN0003264,CUST00325,2023-02-15,268608,atm_withdrawal,internet_banking,MCC6614,1134419,0
TXN0003265,CUST00583,2023-07-04,235259,transfer,branch,MCC7046,1079652,0
TXN0003266,CUST00637,2023-08-27,281082,credit,pos,MCC2425,290184,0
TXN0003267,CUST00572,2023-06-19,116523,emi_payment,pos,MCC7124,1051381,0
TXN0003268,CUST00525,2023-10-19,3996,transfer,atm,MCC8764,1518374,0
TXN0003269,CUST00343,2023-02-16,101747,credit,atm,MCC6442,1924106,0
TXN0003270,CUST00134,2023-05-07,91002,credit,atm,MCC4515,667950,0
TXN0003271,CUST00428,2023-12-14,26274,debit,branch,MCC5333,477311,0
TXN0003272,CUST00882,2023-07-07,178375,atm_withdrawal,atm,MCC8308,1787694,0
TXN0003273,CUST00717,2023-03-08,341985,emi_payment,branch,MCC2287,1839029,0
TXN0003274,CUST00755,2023-02-12,482993,credit,branch,MCC7513,1658936,0
TXN0003275,CUST00737,2023-08-05,328651,emi_payment,internet_banking,MCC3426,670832,0
TXN0003276,CUST00922,2023-12-06,87703,emi_payment,internet_banking,MCC8899,551626,0
TXN0003277,CUST00227,2023-01-18,181152,debit,mobile_app,MCC2258,1249661,0
TXN0003278,CUST00721,2023-02-09,151714,debit,atm,MCC5651,510507,0
TXN0003279,CUST00070,2023-05-17,106159,credit,mobile_app,MCC4604,1538807,0
TXN0003280,CUST00245,2023-03-18,495079,debit,mobile_app,MCC5374,795779,0
TXN0003281,CUST00030,2023-02-14,327852,atm_withdrawal,internet_banking,MCC4439,654227,0
TXN0003282,CUST00431,2023-04-19,240606,debit,mobile_app,MCC1336,1608966,0
TXN0003283,CUST00141,2023-08-23,218423,atm_withdrawal,atm,MCC8720,710199,0
TXN0003284,CUST00387,2023-10-29,159272,transfer,mobile_app,MCC5803,261308,0
TXN0003285,CUST00135,2023-04-22,208436,debit,branch,MCC6402,1589813,0
TXN0003286,CUST00036,2023-09-13,317216,atm_withdrawal,atm,MCC5697,632102,0
TXN0003287,CUST00478,2023-10-28,464114,debit,branch,MCC5758,1310545,0
TXN0003288,CUST00411,2023-01-03,248201,atm_withdrawal,branch,MCC6456,1318215,0
TXN0003289,CUST00418,2023-11-08,92565,debit,internet_banking,MCC4774,166145,0
TXN0003290,CUST00346,2023-03-08,478728,emi_payment,branch,MCC2179,66981,0
TXN0003291,CUST00410,2023-09-08,157561,credit,atm,MCC1263,1640763,0
TXN0003292,CUST00004,2023-10-01,41689,transfer,branch,MCC5859,111800,0
TXN0003293,CUST00479,2023-11-05,272127,atm_withdrawal,atm,MCC2674,663701,0
TXN0003294,CUST00848,2023-05-28,395294,emi_payment,pos,MCC5085,1524342,0
TXN0003295,CUST00140,2023-08-29,128874,credit,internet_banking,MCC6446,355429,0
TXN0003296,CUST00144,2023-01-10,139615,debit,mobile_app,MCC6363,1044685,0
TXN0003297,CUST00781,2023-06-13,144693,credit,branch,MCC2515,231260,0
TXN0003298,CUST00501,2023-12-18,403353,atm_withdrawal,internet_banking,MCC6944,1115204,0
TXN0003299,CUST00258,2023-02-27,478700,transfer,mobile_app,MCC9466,1427073,0
TXN0003300,CUST00785,2023-02-25,423875,emi_payment,atm,MCC4252,497727,0
TXN0003301,CUST00325,2023-09-13,113151,transfer,atm,MCC2065,563601,0
TXN0003302,CUST00605,2023-07-06,424626,transfer,atm,MCC5535,1063567,0
TXN0003303,CUST00557,2023-06-16,154887,debit,atm,MCC6551,1582587,0
TXN0003304,CUST00170,2023-04-01,433361,debit,branch,MCC4555,1090011,0
TXN0003305,CUST00756,2023-03-04,495697,emi_payment,branch,MCC6393,1403078,0
TXN0003306,CUST00619,2023-09-27,359091,credit,internet_banking,MCC7888,827542,0
TXN0003307,CUST00209,2023-05-11,477559,credit,atm,MCC6201,257472,0
TXN0003308,CUST00758,2023-10-11,71287,credit,pos,MCC8167,1928846,0
TXN0003309,CUST00621,2023-06-11,327449,emi_payment,pos,MCC2314,1592636,0
TXN0003310,CUST00855,2023-05-25,26046,atm_withdrawal,branch,MCC3636,98528,0
TXN0003311,CUST00821,2023-03-25,326160,emi_payment,mobile_app,MCC5997,551923,0
TXN0003312,CUST00319,2023-08-29,170448,emi_payment,pos,MCC3335,829856,0
TXN0003313,CUST00937,2023-04-14,484963,atm_withdrawal,branch,MCC9948,163083,0
TXN0003314,CUST00034,2023-11-28,247585,transfer,atm,MCC7104,1714973,0
TXN0003315,CUST00335,2023-05-30,381244,debit,internet_banking,MCC4706,345388,0
TXN0003316,CUST00608,2023-10-25,151380,transfer,pos,MCC7965,412539,0
TXN0003317,CUST00535,2023-06-21,37526,atm_withdrawal,pos,MCC9848,633468,0
TXN0003318,CUST00226,2023-06-01,371129,emi_payment,mobile_app,MCC1097,1869994,0
TXN0003319,CUST00200,2023-06-15,110947,credit,branch,MCC6011,451801,1
TXN0003320,CUST00781,2023-06-11,361249,credit,branch,MCC4846,850981,0
TXN0003321,CUST00877,2023-06-24,232377,atm_withdrawal,atm,MCC7794,1364704,0
TXN0003322,CUST00680,2023-11-20,485965,debit,internet_banking,MCC3769,313197,0
TXN0003323,CUST00531,2023-09-14,176370,atm_withdrawal,mobile_app,MCC3929,178042,0
TXN0003324,CUST00774,2023-01-13,200346,emi_payment,internet_banking,MCC7897,186199,0
TXN0003325,CUST00241,2023-01-22,370283,atm_withdrawal,branch,MCC9014,367328,0
TXN0003326,CUST00968,2023-01-09,392885,credit,internet_banking,MCC2291,654139,0
TXN0003327,CUST00125,2023-09-10,62975,emi_payment,branch,MCC6532,1881422,0
TXN0003328,CUST00585,2023-03-17,370625,credit,internet_banking,MCC8003,1839447,0
TXN0003329,CUST00342,2023-05-21,245770,debit,atm,MCC2480,1138426,0
TXN0003330,CUST00905,2023-10-30,494375,transfer,branch,MCC6951,1878191,0
TXN0003331,CUST00245,2023-02-18,315560,atm_withdrawal,mobile_app,MCC9815,57791,0
TXN0003332,CUST00642,2023-02-25,386830,credit,atm,MCC8585,1126528,0
TXN0003333,CUST00157,2023-01-29,172018,debit,internet_banking,MCC2749,888331,0
TXN0003334,CUST00182,2023-04-15,141858,atm_withdrawal,internet_banking,MCC9911,236380,0
TXN0003335,CUST00417,2023-02-02,392559,atm_withdrawal,atm,MCC4213,1106240,0
TXN0003336,CUST00800,2023-08-18,7734,atm_withdrawal,internet_banking,MCC5288,913184,0
TXN0003337,CUST00279,2023-09-26,290259,atm_withdrawal,mobile_app,MCC3624,1526958,0
TXN0003338,CUST00694,2023-03-09,484086,atm_withdrawal,internet_banking,MCC7294,835519,0
TXN0003339,CUST00572,2023-07-11,495590,atm_withdrawal,internet_banking,MCC2131,858274,0
TXN0003340,CUST00978,2023-04-21,358062,atm_withdrawal,atm,MCC7388,462135,0
TXN0003341,CUST00301,2023-01-30,248704,emi_payment,atm,MCC1497,944958,0
TXN0003342,CUST00244,2023-06-20,406322,credit,mobile_app,MCC8600,152064,0
TXN0003343,CUST00903,2023-09-12,7430,transfer,atm,MCC3933,1132720,0
TXN0003344,CUST00334,2023-03-25,396642,credit,atm,MCC5662,763147,0
TXN0003345,CUST00215,2023-10-15,95068,transfer,mobile_app,MCC3051,547366,0
TXN0003346,CUST00822,2023-12-29,367906,emi_payment,internet_banking,MCC1968,743710,0
TXN0003347,CUST00813,2023-01-21,174071,credit,atm,MCC1209,1783797,0
TXN0003348,CUST00063,2023-03-01,375762,debit,branch,MCC9813,1407959,0
TXN0003349,CUST00857,2023-04-16,301684,emi_payment,internet_banking,MCC2226,1704806,0
TXN0003350,CUST00634,2023-11-07,464736,atm_withdrawal,atm,MCC1511,788452,0
TXN0003351,CUST00279,2023-02-21,393736,atm_withdrawal,atm,MCC5623,787239,0
TXN0003352,CUST00536,2023-06-21,457064,debit,branch,MCC9660,26267,0
TXN0003353,CUST00239,2023-07-16,75700,transfer,mobile_app,MCC1746,1364326,0
TXN0003354,CUST00169,2023-02-17,189675,transfer,atm,MCC3297,40037,0
TXN0003355,CUST00133,2023-01-16,218762,transfer,mobile_app,MCC6002,1944703,0
TXN0003356,CUST00166,2023-02-13,15577,emi_payment,pos,MCC5431,1375030,0
TXN0003357,CUST00583,2023-01-21,11484,transfer,mobile_app,MCC2311,931134,0
TXN0003358,CUST00811,2023-07-02,19436,atm_withdrawal,mobile_app,MCC9555,1321571,0
TXN0003359,CUST00487,2023-12-08,383635,atm_withdrawal,internet_banking,MCC4224,1987357,0
TXN0003360,CUST00016,2023-05-10,223374,emi_payment,internet_banking,MCC7089,320704,0
TXN0003361,CUST00429,2023-04-04,375876,transfer,internet_banking,MCC5121,1491934,1
TXN0003362,CUST00747,2023-03-27,417506,transfer,pos,MCC6269,1732450,0
TXN0003363,CUST00836,2023-12-25,18151,atm_withdrawal,internet_banking,MCC9139,1172843,0
TXN0003364,CUST00733,2023-12-17,423820,credit,pos,MCC3932,1325245,0
TXN0003365,CUST00370,2023-08-25,112907,atm_withdrawal,mobile_app,MCC8329,1012035,0
TXN0003366,CUST00650,2023-06-19,202254,transfer,atm,MCC3631,308110,0
TXN0003367,CUST00069,2023-02-28,481465,debit,mobile_app,MCC3852,1961978,0
TXN0003368,CUST00410,2023-12-06,150875,emi_payment,internet_banking,MCC1294,575225,0
TXN0003369,CUST00537,2023-01-01,469931,credit,mobile_app,MCC4120,771216,0
TXN0003370,CUST00029,2023-03-01,253350,transfer,internet_banking,MCC6276,1947325,0
TXN0003371,CUST00015,2023-09-05,6770,atm_withdrawal,branch,MCC6758,113286,0
TXN0003372,CUST00802,2023-03-08,416288,emi_payment,pos,MCC4870,815492,0
TXN0003373,CUST00221,2023-02-09,22264,emi_payment,atm,MCC4208,1111801,0
TXN0003374,CUST00126,2023-08-06,318284,debit,atm,MCC3018,473544,0
TXN0003375,CUST00593,2023-01-10,229240,atm_withdrawal,branch,MCC9136,1340160,0
TXN0003376,CUST00281,2023-04-09,69988,credit,internet_banking,MCC4457,1048260,0
TXN0003377,CUST00980,2023-08-23,257354,debit,internet_banking,MCC3753,524189,0
TXN0003378,CUST00947,2023-03-09,181180,atm_withdrawal,mobile_app,MCC9467,411103,0
TXN0003379,CUST00824,2023-10-05,49352,debit,atm,MCC6730,573312,0
TXN0003380,CUST00302,2023-02-04,277757,credit,atm,MCC8634,1583433,0
TXN0003381,CUST00876,2023-08-12,22021,debit,branch,MCC4498,1041836,0
TXN0003382,CUST00256,2023-01-28,269177,emi_payment,branch,MCC4873,1588604,0
TXN0003383,CUST00240,2023-09-25,113080,atm_withdrawal,internet_banking,MCC7565,1436741,0
TXN0003384,CUST00974,2023-10-02,415333,transfer,pos,MCC9818,1601686,0
TXN0003385,CUST00675,2023-10-18,475133,atm_withdrawal,pos,MCC8097,1710143,1
TXN0003386,CUST00086,2023-04-13,466092,atm_withdrawal,branch,MCC5158,1234538,0
TXN0003387,CUST00887,2023-03-28,468852,atm_withdrawal,atm,MCC6380,720579,0
TXN0003388,CUST00161,2023-12-24,50321,debit,internet_banking,MCC4141,1388089,0
TXN0003389,CUST00682,2023-09-24,254926,credit,mobile_app,MCC5105,1888942,0
TXN0003390,CUST00439,2023-03-08,112281,credit,internet_banking,MCC4490,642806,0
TXN0003391,CUST00018,2023-01-11,48445,emi_payment,pos,MCC1894,975242,0
TXN0003392,CUST00788,2023-05-10,196139,atm_withdrawal,branch,MCC8870,1757775,0
TXN0003393,CUST00687,2023-08-31,214711,credit,pos,MCC2231,1194621,0
TXN0003394,CUST00885,2023-05-17,148269,emi_payment,internet_banking,MCC3409,288323,0
TXN0003395,CUST00612,2023-10-22,57171,debit,branch,MCC3278,701072,0
TXN0003396,CUST00756,2023-07-02,204204,transfer,mobile_app,MCC2998,508974,0
TXN0003397,CUST00907,2023-12-28,77764,emi_payment,atm,MCC5477,954895,0
TXN0003398,CUST00977,2023-11-14,20456,credit,internet_banking,MCC9643,1985373,0
TXN0003399,CUST00561,2023-06-22,225706,debit,mobile_app,MCC3955,1678686,0
TXN0003400,CUST00017,2023-11-01,33100,transfer,internet_banking,MCC7607,1920793,0
TXN0003401,CUST00346,2023-06-13,482983,emi_payment,atm,MCC7594,1483004,0
TXN0003402,CUST00620,2023-01-04,419196,atm_withdrawal,pos,MCC7873,1015241,0
TXN0003403,CUST00110,2023-04-23,462951,emi_payment,pos,MCC6601,1319723,0
TXN0003404,CUST00117,2023-05-30,51380,emi_payment,internet_banking,MCC7661,998215,0
TXN0003405,CUST00395,2023-12-23,232546,transfer,branch,MCC7852,82014,0
TXN0003406,CUST00911,2023-10-30,412055,atm_withdrawal,branch,MCC7145,233640,0
TXN0003407,CUST00322,2023-02-23,287806,atm_withdrawal,atm,MCC6025,1109651,0
TXN0003408,CUST00936,2023-01-01,153325,atm_withdrawal,atm,MCC1821,507275,0
TXN0003409,CUST00803,2023-07-13,415790,atm_withdrawal,mobile_app,MCC5572,62064,0
TXN0003410,CUST00304,2023-07-14,154680,transfer,mobile_app,MCC7782,139587,0
TXN0003411,CUST00232,2023-09-26,486917,atm_withdrawal,branch,MCC4077,628692,0
TXN0003412,CUST00828,2023-04-05,50463,emi_payment,branch,MCC3240,1722251,0
TXN0003413,CUST00757,2023-10-24,353028,emi_payment,pos,MCC6347,836781,0
TXN0003414,CUST00631,2023-05-31,6730,emi_payment,pos,MCC2191,1946782,0
TXN0003415,CUST00979,2023-05-03,457148,debit,mobile_app,MCC7470,1787970,0
TXN0003416,CUST00101,2023-06-03,177708,atm_withdrawal,branch,MCC9846,1716618,0
TXN0003417,CUST00386,2023-12-11,10295,credit,branch,MCC5357,1936905,0
TXN0003418,CUST00603,2023-05-23,417694,emi_payment,branch,MCC1250,484223,0
TXN0003419,CUST00072,2023-07-24,483735,atm_withdrawal,mobile_app,MCC3442,1947996,1
TXN0003420,CUST00977,2023-11-22,459985,debit,pos,MCC1284,1847729,0
TXN0003421,CUST00572,2023-01-07,242920,credit,mobile_app,MCC5133,1597674,0
TXN0003422,CUST00309,2023-07-15,30886,atm_withdrawal,pos,MCC3788,385140,0
TXN0003423,CUST00240,2023-09-16,113962,credit,pos,MCC7959,579994,0
TXN0003424,CUST00002,2023-11-26,15550,emi_payment,pos,MCC8596,1304659,0
TXN0003425,CUST00593,2023-01-23,22246,transfer,mobile_app,MCC4914,90701,0
TXN0003426,CUST00977,2023-09-23,79484,atm_withdrawal,branch,MCC9800,1643284,0
TXN0003427,CUST00037,2023-10-20,281624,transfer,mobile_app,MCC5045,851235,0
TXN0003428,CUST00414,2023-05-09,383168,transfer,atm,MCC2066,43325,0
TXN0003429,CUST00663,2023-09-30,292463,debit,pos,MCC9173,594792,0
TXN0003430,CUST00431,2023-06-30,102520,transfer,branch,MCC4558,790178,0
TXN0003431,CUST00651,2023-08-29,300913,transfer,mobile_app,MCC8967,1310380,0
TXN0003432,CUST00713,2023-05-23,115482,emi_payment,internet_banking,MCC7607,1204532,0
TXN0003433,CUST00966,2023-03-06,230601,emi_payment,mobile_app,MCC9456,742116,0
TXN0003434,CUST00605,2023-10-30,444482,emi_payment,branch,MCC6809,1238790,0
TXN0003435,CUST00710,2023-03-21,67358,transfer,internet_banking,MCC6334,1781511,0
TXN0003436,CUST00302,2023-03-10,437487,debit,pos,MCC3100,700300,0
TXN0003437,CUST00151,2023-11-20,135569,credit,internet_banking,MCC3513,748066,0
TXN0003438,CUST00100,2023-12-08,335177,transfer,internet_banking,MCC3962,203269,1
TXN0003439,CUST00110,2023-08-11,130711,atm_withdrawal,internet_banking,MCC3786,755992,0
TXN0003440,CUST00828,2023-07-31,82090,emi_payment,pos,MCC6348,568018,0
TXN0003441,CUST00041,2023-05-12,225256,atm_withdrawal,internet_banking,MCC8829,1518237,0
TXN0003442,CUST00484,2023-08-12,190636,atm_withdrawal,pos,MCC1318,226137,0
TXN0003443,CUST00614,2023-08-11,253782,debit,atm,MCC6566,1180053,0
TXN0003444,CUST00673,2023-07-08,118165,debit,internet_banking,MCC7823,1544376,0
TXN0003445,CUST00067,2023-08-28,489166,transfer,branch,MCC4988,510576,0
TXN0003446,CUST00861,2023-07-22,335955,credit,mobile_app,MCC3478,135411,0
TXN0003447,CUST00438,2023-11-17,420316,atm_withdrawal,pos,MCC4891,1353379,0
TXN0003448,CUST00018,2023-09-01,389987,transfer,pos,MCC8454,1176725,0
TXN0003449,CUST00133,2023-05-21,362105,debit,internet_banking,MCC9229,1125987,0
TXN0003450,CUST00860,2023-08-28,71152,credit,mobile_app,MCC7152,1759329,0
TXN0003451,CUST00944,2023-03-25,294084,credit,branch,MCC5369,208118,0
TXN0003452,CUST00752,2023-03-20,448988,debit,atm,MCC6808,395512,0
TXN0003453,CUST00334,2023-10-29,48145,credit,atm,MCC7091,934527,0
TXN0003454,CUST00947,2023-08-01,231466,transfer,mobile_app,MCC7905,1124172,0
TXN0003455,CUST00276,2023-01-20,92250,atm_withdrawal,mobile_app,MCC2301,1837408,0
TXN0003456,CUST00234,2023-05-10,397523,emi_payment,internet_banking,MCC1676,1237338,0
TXN0003457,CUST00765,2023-12-26,465696,debit,atm,MCC4110,423587,0
TXN0003458,CUST00323,2023-08-21,25913,transfer,internet_banking,MCC3339,1703737,0
TXN0003459,CUST00520,2023-11-14,400692,emi_payment,pos,MCC6532,829234,0
TXN0003460,CUST00662,2023-07-19,180354,credit,internet_banking,MCC5695,1736476,0
TXN0003461,CUST00167,2023-01-16,481952,transfer,pos,MCC9264,551899,0
TXN0003462,CUST00926,2023-03-07,7488,atm_withdrawal,pos,MCC7993,1582802,0
TXN0003463,CUST00167,2023-02-03,95809,debit,atm,MCC2329,1073840,0
TXN0003464,CUST00993,2023-09-26,359270,transfer,mobile_app,MCC8640,1111271,0
TXN0003465,CUST00278,2023-10-04,389227,emi_payment,mobile_app,MCC7935,1950225,0
TXN0003466,CUST00417,2023-06-16,39817,emi_payment,mobile_app,MCC4438,308410,0
TXN0003467,CUST00254,2023-09-22,80118,atm_withdrawal,atm,MCC1521,619708,0
TXN0003468,CUST00540,2023-07-21,169209,credit,atm,MCC8142,366057,0
TXN0003469,CUST00001,2023-09-28,17508,transfer,pos,MCC2737,1665670,0
TXN0003470,CUST00171,2023-09-03,390896,atm_withdrawal,pos,MCC2982,1701008,0
TXN0003471,CUST00520,2023-06-16,334860,atm_withdrawal,internet_banking,MCC5233,1676591,0
TXN0003472,CUST00694,2023-08-27,374508,atm_withdrawal,internet_banking,MCC1741,476322,0
TXN0003473,CUST00963,2023-04-27,234860,emi_payment,atm,MCC4593,518831,0
TXN0003474,CUST00838,2023-10-01,320180,credit,atm,MCC3219,804335,0
TXN0003475,CUST00922,2023-11-30,286439,credit,internet_banking,MCC1476,1545213,0
TXN0003476,CUST00799,2023-03-17,347040,emi_payment,mobile_app,MCC9127,1502650,0
TXN0003477,CUST00777,2023-09-01,225349,credit,mobile_app,MCC3346,1976243,0
TXN0003478,CUST00346,2023-02-10,325650,emi_payment,pos,MCC5895,1568780,0
TXN0003479,CUST00906,2023-05-18,322722,transfer,internet_banking,MCC8350,1908042,0
TXN0003480,CUST00964,2023-09-02,320673,transfer,atm,MCC5331,532422,0
TXN0003481,CUST00514,2023-04-12,436244,credit,pos,MCC3635,1211480,0
TXN0003482,CUST00121,2023-03-28,174892,emi_payment,pos,MCC7689,1066013,0
TXN0003483,CUST00043,2023-05-21,439466,transfer,branch,MCC7227,303478,0
TXN0003484,CUST00494,2023-02-11,14180,credit,atm,MCC1090,1894067,0
TXN0003485,CUST00635,2023-08-17,243142,credit,mobile_app,MCC8371,238683,0
TXN0003486,CUST00555,2023-02-17,220968,transfer,pos,MCC2064,1709741,0
TXN0003487,CUST00897,2023-05-02,434055,emi_payment,pos,MCC7637,533642,0
TXN0003488,CUST00537,2023-04-25,22825,atm_withdrawal,internet_banking,MCC1896,443179,0
TXN0003489,CUST00662,2023-12-20,108454,credit,internet_banking,MCC1589,1202625,0
TXN0003490,CUST00758,2023-12-29,234486,debit,atm,MCC2094,934802,0
TXN0003491,CUST00895,2023-01-29,407743,atm_withdrawal,branch,MCC7665,772451,0
TXN0003492,CUST00610,2023-02-27,232093,debit,atm,MCC5080,1806565,0
TXN0003493,CUST00558,2023-09-25,319510,atm_withdrawal,mobile_app,MCC6413,1398041,0
TXN0003494,CUST00078,2023-04-19,89442,debit,internet_banking,MCC3525,1217784,0
TXN0003495,CUST00643,2023-08-24,471653,credit,atm,MCC2079,1575556,0
TXN0003496,CUST00180,2023-12-03,392152,atm_withdrawal,pos,MCC8070,1606447,0
TXN0003497,CUST00369,2023-03-01,21587,debit,mobile_app,MCC8493,360843,0
TXN0003498,CUST00533,2023-12-18,352134,debit,atm,MCC8550,882740,0
TXN0003499,CUST00083,2023-01-20,64795,emi_payment,mobile_app,MCC1583,1810588,0
TXN0003500,CUST00695,2023-03-25,279813,debit,pos,MCC9323,1628801,0
TXN0003501,CUST00281,2023-07-05,354250,debit,internet_banking,MCC5876,121146,0
TXN0003502,CUST00515,2023-11-18,462961,emi_payment,internet_banking,MCC2764,492533,0
TXN0003503,CUST00351,2023-07-22,35345,atm_withdrawal,atm,MCC2788,529856,0
TXN0003504,CUST00356,2023-02-20,143664,emi_payment,pos,MCC5525,1026692,0
TXN0003505,CUST00394,2023-04-01,345219,atm_withdrawal,branch,MCC6431,1629600,0
TXN0003506,CUST00052,2023-10-05,131089,transfer,internet_banking,MCC1438,966137,0
TXN0003507,CUST00196,2023-07-24,356328,emi_payment,pos,MCC5464,367464,1
TXN0003508,CUST00786,2023-01-05,91799,atm_withdrawal,pos,MCC3158,1114648,0
TXN0003509,CUST00122,2023-07-03,81874,transfer,branch,MCC9260,440275,0
TXN0003510,CUST00498,2023-05-29,272265,debit,mobile_app,MCC6535,1356187,0
TXN0003511,CUST00141,2023-01-01,344581,credit,pos,MCC4346,1951312,0
TXN0003512,CUST00539,2023-04-01,102758,emi_payment,atm,MCC4801,1264688,1
TXN0003513,CUST00644,2023-12-08,436989,atm_withdrawal,branch,MCC8534,1824728,0
TXN0003514,CUST00469,2023-09-14,434460,emi_payment,mobile_app,MCC7215,1088878,1
TXN0003515,CUST00772,2023-01-26,40693,transfer,pos,MCC4487,1625518,0
TXN0003516,CUST00266,2023-01-06,152224,credit,atm,MCC8552,1880187,0
TXN0003517,CUST00558,2023-05-07,278104,emi_payment,internet_banking,MCC6595,347602,0
TXN0003518,CUST00277,2023-06-19,245516,atm_withdrawal,internet_banking,MCC1535,1331294,0
TXN0003519,CUST00509,2023-06-15,127570,credit,internet_banking,MCC6675,510276,0
TXN0003520,CUST00064,2023-09-12,264802,transfer,pos,MCC9446,169351,0
TXN0003521,CUST00270,2023-03-05,481393,transfer,branch,MCC8768,470335,0
TXN0003522,CUST00708,2023-01-18,153892,credit,pos,MCC1381,285196,0
TXN0003523,CUST00779,2023-09-03,109589,transfer,atm,MCC8936,378248,0
TXN0003524,CUST00272,2023-11-24,369235,debit,internet_banking,MCC9834,13393,0
TXN0003525,CUST00259,2023-03-03,285381,transfer,branch,MCC2464,1940893,0
TXN0003526,CUST00299,2023-05-12,346067,debit,pos,MCC6738,880650,0
TXN0003527,CUST00280,2023-08-17,323224,transfer,branch,MCC7794,332056,0
TXN0003528,CUST00994,2023-03-02,380429,atm_withdrawal,atm,MCC1389,686636,0
TXN0003529,CUST00652,2023-11-10,364664,debit,mobile_app,MCC8448,1493426,0
TXN0003530,CUST00386,2023-03-24,302999,credit,branch,MCC4542,1264177,0
TXN0003531,CUST00462,2023-07-14,227298,emi_payment,branch,MCC3693,102029,0
TXN0003532,CUST00511,2023-05-04,230145,atm_withdrawal,internet_banking,MCC3323,295714,0
TXN0003533,CUST00553,2023-09-01,132764,atm_withdrawal,pos,MCC5550,1087612,0
TXN0003534,CUST00387,2023-03-14,224513,debit,internet_banking,MCC8186,1939708,0
TXN0003535,CUST00975,2023-02-05,302542,credit,pos,MCC8393,141699,0
TXN0003536,CUST00291,2023-07-06,358295,atm_withdrawal,mobile_app,MCC3028,1724731,0
TXN0003537,CUST00428,2023-11-12,386481,transfer,branch,MCC8442,123507,0
TXN0003538,CUST00006,2023-08-20,188579,atm_withdrawal,branch,MCC8435,990843,0
TXN0003539,CUST00492,2023-10-03,366505,debit,internet_banking,MCC1552,460464,0
TXN0003540,CUST00855,2023-06-08,218686,debit,branch,MCC3810,846938,1
TXN0003541,CUST00998,2023-02-21,179241,credit,pos,MCC1135,1851206,0
TXN0003542,CUST00474,2023-06-05,81919,debit,branch,MCC9901,431580,0
TXN0003543,CUST00140,2023-12-27,133015,atm_withdrawal,branch,MCC5250,1277660,0
TXN0003544,CUST00720,2023-10-13,339847,atm_withdrawal,pos,MCC3433,666472,0
TXN0003545,CUST00641,2023-09-14,108297,credit,pos,MCC9047,1302803,0
TXN0003546,CUST00959,2023-04-20,38554,debit,mobile_app,MCC7163,109774,0
TXN0003547,CUST00506,2023-08-07,136052,debit,atm,MCC9460,595311,0
TXN0003548,CUST00003,2023-08-16,495257,credit,pos,MCC8200,1915492,1
TXN0003549,CUST00901,2023-08-27,74972,emi_payment,pos,MCC9597,1447232,0
TXN0003550,CUST00676,2023-11-22,71954,atm_withdrawal,pos,MCC2947,1873462,0
TXN0003551,CUST00801,2023-09-06,201647,transfer,mobile_app,MCC2836,1363104,0
TXN0003552,CUST00119,2023-03-22,191550,atm_withdrawal,atm,MCC1681,370548,0
TXN0003553,CUST00458,2023-03-22,460157,atm_withdrawal,pos,MCC4085,923370,0
TXN0003554,CUST00458,2023-08-15,118966,emi_payment,branch,MCC5960,1755909,0
TXN0003555,CUST00268,2023-11-13,208682,debit,mobile_app,MCC6084,1365210,0
TXN0003556,CUST00847,2023-12-13,145399,atm_withdrawal,mobile_app,MCC7093,1040439,0
TXN0003557,CUST00189,2023-08-11,125021,atm_withdrawal,internet_banking,MCC7598,1734270,0
TXN0003558,CUST00072,2023-07-13,161294,transfer,pos,MCC8354,227197,0
TXN0003559,CUST00235,2023-10-25,128631,transfer,mobile_app,MCC5679,1920761,0
TXN0003560,CUST00990,2023-12-23,359196,emi_payment,atm,MCC3454,252101,0
TXN0003561,CUST00114,2023-01-11,395085,transfer,mobile_app,MCC4953,1993187,0
TXN0003562,CUST00581,2023-04-24,88456,credit,pos,MCC8849,1609059,0
TXN0003563,CUST00184,2023-05-02,248005,emi_payment,mobile_app,MCC8342,976624,0
TXN0003564,CUST00395,2023-07-25,132001,emi_payment,internet_banking,MCC9240,952614,0
TXN0003565,CUST00552,2023-04-18,433803,debit,mobile_app,MCC5861,65506,0
TXN0003566,CUST00020,2023-04-24,50692,emi_payment,branch,MCC8011,633786,0
TXN0003567,CUST00242,2023-01-09,204640,debit,atm,MCC4717,458356,0
TXN0003568,CUST00587,2023-01-02,165796,transfer,branch,MCC1068,1413508,0
TXN0003569,CUST00015,2023-06-14,181797,debit,branch,MCC7693,393697,0
TXN0003570,CUST00495,2023-12-31,470626,atm_withdrawal,atm,MCC1784,1611866,0
TXN0003571,CUST00604,2023-04-18,270427,emi_payment,branch,MCC6716,601077,0
TXN0003572,CUST00216,2023-03-29,190116,transfer,atm,MCC9978,1700571,0
TXN0003573,CUST00163,2023-04-07,404000,transfer,internet_banking,MCC1230,721004,0
TXN0003574,CUST00491,2023-12-22,388691,emi_payment,mobile_app,MCC7604,1505085,0
TXN0003575,CUST00719,2023-08-31,72493,debit,mobile_app,MCC8812,1337354,0
TXN0003576,CUST00013,2023-08-27,230905,transfer,mobile_app,MCC6640,1979105,0
TXN0003577,CUST00338,2023-03-11,206108,emi_payment,mobile_app,MCC7209,1051377,0
TXN0003578,CUST01000,2023-11-26,224854,credit,mobile_app,MCC9111,705586,0
TXN0003579,CUST00336,2023-03-13,174521,transfer,mobile_app,MCC7994,1299489,0
TXN0003580,CUST00333,2023-12-20,412003,credit,mobile_app,MCC1356,59572,0
TXN0003581,CUST00738,2023-12-14,497976,debit,atm,MCC7966,1943679,0
TXN0003582,CUST00481,2023-07-27,13507,atm_withdrawal,internet_banking,MCC7815,1356120,0
TXN0003583,CUST00392,2023-11-13,428337,transfer,branch,MCC3053,98143,0
TXN0003584,CUST00785,2023-12-31,432456,credit,mobile_app,MCC6891,345032,0
TXN0003585,CUST00031,2023-07-31,182862,credit,pos,MCC8576,28797,0
TXN0003586,CUST00713,2023-10-08,242655,emi_payment,internet_banking,MCC8633,1334243,0
TXN0003587,CUST00381,2023-08-04,51124,debit,branch,MCC8837,1331010,0
TXN0003588,CUST00889,2023-07-11,175628,transfer,atm,MCC8000,325814,0
TXN0003589,CUST00725,2023-05-03,119197,credit,pos,MCC2098,1092507,0
TXN0003590,CUST00942,2023-08-28,453426,atm_withdrawal,atm,MCC5363,979337,0
TXN0003591,CUST00129,2023-04-08,53636,emi_payment,branch,MCC3097,965498,0
TXN0003592,CUST00190,2023-03-12,169995,emi_payment,internet_banking,MCC1638,1236052,0
TXN0003593,CUST00904,2023-04-11,240507,debit,internet_banking,MCC3370,1706655,0
TXN0003594,CUST00391,2023-01-05,488850,debit,mobile_app,MCC9183,1828955,0
TXN0003595,CUST00816,2023-12-07,408687,transfer,internet_banking,MCC6381,317751,0
TXN0003596,CUST00687,2023-04-04,468184,credit,atm,MCC7870,1888020,0
TXN0003597,CUST00500,2023-10-19,155156,emi_payment,internet_banking,MCC5524,1147238,0
TXN0003598,CUST00046,2023-06-08,134034,emi_payment,internet_banking,MCC4207,362126,0
TXN0003599,CUST00074,2023-05-04,285724,credit,mobile_app,MCC5345,1863854,0
TXN0003600,CUST00717,2023-03-25,170367,debit,internet_banking,MCC9854,739597,0
TXN0003601,CUST00098,2023-10-27,8004,credit,mobile_app,MCC3582,891707,0
TXN0003602,CUST00005,2023-07-07,406102,transfer,branch,MCC3799,1934272,0
TXN0003603,CUST00220,2023-06-14,47525,credit,internet_banking,MCC8623,1159831,0
TXN0003604,CUST00915,2023-08-29,97885,credit,pos,MCC4334,286057,0
TXN0003605,CUST00627,2023-10-20,471624,credit,branch,MCC9134,139998,1
TXN0003606,CUST00719,2023-08-28,366002,debit,internet_banking,MCC9771,1640941,0
TXN0003607,CUST00653,2023-06-20,321283,emi_payment,branch,MCC1594,698366,0
TXN0003608,CUST00566,2023-11-23,64662,atm_withdrawal,pos,MCC7012,199276,0
TXN0003609,CUST00257,2023-11-23,125463,atm_withdrawal,mobile_app,MCC1847,82796,0
TXN0003610,CUST00429,2023-12-19,102882,atm_withdrawal,internet_banking,MCC8911,1890917,0
TXN0003611,CUST00545,2023-02-03,320701,emi_payment,branch,MCC2036,1144752,0
TXN0003612,CUST00989,2023-11-22,250302,emi_payment,mobile_app,MCC8988,1048084,0
TXN0003613,CUST00900,2023-03-12,180335,debit,branch,MCC7923,1180948,0
TXN0003614,CUST00737,2023-08-15,372966,credit,mobile_app,MCC5827,837494,0
TXN0003615,CUST00814,2023-08-29,389007,emi_payment,pos,MCC2870,1901680,0
TXN0003616,CUST00808,2023-03-17,369740,atm_withdrawal,atm,MCC3402,1204157,0
TXN0003617,CUST00668,2023-01-03,52979,atm_withdrawal,mobile_app,MCC4880,1276812,0
TXN0003618,CUST00826,2023-12-11,304500,emi_payment,branch,MCC8626,1787061,0
TXN0003619,CUST00074,2023-11-22,105093,debit,internet_banking,MCC9078,5965,0
TXN0003620,CUST00022,2023-03-05,136129,atm_withdrawal,branch,MCC5516,638046,0
TXN0003621,CUST00445,2023-08-08,489161,credit,branch,MCC3095,1666468,0
TXN0003622,CUST00055,2023-02-25,207747,debit,pos,MCC6078,192514,0
TXN0003623,CUST00340,2023-07-26,393818,emi_payment,mobile_app,MCC8483,659312,0
TXN0003624,CUST00199,2023-04-26,123182,debit,branch,MCC5871,326905,0
TXN0003625,CUST00958,2023-10-02,486179,credit,pos,MCC9013,1428543,0
TXN0003626,CUST00656,2023-07-29,138581,emi_payment,mobile_app,MCC1086,1687593,0
TXN0003627,CUST00042,2023-07-01,91066,atm_withdrawal,internet_banking,MCC5516,528057,0
TXN0003628,CUST00624,2023-09-06,161679,atm_withdrawal,atm,MCC1412,1375093,0
TXN0003629,CUST00733,2023-06-23,86801,debit,mobile_app,MCC6505,1520449,0
TXN0003630,CUST00326,2023-01-05,299463,debit,internet_banking,MCC6546,1811047,0
TXN0003631,CUST00883,2023-08-06,72096,atm_withdrawal,pos,MCC3810,1854981,0
TXN0003632,CUST00973,2023-10-11,103876,credit,branch,MCC8149,911197,0
TXN0003633,CUST00981,2023-06-28,351101,debit,mobile_app,MCC9560,158638,0
TXN0003634,CUST00094,2023-03-05,21380,transfer,pos,MCC5112,1488881,0
TXN0003635,CUST00450,2023-01-03,220291,emi_payment,branch,MCC4914,1088723,0
TXN0003636,CUST00777,2023-04-19,346258,atm_withdrawal,branch,MCC2713,918533,0
TXN0003637,CUST00443,2023-10-08,222791,transfer,pos,MCC1253,1080804,0
TXN0003638,CUST00481,2023-04-28,11001,emi_payment,internet_banking,MCC4659,1287840,0
TXN0003639,CUST00329,2023-12-15,79092,transfer,internet_banking,MCC4972,572875,0
TXN0003640,CUST00419,2023-05-02,485395,atm_withdrawal,branch,MCC7914,656517,0
TXN0003641,CUST00695,2023-06-06,386084,transfer,internet_banking,MCC8757,683348,0
TXN0003642,CUST00026,2023-10-05,175207,emi_payment,mobile_app,MCC1977,986353,0
TXN0003643,CUST00800,2023-08-13,436857,atm_withdrawal,mobile_app,MCC2372,1352321,0
TXN0003644,CUST00728,2023-01-15,3390,atm_withdrawal,internet_banking,MCC6041,84139,0
TXN0003645,CUST00139,2023-01-28,23765,transfer,mobile_app,MCC4379,585222,0
TXN0003646,CUST00772,2023-03-13,442304,transfer,branch,MCC7319,1456336,0
TXN0003647,CUST00522,2023-11-15,337141,transfer,pos,MCC3901,61254,0
TXN0003648,CUST00319,2023-01-09,299942,debit,internet_banking,MCC4742,1590744,1
TXN0003649,CUST00456,2023-01-27,172322,credit,mobile_app,MCC4996,1538372,0
TXN0003650,CUST00517,2023-10-12,408714,emi_payment,mobile_app,MCC6410,638148,0
TXN0003651,CUST00211,2023-08-16,304125,debit,mobile_app,MCC1627,1250385,0
TXN0003652,CUST00607,2023-12-26,217568,emi_payment,branch,MCC8950,980436,0
TXN0003653,CUST00630,2023-03-22,190332,transfer,branch,MCC4050,500909,0
TXN0003654,CUST00368,2023-08-29,177155,transfer,branch,MCC2915,298665,0
TXN0003655,CUST00461,2023-02-19,287700,atm_withdrawal,atm,MCC6763,1923081,0
TXN0003656,CUST00616,2023-08-04,327629,credit,internet_banking,MCC2215,1718942,0
TXN0003657,CUST00504,2023-02-08,402411,emi_payment,atm,MCC6310,1796856,0
TXN0003658,CUST00435,2023-11-28,203059,emi_payment,pos,MCC1547,281500,0
TXN0003659,CUST00957,2023-06-01,127008,atm_withdrawal,mobile_app,MCC3373,1928751,0
TXN0003660,CUST00879,2023-04-04,278148,atm_withdrawal,mobile_app,MCC7535,1251941,0
TXN0003661,CUST00380,2023-12-26,291751,transfer,internet_banking,MCC4345,1024472,0
TXN0003662,CUST00719,2023-01-25,138983,credit,mobile_app,MCC9103,683911,0
TXN0003663,CUST00811,2023-10-19,36741,emi_payment,pos,MCC4201,470332,0
TXN0003664,CUST00111,2023-07-06,166389,atm_withdrawal,pos,MCC7212,650656,0
TXN0003665,CUST00592,2023-09-08,35379,credit,branch,MCC1269,347658,0
TXN0003666,CUST00800,2023-04-06,41187,credit,mobile_app,MCC9787,1580060,0
TXN0003667,CUST00058,2023-11-18,482966,transfer,pos,MCC6541,1897047,0
TXN0003668,CUST00338,2023-06-14,390707,debit,pos,MCC7372,1934270,0
TXN0003669,CUST00798,2023-06-02,17817,credit,branch,MCC3926,1781657,0
TXN0003670,CUST00936,2023-06-16,174490,debit,atm,MCC3596,264624,0
TXN0003671,CUST00993,2023-04-19,127388,emi_payment,atm,MCC4929,1481874,0
TXN0003672,CUST00604,2023-04-27,487502,transfer,branch,MCC3300,1715710,0
TXN0003673,CUST00043,2023-02-21,218869,emi_payment,internet_banking,MCC1186,1021029,0
TXN0003674,CUST00028,2023-06-27,129953,debit,internet_banking,MCC6999,1116083,0
TXN0003675,CUST00812,2023-06-23,317415,transfer,internet_banking,MCC7448,768815,0
TXN0003676,CUST00735,2023-05-19,237578,emi_payment,internet_banking,MCC7081,1644928,0
TXN0003677,CUST00194,2023-12-26,93733,emi_payment,atm,MCC5984,1406890,0
TXN0003678,CUST00131,2023-02-11,152835,emi_payment,pos,MCC5713,1258207,0
TXN0003679,CUST00146,2023-11-29,63766,debit,mobile_app,MCC9868,19057,0
TXN0003680,CUST00878,2023-11-13,346993,transfer,mobile_app,MCC5741,1920981,0
TXN0003681,CUST00765,2023-01-09,485338,transfer,branch,MCC7352,1048555,0
TXN0003682,CUST00949,2023-09-13,404202,atm_withdrawal,atm,MCC4749,1911960,0
TXN0003683,CUST00114,2023-03-18,187739,emi_payment,branch,MCC1297,1357319,0
TXN0003684,CUST00696,2023-01-16,243556,atm_withdrawal,pos,MCC4148,1041606,0
TXN0003685,CUST00924,2023-11-11,30515,debit,atm,MCC7491,1507519,0
TXN0003686,CUST00533,2023-02-12,183527,transfer,atm,MCC6705,493282,0
TXN0003687,CUST00775,2023-04-20,16137,emi_payment,branch,MCC7242,902162,0
TXN0003688,CUST00603,2023-02-05,372401,debit,mobile_app,MCC7726,50269,0
TXN0003689,CUST00008,2023-02-21,454622,emi_payment,mobile_app,MCC2964,1490278,0
TXN0003690,CUST00429,2023-01-23,95808,credit,atm,MCC8319,648063,0
TXN0003691,CUST00262,2023-11-04,337023,debit,internet_banking,MCC7429,191683,0
TXN0003692,CUST00084,2023-01-22,299773,emi_payment,atm,MCC3770,1592625,0
TXN0003693,CUST00596,2023-10-05,208978,transfer,internet_banking,MCC5533,466549,0
TXN0003694,CUST00929,2023-02-27,366838,transfer,mobile_app,MCC8718,447602,0
TXN0003695,CUST00054,2023-11-30,339905,credit,atm,MCC2504,289225,0
TXN0003696,CUST00330,2023-11-06,134707,emi_payment,pos,MCC3724,1206892,0
TXN0003697,CUST00670,2023-08-18,399267,emi_payment,branch,MCC2728,679675,0
TXN0003698,CUST00313,2023-10-30,327884,emi_payment,mobile_app,MCC3743,1141242,0
TXN0003699,CUST00117,2023-04-19,156318,emi_payment,branch,MCC2841,688386,0
TXN0003700,CUST00192,2023-10-13,367639,emi_payment,pos,MCC8253,1506540,0
TXN0003701,CUST00025,2023-03-22,320356,debit,internet_banking,MCC9919,747879,0
TXN0003702,CUST00993,2023-08-13,58796,debit,mobile_app,MCC9723,1585609,0
TXN0003703,CUST00492,2023-12-02,83266,atm_withdrawal,atm,MCC4223,931649,0
TXN0003704,CUST00943,2023-09-22,162021,credit,internet_banking,MCC9389,29788,0
TXN0003705,CUST00686,2023-04-09,22269,transfer,mobile_app,MCC1735,872667,0
TXN0003706,CUST00350,2023-09-27,203212,credit,atm,MCC1999,490144,0
TXN0003707,CUST00943,2023-11-19,230828,atm_withdrawal,internet_banking,MCC3929,980943,0
TXN0003708,CUST00261,2023-11-21,388001,atm_withdrawal,mobile_app,MCC3596,249472,0
TXN0003709,CUST00181,2023-09-27,85829,transfer,mobile_app,MCC9257,1505193,0
TXN0003710,CUST00806,2023-09-25,283795,emi_payment,mobile_app,MCC7838,1249025,0
TXN0003711,CUST00554,2023-10-14,332340,transfer,mobile_app,MCC7779,284033,0
TXN0003712,CUST00423,2023-09-26,224835,emi_payment,mobile_app,MCC8255,1956657,0
TXN0003713,CUST00589,2023-02-18,453677,atm_withdrawal,internet_banking,MCC7526,701413,0
TXN0003714,CUST00968,2023-10-21,159454,emi_payment,pos,MCC5537,419773,0
TXN0003715,CUST00281,2023-03-07,204020,debit,internet_banking,MCC1528,270,0
TXN0003716,CUST00902,2023-07-23,2130,transfer,mobile_app,MCC1144,493380,0
TXN0003717,CUST00911,2023-05-04,205434,atm_withdrawal,pos,MCC9779,56458,0
TXN0003718,CUST00760,2023-03-19,10208,debit,atm,MCC5516,966001,0
TXN0003719,CUST00158,2023-04-13,491933,credit,pos,MCC9576,1212841,0
TXN0003720,CUST00090,2023-01-31,120299,credit,branch,MCC1280,740049,0
TXN0003721,CUST00121,2023-06-10,406093,emi_payment,branch,MCC6722,1752003,0
TXN0003722,CUST00703,2023-06-02,58433,debit,branch,MCC3532,1932122,0
TXN0003723,CUST00400,2023-05-28,137185,emi_payment,mobile_app,MCC4278,611819,0
TXN0003724,CUST00988,2023-02-03,59881,debit,internet_banking,MCC6911,1275413,0
TXN0003725,CUST00007,2023-08-10,184423,atm_withdrawal,branch,MCC5457,803791,0
TXN0003726,CUST00374,2023-03-03,301409,credit,internet_banking,MCC2211,547554,0
TXN0003727,CUST00265,2023-11-09,209980,transfer,pos,MCC9996,419752,0
TXN0003728,CUST00882,2023-01-09,302767,emi_payment,pos,MCC7411,1043103,0
TXN0003729,CUST00122,2023-01-21,403180,credit,branch,MCC4245,285599,0
TXN0003730,CUST00409,2023-04-20,22481,debit,atm,MCC6591,1344806,0
TXN0003731,CUST00867,2023-05-29,212207,atm_withdrawal,internet_banking,MCC2362,1768196,0
TXN0003732,CUST00972,2023-12-21,297008,debit,pos,MCC4866,736291,0
TXN0003733,CUST00917,2023-07-11,261772,transfer,atm,MCC4823,1144240,0
TXN0003734,CUST00654,2023-05-19,72994,debit,atm,MCC4349,1952162,0
TXN0003735,CUST00163,2023-11-02,103410,emi_payment,branch,MCC5353,1409749,0
TXN0003736,CUST00097,2023-03-29,188675,credit,pos,MCC9231,807810,0
TXN0003737,CUST00412,2023-11-24,325694,atm_withdrawal,branch,MCC1062,1763782,0
TXN0003738,CUST00480,2023-05-28,494842,credit,pos,MCC5977,84886,0
TXN0003739,CUST00515,2023-04-25,184277,emi_payment,atm,MCC9465,1176786,0
TXN0003740,CUST00050,2023-04-20,261050,debit,branch,MCC8999,504931,0
TXN0003741,CUST00676,2023-01-04,153311,debit,internet_banking,MCC9077,360568,0
TXN0003742,CUST00396,2023-09-03,17190,credit,pos,MCC4711,1033796,0
TXN0003743,CUST00109,2023-07-30,199246,atm_withdrawal,mobile_app,MCC6104,1426633,0
TXN0003744,CUST00916,2023-08-20,173894,atm_withdrawal,mobile_app,MCC6351,1476350,0
TXN0003745,CUST00357,2023-08-26,75346,emi_payment,mobile_app,MCC8538,1495612,0
TXN0003746,CUST00233,2023-01-10,335481,credit,mobile_app,MCC9590,577281,0
TXN0003747,CUST00493,2023-11-17,129320,credit,internet_banking,MCC3293,827897,0
TXN0003748,CUST00951,2023-07-06,112376,credit,branch,MCC2116,226384,0
TXN0003749,CUST00825,2023-09-10,194681,credit,internet_banking,MCC3384,1233628,0
TXN0003750,CUST00100,2023-01-14,482228,transfer,branch,MCC3364,1607765,0
TXN0003751,CUST00687,2023-10-05,318229,emi_payment,branch,MCC3702,969099,0
TXN0003752,CUST00665,2023-09-05,212704,credit,branch,MCC9249,625409,0
TXN0003753,CUST00886,2023-05-15,410348,debit,mobile_app,MCC2938,665998,0
TXN0003754,CUST00966,2023-12-08,10641,transfer,branch,MCC4797,1300161,0
TXN0003755,CUST00746,2023-08-26,168471,credit,internet_banking,MCC4218,1344832,0
TXN0003756,CUST00655,2023-11-28,270329,transfer,branch,MCC3448,952543,0
TXN0003757,CUST00354,2023-10-27,244387,emi_payment,mobile_app,MCC2767,494904,0
TXN0003758,CUST00900,2023-03-17,338127,atm_withdrawal,pos,MCC9975,821135,0
TXN0003759,CUST00944,2023-12-30,350905,transfer,atm,MCC6637,654941,0
TXN0003760,CUST00992,2023-09-29,228049,atm_withdrawal,internet_banking,MCC1919,195990,0
TXN0003761,CUST00955,2023-03-11,464812,credit,internet_banking,MCC6893,811377,0
TXN0003762,CUST00642,2023-10-17,464092,emi_payment,internet_banking,MCC6503,1697997,0
TXN0003763,CUST00957,2023-06-06,237639,atm_withdrawal,pos,MCC4232,1229240,0
TXN0003764,CUST00783,2023-11-12,450975,credit,atm,MCC8091,267033,0
TXN0003765,CUST00241,2023-03-05,320467,emi_payment,branch,MCC8220,1704408,0
TXN0003766,CUST00032,2023-04-05,69566,transfer,atm,MCC8079,426817,0
TXN0003767,CUST00981,2023-05-07,59876,atm_withdrawal,mobile_app,MCC6751,1229833,0
TXN0003768,CUST00428,2023-06-14,40066,credit,pos,MCC4976,1135324,0
TXN0003769,CUST00874,2023-08-19,105974,atm_withdrawal,branch,MCC2862,1452162,0
TXN0003770,CUST00289,2023-03-22,156223,emi_payment,internet_banking,MCC1395,1532540,0
TXN0003771,CUST00361,2023-09-15,34656,emi_payment,atm,MCC9263,585314,0
TXN0003772,CUST00825,2023-01-09,304105,debit,mobile_app,MCC8568,1555456,0
TXN0003773,CUST00526,2023-05-01,205670,debit,branch,MCC2811,1174830,0
TXN0003774,CUST00678,2023-08-29,300837,emi_payment,pos,MCC8223,699392,0
TXN0003775,CUST00321,2023-04-07,251570,transfer,atm,MCC1430,207703,0
TXN0003776,CUST00615,2023-06-07,135894,credit,mobile_app,MCC3136,1136964,0
TXN0003777,CUST00487,2023-08-10,307506,atm_withdrawal,branch,MCC2351,926544,0
TXN0003778,CUST00932,2023-04-01,475555,transfer,atm,MCC4064,941129,0
TXN0003779,CUST00493,2023-12-18,158446,transfer,branch,MCC3876,1379757,0
TXN0003780,CUST00089,2023-11-06,153735,credit,internet_banking,MCC5612,1417740,0
TXN0003781,CUST00737,2023-12-21,258102,atm_withdrawal,atm,MCC5128,359445,0
TXN0003782,CUST00954,2023-06-30,402119,credit,branch,MCC2027,592759,0
TXN0003783,CUST00883,2023-05-06,265780,credit,pos,MCC2349,1804194,0
TXN0003784,CUST00101,2023-12-30,416006,emi_payment,pos,MCC8384,1188020,0
TXN0003785,CUST00999,2023-09-23,37131,debit,pos,MCC5932,834385,0
TXN0003786,CUST00348,2023-10-17,49307,transfer,branch,MCC9297,1945085,0
TXN0003787,CUST00834,2023-03-08,203218,transfer,atm,MCC2175,1342283,0
TXN0003788,CUST00631,2023-11-14,116353,credit,mobile_app,MCC3773,1699112,0
TXN0003789,CUST00974,2023-07-12,11708,emi_payment,atm,MCC2420,939788,0
TXN0003790,CUST00342,2023-10-10,107674,debit,atm,MCC9315,326868,0
TXN0003791,CUST00608,2023-10-29,135623,atm_withdrawal,atm,MCC2429,1464516,0
TXN0003792,CUST00683,2023-02-08,459833,atm_withdrawal,mobile_app,MCC8207,1632985,0
TXN0003793,CUST00155,2023-02-06,391169,debit,branch,MCC2731,1168606,0
TXN0003794,CUST00776,2023-01-24,175617,transfer,internet_banking,MCC7549,865744,0
TXN0003795,CUST00144,2023-08-23,479022,debit,pos,MCC5097,245144,0
TXN0003796,CUST00829,2023-12-01,418252,emi_payment,branch,MCC9721,491430,0
TXN0003797,CUST00127,2023-01-11,125401,credit,atm,MCC1629,1849428,0
TXN0003798,CUST00180,2023-02-20,239061,transfer,branch,MCC3921,336858,0
TXN0003799,CUST00495,2023-06-27,460856,atm_withdrawal,mobile_app,MCC7507,1320121,0
TXN0003800,CUST00183,2023-05-23,228663,emi_payment,atm,MCC9239,1326467,0
TXN0003801,CUST00077,2023-02-07,185515,atm_withdrawal,atm,MCC5851,944144,0
TXN0003802,CUST00053,2023-08-11,451720,emi_payment,internet_banking,MCC1885,1993520,0
TXN0003803,CUST00287,2023-11-27,330255,transfer,atm,MCC6663,1353209,0
TXN0003804,CUST00491,2023-03-19,220506,debit,internet_banking,MCC5301,1933408,0
TXN0003805,CUST00045,2023-01-02,434876,debit,atm,MCC7973,521791,0
TXN0003806,CUST00138,2023-03-24,372451,transfer,internet_banking,MCC5967,1481484,0
TXN0003807,CUST00612,2023-03-09,173969,transfer,atm,MCC9080,1537921,0
TXN0003808,CUST00319,2023-06-20,212246,transfer,pos,MCC2105,1837657,0
TXN0003809,CUST00758,2023-02-09,23794,atm_withdrawal,branch,MCC6614,822450,0
TXN0003810,CUST00841,2023-05-12,51024,debit,mobile_app,MCC7635,664555,0
TXN0003811,CUST00031,2023-02-13,477194,emi_payment,atm,MCC4652,1610068,0
TXN0003812,CUST00949,2023-09-04,26642,emi_payment,pos,MCC5276,1437920,0
TXN0003813,CUST00684,2023-06-21,418396,emi_payment,atm,MCC7257,548106,0
TXN0003814,CUST00823,2023-01-28,104199,credit,internet_banking,MCC5099,609036,0
TXN0003815,CUST00479,2023-01-16,270823,transfer,branch,MCC4532,1580559,0
TXN0003816,CUST00001,2023-06-28,361161,debit,internet_banking,MCC6232,1139076,0
TXN0003817,CUST00886,2023-08-05,495590,debit,atm,MCC8232,1813383,0
TXN0003818,CUST00569,2023-03-05,186887,atm_withdrawal,atm,MCC2212,1261006,0
TXN0003819,CUST00038,2023-04-29,462547,emi_payment,atm,MCC8865,1961641,0
TXN0003820,CUST00167,2023-08-10,227108,atm_withdrawal,internet_banking,MCC2800,654767,0
TXN0003821,CUST00207,2023-06-21,433579,emi_payment,mobile_app,MCC1879,1553419,0
TXN0003822,CUST00376,2023-02-12,51028,credit,atm,MCC2625,380246,0
TXN0003823,CUST00443,2023-05-23,134099,atm_withdrawal,internet_banking,MCC1689,1408026,0
TXN0003824,CUST00428,2023-03-14,311556,emi_payment,pos,MCC9566,835097,0
TXN0003825,CUST00869,2023-12-05,353084,debit,mobile_app,MCC3626,1039883,0
TXN0003826,CUST00943,2023-10-21,401743,debit,pos,MCC7957,1615333,0
TXN0003827,CUST00679,2023-04-24,179025,emi_payment,atm,MCC2641,211468,0
TXN0003828,CUST00634,2023-03-27,312379,emi_payment,branch,MCC5762,447285,0
TXN0003829,CUST00865,2023-02-19,310416,debit,pos,MCC4833,1119707,0
TXN0003830,CUST00268,2023-09-27,492308,transfer,atm,MCC6934,828415,0
TXN0003831,CUST00559,2023-12-02,58686,atm_withdrawal,mobile_app,MCC9894,1126506,0
TXN0003832,CUST00643,2023-04-10,8269,emi_payment,internet_banking,MCC6849,861143,0
TXN0003833,CUST00286,2023-08-22,287521,atm_withdrawal,pos,MCC7317,129467,0
TXN0003834,CUST00952,2023-03-27,7933,credit,atm,MCC3360,1872951,0
TXN0003835,CUST00236,2023-12-01,98007,debit,mobile_app,MCC2097,1381252,0
TXN0003836,CUST00060,2023-04-20,250052,credit,mobile_app,MCC1779,1220072,0
TXN0003837,CUST00324,2023-02-05,133973,emi_payment,pos,MCC3701,297884,0
TXN0003838,CUST00816,2023-11-18,133277,atm_withdrawal,mobile_app,MCC5993,394967,0
TXN0003839,CUST00375,2023-12-12,173197,emi_payment,pos,MCC1543,1193223,0
TXN0003840,CUST00217,2023-05-25,343286,debit,branch,MCC3367,105392,0
TXN0003841,CUST00873,2023-11-28,182984,transfer,pos,MCC6680,945266,0
TXN0003842,CUST00154,2023-03-30,396625,debit,internet_banking,MCC8860,1778504,0
TXN0003843,CUST00159,2023-04-09,79595,emi_payment,internet_banking,MCC9905,1750108,0
TXN0003844,CUST00899,2023-07-15,51307,transfer,atm,MCC3124,1029528,0
TXN0003845,CUST00322,2023-08-08,83333,transfer,mobile_app,MCC1918,464488,0
TXN0003846,CUST00002,2023-05-21,458677,transfer,mobile_app,MCC6155,147948,0
TXN0003847,CUST00434,2023-10-19,138795,emi_payment,atm,MCC9442,342414,0
TXN0003848,CUST00742,2023-10-16,15058,debit,mobile_app,MCC4780,561249,0
TXN0003849,CUST00758,2023-02-14,157723,atm_withdrawal,pos,MCC9136,1102342,0
TXN0003850,CUST00088,2023-12-28,344233,transfer,atm,MCC7685,1451213,0
TXN0003851,CUST00282,2023-02-28,181062,transfer,atm,MCC9088,920485,0
TXN0003852,CUST00618,2023-07-12,192311,credit,branch,MCC9555,1653108,0
TXN0003853,CUST00661,2023-06-04,43305,debit,atm,MCC1966,322595,0
TXN0003854,CUST00621,2023-06-14,333752,emi_payment,pos,MCC4703,846919,0
TXN0003855,CUST00338,2023-02-16,110347,credit,mobile_app,MCC1449,1227424,0
TXN0003856,CUST00863,2023-05-06,48908,atm_withdrawal,internet_banking,MCC1399,107830,0
TXN0003857,CUST00079,2023-01-12,357444,emi_payment,atm,MCC5276,1811634,0
TXN0003858,CUST00823,2023-12-22,468546,transfer,mobile_app,MCC6952,1990238,0
TXN0003859,CUST00940,2023-02-22,305305,debit,internet_banking,MCC8973,1480507,0
TXN0003860,CUST00686,2023-06-26,468710,transfer,mobile_app,MCC2162,1405721,0
TXN0003861,CUST00430,2023-03-20,201146,atm_withdrawal,mobile_app,MCC1299,419114,0
TXN0003862,CUST00381,2023-03-06,259748,transfer,branch,MCC1940,365822,0
TXN0003863,CUST00436,2023-05-23,178661,emi_payment,atm,MCC9340,476812,0
TXN0003864,CUST00167,2023-12-20,254841,debit,mobile_app,MCC6953,270120,0
TXN0003865,CUST00223,2023-06-24,446453,transfer,pos,MCC5331,1115122,0
TXN0003866,CUST00636,2023-12-17,317440,emi_payment,atm,MCC1925,1914456,0
TXN0003867,CUST00551,2023-10-29,13455,transfer,atm,MCC4337,1355034,0
TXN0003868,CUST00497,2023-06-09,290076,atm_withdrawal,mobile_app,MCC2158,1762684,0
TXN0003869,CUST00475,2023-11-25,188682,transfer,branch,MCC1270,1957990,0
TXN0003870,CUST00078,2023-05-08,271818,atm_withdrawal,pos,MCC4951,1324393,0
TXN0003871,CUST00868,2023-07-03,278919,emi_payment,internet_banking,MCC5523,209639,0
TXN0003872,CUST00956,2023-09-06,294636,atm_withdrawal,branch,MCC5070,1860878,0
TXN0003873,CUST00246,2023-08-04,433130,transfer,branch,MCC8842,1092689,1
TXN0003874,CUST00315,2023-10-30,429329,transfer,atm,MCC9222,1094634,0
TXN0003875,CUST00631,2023-03-01,485757,credit,pos,MCC2094,1974748,0
TXN0003876,CUST00003,2023-07-01,305572,emi_payment,mobile_app,MCC3484,1367911,0
TXN0003877,CUST00103,2023-08-31,142711,atm_withdrawal,mobile_app,MCC5508,221793,0
TXN0003878,CUST00902,2023-05-01,97997,debit,mobile_app,MCC4608,1529791,0
TXN0003879,CUST00173,2023-11-13,424680,atm_withdrawal,internet_banking,MCC4922,1945137,0
TXN0003880,CUST00578,2023-04-21,456964,atm_withdrawal,internet_banking,MCC7366,475008,0
TXN0003881,CUST00883,2023-04-20,18722,emi_payment,pos,MCC2619,924355,0
TXN0003882,CUST00734,2023-04-30,108058,transfer,branch,MCC8442,207403,0
TXN0003883,CUST00272,2023-09-04,339724,atm_withdrawal,atm,MCC3382,1434779,0
TXN0003884,CUST00153,2023-02-13,82664,credit,branch,MCC4141,285837,0
TXN0003885,CUST00718,2023-02-22,25116,emi_payment,pos,MCC2995,850542,0
TXN0003886,CUST00405,2023-10-12,498529,atm_withdrawal,internet_banking,MCC6679,1301450,0
TXN0003887,CUST00968,2023-03-17,48180,atm_withdrawal,atm,MCC7259,1682088,0
TXN0003888,CUST00646,2023-02-08,106787,transfer,internet_banking,MCC6617,639054,0
TXN0003889,CUST00012,2023-04-07,494477,credit,internet_banking,MCC5441,1817035,0
TXN0003890,CUST00251,2023-05-26,50136,atm_withdrawal,pos,MCC3728,48439,1
TXN0003891,CUST00745,2023-01-13,399930,emi_payment,mobile_app,MCC7188,333330,0
TXN0003892,CUST00702,2023-11-01,281047,emi_payment,internet_banking,MCC2067,237637,0
TXN0003893,CUST00742,2023-02-12,269997,emi_payment,internet_banking,MCC3806,1494484,0
TXN0003894,CUST00234,2023-05-28,413614,atm_withdrawal,mobile_app,MCC7141,723611,0
TXN0003895,CUST00250,2023-03-15,10768,transfer,atm,MCC7229,41479,0
TXN0003896,CUST00210,2023-04-18,30469,transfer,internet_banking,MCC3412,1576341,0
TXN0003897,CUST00696,2023-01-17,97849,atm_withdrawal,branch,MCC4070,553720,0
TXN0003898,CUST00012,2023-12-13,245103,transfer,internet_banking,MCC3864,1364423,0
TXN0003899,CUST00815,2023-12-09,481116,credit,pos,MCC8980,1104685,0
TXN0003900,CUST00282,2023-02-16,34344,emi_payment,branch,MCC6150,223022,0
TXN0003901,CUST00489,2023-03-14,210133,credit,atm,MCC2067,1206410,0
TXN0003902,CUST00247,2023-11-19,214402,debit,atm,MCC2447,1722193,0
TXN0003903,CUST00426,2023-06-01,98327,credit,pos,MCC1622,730532,0
TXN0003904,CUST00765,2023-01-23,172045,debit,atm,MCC3173,1666960,0
TXN0003905,CUST00199,2023-02-19,100573,atm_withdrawal,pos,MCC3000,540876,0
TXN0003906,CUST00570,2023-05-31,68650,atm_withdrawal,atm,MCC5014,565866,0
TXN0003907,CUST00058,2023-07-23,260661,credit,mobile_app,MCC7725,343300,0
TXN0003908,CUST00178,2023-08-19,465517,atm_withdrawal,mobile_app,MCC8905,423286,0
TXN0003909,CUST00685,2023-02-25,202122,emi_payment,atm,MCC6026,479425,0
TXN0003910,CUST00569,2023-05-16,317480,atm_withdrawal,mobile_app,MCC7949,1299346,1
TXN0003911,CUST00612,2023-04-06,335105,debit,mobile_app,MCC6894,260454,0
TXN0003912,CUST00226,2023-07-15,421543,debit,atm,MCC3858,1089041,0
TXN0003913,CUST00207,2023-04-28,412368,atm_withdrawal,internet_banking,MCC6507,522332,0
TXN0003914,CUST00426,2023-03-16,452981,credit,internet_banking,MCC3718,293529,1
TXN0003915,CUST00130,2023-10-25,407263,transfer,mobile_app,MCC3778,1642558,0
TXN0003916,CUST00889,2023-07-27,465099,atm_withdrawal,internet_banking,MCC9885,1079935,0
TXN0003917,CUST00268,2023-06-22,483037,credit,pos,MCC9195,575044,0
TXN0003918,CUST00720,2023-02-19,374082,debit,branch,MCC6879,1277192,0
TXN0003919,CUST00157,2023-01-26,246638,emi_payment,pos,MCC6336,1815377,0
TXN0003920,CUST00652,2023-10-18,153543,transfer,atm,MCC7169,565480,0
TXN0003921,CUST00204,2023-12-20,285731,debit,internet_banking,MCC7776,490458,0
TXN0003922,CUST00282,2023-08-02,414483,credit,mobile_app,MCC1496,1365302,0
TXN0003923,CUST00413,2023-01-15,376801,transfer,pos,MCC4226,983927,0
TXN0003924,CUST00125,2023-06-25,260139,atm_withdrawal,pos,MCC1944,1347280,0
TXN0003925,CUST00125,2023-04-13,38152,credit,mobile_app,MCC5761,335139,0
TXN0003926,CUST00753,2023-01-20,135899,transfer,internet_banking,MCC3649,1865954,0
TXN0003927,CUST00346,2023-02-21,288644,debit,atm,MCC3970,34189,0
TXN0003928,CUST00568,2023-07-02,192948,credit,pos,MCC8577,547448,0
TXN0003929,CUST00647,2023-06-05,228129,credit,pos,MCC2836,1251080,0
TXN0003930,CUST00623,2023-07-25,150681,transfer,internet_banking,MCC9195,1040605,0
TXN0003931,CUST00628,2023-09-11,38131,emi_payment,pos,MCC4787,675531,0
TXN0003932,CUST00976,2023-04-07,233155,debit,atm,MCC2719,1953621,0
TXN0003933,CUST00631,2023-04-15,222535,debit,branch,MCC2289,690150,0
TXN0003934,CUST00349,2023-09-05,390689,emi_payment,internet_banking,MCC7427,1356838,0
TXN0003935,CUST00285,2023-03-13,56155,credit,pos,MCC9122,815504,0
TXN0003936,CUST00801,2023-01-29,242485,emi_payment,pos,MCC8866,880928,1
TXN0003937,CUST00422,2023-11-08,426928,debit,pos,MCC2532,1555519,0
TXN0003938,CUST00559,2023-03-18,134002,emi_payment,branch,MCC8909,708420,0
TXN0003939,CUST00815,2023-02-14,158209,atm_withdrawal,internet_banking,MCC3029,799483,0
TXN0003940,CUST00236,2023-09-27,43792,transfer,pos,MCC5128,1563762,0
TXN0003941,CUST00223,2023-07-14,287319,transfer,internet_banking,MCC1049,172813,0
TXN0003942,CUST00053,2023-02-23,427892,credit,atm,MCC3328,864588,0
TXN0003943,CUST00073,2023-11-07,240794,credit,branch,MCC3878,557507,0
TXN0003944,CUST00617,2023-03-31,208742,debit,branch,MCC9605,964671,0
TXN0003945,CUST00504,2023-09-04,374554,transfer,internet_banking,MCC3504,1152258,0
TXN0003946,CUST00298,2023-08-26,221017,atm_withdrawal,internet_banking,MCC3488,858132,0
TXN0003947,CUST00212,2023-10-30,199391,debit,atm,MCC3460,1986973,0
TXN0003948,CUST00696,2023-09-24,381884,transfer,internet_banking,MCC3274,1825562,0
TXN0003949,CUST00086,2023-09-14,142089,atm_withdrawal,atm,MCC5859,286293,0
TXN0003950,CUST00701,2023-01-19,424878,transfer,pos,MCC2850,1286485,0
TXN0003951,CUST00905,2023-12-09,134143,emi_payment,mobile_app,MCC3614,646903,0
TXN0003952,CUST00456,2023-02-16,255621,credit,pos,MCC5792,1430005,0
TXN0003953,CUST00495,2023-04-03,125197,emi_payment,mobile_app,MCC7806,971186,0
TXN0003954,CUST00537,2023-06-12,316220,atm_withdrawal,mobile_app,MCC1964,1907159,0
TXN0003955,CUST00096,2023-04-16,217156,transfer,pos,MCC4136,1889287,0
TXN0003956,CUST00627,2023-08-05,119654,emi_payment,internet_banking,MCC6135,113360,0
TXN0003957,CUST00366,2023-01-20,372021,emi_payment,atm,MCC9249,216843,0
TXN0003958,CUST00469,2023-06-15,467540,debit,mobile_app,MCC9492,45648,0
TXN0003959,CUST00023,2023-05-08,14112,debit,mobile_app,MCC8848,1587643,0
TXN0003960,CUST00878,2023-08-25,284003,emi_payment,internet_banking,MCC5544,457235,1
TXN0003961,CUST00334,2023-07-09,359285,credit,branch,MCC1883,1445909,0
TXN0003962,CUST00076,2023-10-03,359830,transfer,internet_banking,MCC9687,664596,0
TXN0003963,CUST00783,2023-03-02,110359,transfer,internet_banking,MCC6593,612875,0
TXN0003964,CUST00980,2023-12-13,57195,emi_payment,pos,MCC9150,1208317,0
TXN0003965,CUST00520,2023-05-24,256831,atm_withdrawal,mobile_app,MCC9284,1547507,0
TXN0003966,CUST00034,2023-05-08,318496,atm_withdrawal,mobile_app,MCC8129,1149747,0
TXN0003967,CUST00992,2023-07-20,144816,debit,mobile_app,MCC4781,1473185,0
TXN0003968,CUST00209,2023-03-01,184537,emi_payment,pos,MCC6471,342720,0
TXN0003969,CUST00241,2023-10-25,266084,emi_payment,branch,MCC7219,1184058,0
TXN0003970,CUST00709,2023-04-07,225086,atm_withdrawal,pos,MCC8925,571479,0
TXN0003971,CUST00332,2023-12-05,241808,transfer,pos,MCC3035,309758,0
TXN0003972,CUST00085,2023-02-24,341112,transfer,internet_banking,MCC5994,656680,0
TXN0003973,CUST00683,2023-11-12,492150,transfer,atm,MCC6362,384723,0
TXN0003974,CUST00263,2023-05-24,398184,credit,branch,MCC2864,646058,0
TXN0003975,CUST00862,2023-08-10,4202,credit,branch,MCC4616,47066,0
TXN0003976,CUST00154,2023-11-15,174747,emi_payment,branch,MCC9325,1492730,0
TXN0003977,CUST00907,2023-02-17,4961,debit,atm,MCC1144,696730,0
TXN0003978,CUST00724,2023-05-07,436631,emi_payment,internet_banking,MCC5519,1320589,0
TXN0003979,CUST00240,2023-12-13,322246,atm_withdrawal,mobile_app,MCC6483,1498817,0
TXN0003980,CUST00579,2023-02-24,109573,credit,atm,MCC9168,1639710,0
TXN0003981,CUST00939,2023-02-07,419578,credit,pos,MCC3550,155563,0
TXN0003982,CUST00065,2023-07-10,281492,transfer,branch,MCC4537,1021591,0
TXN0003983,CUST00820,2023-01-10,25812,atm_withdrawal,mobile_app,MCC1723,833513,0
TXN0003984,CUST00461,2023-12-29,75717,debit,mobile_app,MCC4021,701063,0
TXN0003985,CUST00950,2023-11-26,404686,transfer,branch,MCC9974,1613314,0
TXN0003986,CUST00209,2023-03-10,144695,credit,pos,MCC7893,135502,0
TXN0003987,CUST00720,2023-03-05,262314,atm_withdrawal,atm,MCC4855,620272,0
TXN0003988,CUST00968,2023-10-11,447716,atm_withdrawal,internet_banking,MCC6709,1588784,0
TXN0003989,CUST00344,2023-07-10,144633,debit,atm,MCC9679,789357,0
TXN0003990,CUST00108,2023-10-28,5877,debit,mobile_app,MCC4957,149537,0
TXN0003991,CUST00393,2023-12-20,42032,debit,branch,MCC3651,346986,0
TXN0003992,CUST00599,2023-05-27,457814,atm_withdrawal,pos,MCC8906,602929,0
TXN0003993,CUST00631,2023-04-03,299996,atm_withdrawal,atm,MCC8653,496238,0
TXN0003994,CUST00482,2023-08-15,164268,credit,mobile_app,MCC5648,1337767,0
TXN0003995,CUST00933,2023-08-20,39424,debit,internet_banking,MCC1106,342797,0
TXN0003996,CUST00579,2023-06-07,347928,emi_payment,mobile_app,MCC1115,1528340,0
TXN0003997,CUST00641,2023-04-20,19920,atm_withdrawal,branch,MCC2058,623161,0
TXN0003998,CUST00957,2023-04-06,45949,atm_withdrawal,internet_banking,MCC7238,137025,0
TXN0003999,CUST00940,2023-07-10,297026,transfer,pos,MCC2579,22611,0
TXN0004000,CUST00342,2023-06-05,320671,emi_payment,internet_banking,MCC1568,1215235,1
TXN0004001,CUST00287,2023-06-16,284938,atm_withdrawal,mobile_app,MCC7135,1469630,0
TXN0004002,CUST00749,2023-02-04,454739,atm_withdrawal,branch,MCC5329,274277,0
TXN0004003,CUST00526,2023-11-18,134652,transfer,atm,MCC5774,618025,0
TXN0004004,CUST00448,2023-09-16,277645,credit,atm,MCC2728,1514479,0
TXN0004005,CUST00699,2023-12-02,153093,credit,pos,MCC2932,1735618,1
TXN0004006,CUST00661,2023-10-30,181124,credit,internet_banking,MCC3177,1459705,0
TXN0004007,CUST00914,2023-08-14,75417,atm_withdrawal,branch,MCC6795,1235360,0
TXN0004008,CUST00366,2023-04-23,396809,emi_payment,branch,MCC9817,1496115,0
TXN0004009,CUST00755,2023-08-27,351885,atm_withdrawal,mobile_app,MCC9241,594028,0
TXN0004010,CUST00228,2023-07-26,356391,emi_payment,mobile_app,MCC2021,127515,0
TXN0004011,CUST00938,2023-12-04,71188,transfer,atm,MCC7115,1128428,0
TXN0004012,CUST00084,2023-03-26,58934,emi_payment,internet_banking,MCC7818,1118850,0
TXN0004013,CUST00751,2023-01-10,391067,emi_payment,atm,MCC1365,1606497,0
TXN0004014,CUST00102,2023-02-16,332884,emi_payment,pos,MCC6736,481699,0
TXN0004015,CUST00881,2023-03-05,14980,credit,internet_banking,MCC4999,1778090,0
TXN0004016,CUST00960,2023-08-31,332361,credit,atm,MCC2755,991615,0
TXN0004017,CUST00818,2023-02-23,490024,debit,internet_banking,MCC8106,884269,0
TXN0004018,CUST00789,2023-02-18,375985,credit,atm,MCC9417,1978822,0
TXN0004019,CUST00479,2023-05-25,138914,atm_withdrawal,mobile_app,MCC6383,1087013,0
TXN0004020,CUST00245,2023-10-13,158221,atm_withdrawal,internet_banking,MCC2812,180945,0
TXN0004021,CUST00986,2023-06-04,376078,debit,branch,MCC4859,507363,0
TXN0004022,CUST00530,2023-04-10,200698,transfer,branch,MCC5639,1188104,0
TXN0004023,CUST00817,2023-04-14,368381,atm_withdrawal,mobile_app,MCC9119,460583,0
TXN0004024,CUST00715,2023-10-26,480023,emi_payment,pos,MCC8113,329999,0
TXN0004025,CUST00702,2023-06-08,202801,emi_payment,mobile_app,MCC7035,593389,0
TXN0004026,CUST00353,2023-05-15,286771,transfer,pos,MCC7871,1020101,0
TXN0004027,CUST00427,2023-10-10,244931,credit,internet_banking,MCC7246,185503,0
TXN0004028,CUST00440,2023-05-15,254301,atm_withdrawal,atm,MCC3877,1041800,0
TXN0004029,CUST00603,2023-05-11,37930,debit,atm,MCC2200,1454431,0
TXN0004030,CUST00719,2023-10-01,493426,atm_withdrawal,branch,MCC8552,912451,1
TXN0004031,CUST00199,2023-04-30,270428,atm_withdrawal,branch,MCC5984,1388130,0
TXN0004032,CUST00228,2023-07-06,114855,credit,mobile_app,MCC9657,1279231,0
TXN0004033,CUST00049,2023-08-31,287004,transfer,pos,MCC7128,992542,0
TXN0004034,CUST00527,2023-03-15,199028,atm_withdrawal,mobile_app,MCC5265,1948385,0
TXN0004035,CUST00669,2023-02-16,410975,transfer,atm,MCC6820,1223381,0
TXN0004036,CUST00211,2023-11-07,379965,credit,mobile_app,MCC6870,1610437,0
TXN0004037,CUST00712,2023-04-19,191137,debit,atm,MCC9832,1281728,0
TXN0004038,CUST00004,2023-05-05,356578,transfer,internet_banking,MCC4280,1917047,0
TXN0004039,CUST00867,2023-08-04,16638,credit,branch,MCC4421,862344,0
TXN0004040,CUST00691,2023-02-07,483353,atm_withdrawal,mobile_app,MCC4186,378905,0
TXN0004041,CUST00684,2023-01-17,255499,atm_withdrawal,internet_banking,MCC1970,363181,0
TXN0004042,CUST00708,2023-06-01,327184,credit,branch,MCC5226,1986458,0
TXN0004043,CUST00359,2023-12-20,322586,credit,atm,MCC5007,1597118,0
TXN0004044,CUST00996,2023-07-29,156616,credit,branch,MCC2774,610327,0
TXN0004045,CUST00747,2023-07-31,344980,transfer,internet_banking,MCC8335,895153,0
TXN0004046,CUST00182,2023-08-11,198886,emi_payment,branch,MCC7203,68331,0
TXN0004047,CUST00923,2023-11-11,340354,debit,internet_banking,MCC3173,1906048,0
TXN0004048,CUST00740,2023-11-01,44947,atm_withdrawal,branch,MCC2490,872472,0
TXN0004049,CUST00311,2023-01-09,73087,emi_payment,branch,MCC6561,769204,0
TXN0004050,CUST00948,2023-07-17,461867,debit,internet_banking,MCC1046,492394,0
TXN0004051,CUST00249,2023-07-19,367966,credit,internet_banking,MCC2359,164546,0
TXN0004052,CUST00645,2023-03-23,64421,emi_payment,branch,MCC4954,1524241,0
TXN0004053,CUST00671,2023-12-22,106954,transfer,branch,MCC9914,445663,0
TXN0004054,CUST00964,2023-04-06,272897,transfer,pos,MCC1687,173882,0
TXN0004055,CUST00571,2023-11-01,3034,debit,branch,MCC5757,1957055,0
TXN0004056,CUST00995,2023-02-06,200757,transfer,branch,MCC6061,1096006,0
TXN0004057,CUST00285,2023-08-08,163350,emi_payment,branch,MCC3266,154257,0
TXN0004058,CUST00802,2023-09-26,67198,emi_payment,pos,MCC5682,578793,0
TXN0004059,CUST00246,2023-07-04,149992,transfer,internet_banking,MCC6707,1107250,0
TXN0004060,CUST01000,2023-02-08,146566,transfer,internet_banking,MCC2235,413466,0
TXN0004061,CUST00764,2023-02-15,33653,credit,internet_banking,MCC9586,1980064,0
TXN0004062,CUST00626,2023-08-10,316821,emi_payment,atm,MCC3213,1751277,0
TXN0004063,CUST00067,2023-11-11,136274,emi_payment,atm,MCC4318,1771417,0
TXN0004064,CUST00498,2023-08-06,15722,emi_payment,branch,MCC1220,1031010,0
TXN0004065,CUST00145,2023-02-06,11149,emi_payment,internet_banking,MCC6341,1976657,0
TXN0004066,CUST00918,2023-10-14,482998,atm_withdrawal,atm,MCC6344,650889,0
TXN0004067,CUST00380,2023-06-17,59226,atm_withdrawal,internet_banking,MCC2045,1110748,0
TXN0004068,CUST00831,2023-01-28,454556,atm_withdrawal,pos,MCC3635,1492235,0
TXN0004069,CUST00907,2023-05-15,83398,credit,atm,MCC7899,1010488,0
TXN0004070,CUST00111,2023-03-16,42392,debit,branch,MCC7416,1706380,0
TXN0004071,CUST00760,2023-12-27,272801,debit,internet_banking,MCC3765,207723,0
TXN0004072,CUST00303,2023-11-28,434189,emi_payment,atm,MCC6667,884175,0
TXN0004073,CUST00109,2023-02-08,35887,atm_withdrawal,atm,MCC7722,1659811,0
TXN0004074,CUST00261,2023-07-28,164352,emi_payment,pos,MCC4361,364248,1
TXN0004075,CUST00550,2023-01-03,376382,emi_payment,atm,MCC2581,770067,1
TXN0004076,CUST00856,2023-06-17,33845,debit,atm,MCC1195,1988675,0
TXN0004077,CUST00692,2023-02-26,84862,transfer,mobile_app,MCC9591,1227047,0
TXN0004078,CUST00234,2023-09-30,153125,emi_payment,mobile_app,MCC3881,717952,0
TXN0004079,CUST00296,2023-01-27,403333,debit,atm,MCC8254,726264,0
TXN0004080,CUST00305,2023-11-26,404462,emi_payment,mobile_app,MCC3923,411008,0
TXN0004081,CUST00737,2023-03-26,354736,credit,pos,MCC7409,1469594,0
TXN0004082,CUST00519,2023-04-06,332949,debit,pos,MCC3994,206618,0
TXN0004083,CUST00024,2023-11-20,13167,emi_payment,branch,MCC6465,416150,0
TXN0004084,CUST00077,2023-11-26,119355,transfer,atm,MCC9580,247707,0
TXN0004085,CUST00076,2023-02-05,460857,transfer,branch,MCC7782,1507702,0
TXN0004086,CUST00962,2023-02-09,359616,transfer,pos,MCC2480,1886085,0
TXN0004087,CUST00505,2023-11-08,120594,emi_payment,mobile_app,MCC5712,174363,0
TXN0004088,CUST00492,2023-12-23,353939,transfer,internet_banking,MCC3430,1893320,1
TXN0004089,CUST00762,2023-06-28,362173,atm_withdrawal,atm,MCC2974,1832712,0
TXN0004090,CUST00191,2023-03-02,371456,atm_withdrawal,atm,MCC8490,1015865,0
TXN0004091,CUST00032,2023-02-25,490053,transfer,internet_banking,MCC9842,74074,0
TXN0004092,CUST00271,2023-04-08,270374,debit,pos,MCC9325,1384270,0
TXN0004093,CUST00209,2023-09-08,30000,credit,branch,MCC8550,1049250,0
TXN0004094,CUST00799,2023-02-05,409490,emi_payment,pos,MCC5214,1665283,0
TXN0004095,CUST00819,2023-08-23,7582,credit,internet_banking,MCC5735,589915,0
TXN0004096,CUST00635,2023-10-21,320716,emi_payment,atm,MCC5859,1114909,0
TXN0004097,CUST00910,2023-02-22,398225,emi_payment,internet_banking,MCC7625,1783700,0
TXN0004098,CUST00465,2023-12-26,62787,transfer,mobile_app,MCC1475,1333962,0
TXN0004099,CUST00241,2023-12-27,398690,debit,atm,MCC8440,1292555,0
TXN0004100,CUST00332,2023-04-19,405146,transfer,atm,MCC8271,1933947,0
TXN0004101,CUST00142,2023-02-10,326972,emi_payment,internet_banking,MCC9955,979149,0
TXN0004102,CUST00901,2023-04-29,161951,debit,atm,MCC6350,345072,0
TXN0004103,CUST00605,2023-04-05,101055,atm_withdrawal,pos,MCC5115,1952374,0
TXN0004104,CUST00773,2023-04-12,352546,debit,internet_banking,MCC5310,277567,0
TXN0004105,CUST00282,2023-12-04,78579,transfer,branch,MCC6581,1102301,0
TXN0004106,CUST00719,2023-02-26,337598,transfer,internet_banking,MCC3722,1506063,0
TXN0004107,CUST00331,2023-04-26,84873,emi_payment,branch,MCC7991,1574143,0
TXN0004108,CUST00447,2023-10-15,168022,credit,pos,MCC4993,1406656,0
TXN0004109,CUST00652,2023-01-21,253310,credit,atm,MCC3535,850745,0
TXN0004110,CUST00982,2023-01-23,80925,atm_withdrawal,mobile_app,MCC7617,371904,0
TXN0004111,CUST00559,2023-04-21,397284,credit,atm,MCC4030,76496,0
TXN0004112,CUST00711,2023-12-20,347509,emi_payment,branch,MCC1726,604829,0
TXN0004113,CUST00595,2023-11-03,8261,credit,mobile_app,MCC5698,1944048,0
TXN0004114,CUST00424,2023-12-05,424526,debit,atm,MCC5560,1370510,0
TXN0004115,CUST00933,2023-11-12,358448,transfer,internet_banking,MCC3622,813888,0
TXN0004116,CUST00961,2023-02-13,419131,credit,pos,MCC1311,988730,0
TXN0004117,CUST00311,2023-05-27,300886,credit,pos,MCC5281,668299,0
TXN0004118,CUST00896,2023-07-13,313289,atm_withdrawal,atm,MCC7949,1786950,0
TXN0004119,CUST00452,2023-03-02,191837,emi_payment,atm,MCC8212,906995,0
TXN0004120,CUST00740,2023-12-29,113780,credit,internet_banking,MCC2898,1674309,0
TXN0004121,CUST00518,2023-08-09,117778,transfer,mobile_app,MCC4872,102088,0
TXN0004122,CUST00767,2023-11-08,158173,emi_payment,mobile_app,MCC9129,974239,0
TXN0004123,CUST00872,2023-04-05,145543,debit,branch,MCC4100,1205959,0
TXN0004124,CUST00424,2023-09-19,377338,debit,internet_banking,MCC5284,1333728,0
TXN0004125,CUST00701,2023-02-08,262216,transfer,pos,MCC7115,47565,0
TXN0004126,CUST00508,2023-01-09,205485,atm_withdrawal,internet_banking,MCC5114,1286922,0
TXN0004127,CUST00800,2023-08-22,362658,atm_withdrawal,internet_banking,MCC8571,1678647,1
TXN0004128,CUST00192,2023-01-25,366275,transfer,pos,MCC4242,184157,0
TXN0004129,CUST00730,2023-04-11,467465,emi_payment,pos,MCC5429,661504,0
TXN0004130,CUST00596,2023-10-17,154794,transfer,internet_banking,MCC5646,851183,0
TXN0004131,CUST00452,2023-07-01,121740,atm_withdrawal,mobile_app,MCC7698,508779,0
TXN0004132,CUST00370,2023-05-18,3258,transfer,mobile_app,MCC4041,879762,0
TXN0004133,CUST00702,2023-04-17,80003,atm_withdrawal,branch,MCC3477,1786185,0
TXN0004134,CUST00348,2023-09-01,301784,credit,pos,MCC4238,1794734,0
TXN0004135,CUST00033,2023-12-15,404628,atm_withdrawal,internet_banking,MCC3091,1202451,0
TXN0004136,CUST00949,2023-09-27,300498,emi_payment,mobile_app,MCC2760,1770561,0
TXN0004137,CUST00448,2023-05-12,495870,emi_payment,internet_banking,MCC8372,1630335,0
TXN0004138,CUST00165,2023-06-04,313814,debit,mobile_app,MCC4106,115270,0
TXN0004139,CUST00226,2023-02-07,441310,atm_withdrawal,branch,MCC3429,773899,0
TXN0004140,CUST00830,2023-02-22,134165,debit,branch,MCC8304,1690337,0
TXN0004141,CUST00332,2023-04-08,162025,atm_withdrawal,atm,MCC8095,884816,0
TXN0004142,CUST00282,2023-05-22,405554,debit,mobile_app,MCC3210,1223364,0
TXN0004143,CUST00488,2023-12-28,330494,atm_withdrawal,branch,MCC3743,824081,0
TXN0004144,CUST00029,2023-11-14,243784,emi_payment,mobile_app,MCC8390,32451,0
TXN0004145,CUST00561,2023-02-11,477875,credit,branch,MCC3500,1129970,0
TXN0004146,CUST00041,2023-05-01,381217,atm_withdrawal,pos,MCC8750,763304,0
TXN0004147,CUST00836,2023-01-21,147769,credit,atm,MCC6558,1547928,0
TXN0004148,CUST00430,2023-01-23,305585,debit,pos,MCC6996,1776180,0
TXN0004149,CUST00219,2023-05-17,198080,debit,mobile_app,MCC5805,209146,0
TXN0004150,CUST00455,2023-12-17,208093,atm_withdrawal,atm,MCC1276,716467,0
TXN0004151,CUST00176,2023-03-09,402537,credit,pos,MCC8419,785382,0
TXN0004152,CUST00321,2023-09-06,339845,atm_withdrawal,atm,MCC6048,1352893,0
TXN0004153,CUST00131,2023-05-24,6262,debit,atm,MCC2555,792403,0
TXN0004154,CUST00669,2023-07-17,287531,debit,mobile_app,MCC8497,1131326,0
TXN0004155,CUST00977,2023-11-14,323545,atm_withdrawal,atm,MCC3640,1816636,0
TXN0004156,CUST00486,2023-10-30,255404,debit,pos,MCC4291,1179720,0
TXN0004157,CUST00099,2023-10-30,150061,emi_payment,internet_banking,MCC6751,196868,0
TXN0004158,CUST00075,2023-05-31,324315,credit,branch,MCC3545,961600,0
TXN0004159,CUST00833,2023-01-18,473844,transfer,branch,MCC1058,1773050,0
TXN0004160,CUST00349,2023-12-26,43060,debit,mobile_app,MCC3892,964683,0
TXN0004161,CUST00297,2023-12-29,301490,credit,mobile_app,MCC7147,1965830,0
TXN0004162,CUST00102,2023-11-10,455139,emi_payment,internet_banking,MCC4807,1805290,0
TXN0004163,CUST00664,2023-06-24,200311,transfer,mobile_app,MCC7410,527991,0
TXN0004164,CUST00063,2023-04-13,167607,transfer,branch,MCC1631,827632,0
TXN0004165,CUST00905,2023-03-05,123880,atm_withdrawal,mobile_app,MCC3317,370211,0
TXN0004166,CUST00209,2023-05-16,112424,transfer,mobile_app,MCC3138,382824,0
TXN0004167,CUST00070,2023-05-03,195612,atm_withdrawal,atm,MCC1576,735521,0
TXN0004168,CUST00701,2023-04-11,385920,emi_payment,internet_banking,MCC6821,839461,0
TXN0004169,CUST00355,2023-12-13,90967,transfer,internet_banking,MCC2892,700855,0
TXN0004170,CUST00697,2023-08-29,115687,credit,internet_banking,MCC5251,1465825,0
TXN0004171,CUST00040,2023-03-23,499397,credit,branch,MCC9913,303924,0
TXN0004172,CUST00862,2023-08-22,497885,atm_withdrawal,branch,MCC3225,950484,0
TXN0004173,CUST00310,2023-09-15,113531,credit,mobile_app,MCC2752,1777374,0
TXN0004174,CUST00757,2023-07-10,210304,emi_payment,mobile_app,MCC9376,1464193,0
TXN0004175,CUST00936,2023-12-12,201829,debit,branch,MCC4216,408866,0
TXN0004176,CUST00536,2023-12-19,148382,credit,branch,MCC3659,479567,0
TXN0004177,CUST00335,2023-06-07,76510,atm_withdrawal,atm,MCC7475,1852095,0
TXN0004178,CUST00313,2023-06-22,31126,transfer,mobile_app,MCC2163,1165522,0
TXN0004179,CUST00687,2023-03-21,306934,atm_withdrawal,mobile_app,MCC4403,1759525,0
TXN0004180,CUST00006,2023-10-14,20997,credit,branch,MCC2793,1728651,0
TXN0004181,CUST00147,2023-12-06,310522,emi_payment,pos,MCC9025,882972,0
TXN0004182,CUST00648,2023-08-29,47660,atm_withdrawal,internet_banking,MCC3668,1058599,0
TXN0004183,CUST00026,2023-03-15,77278,atm_withdrawal,mobile_app,MCC6101,736658,0
TXN0004184,CUST00290,2023-07-09,2615,transfer,branch,MCC5702,1273638,0
TXN0004185,CUST00648,2023-10-18,198973,emi_payment,branch,MCC5434,1299443,0
TXN0004186,CUST00251,2023-01-16,163612,atm_withdrawal,atm,MCC1596,1357613,0
TXN0004187,CUST00931,2023-08-04,166197,atm_withdrawal,mobile_app,MCC3363,1721859,0
TXN0004188,CUST00975,2023-08-28,155296,atm_withdrawal,atm,MCC8693,1479359,0
TXN0004189,CUST00034,2023-07-15,469155,debit,internet_banking,MCC5932,203523,0
TXN0004190,CUST00175,2023-08-23,215102,transfer,mobile_app,MCC8896,700579,0
TXN0004191,CUST00908,2023-11-23,404636,emi_payment,pos,MCC6034,1139944,0
TXN0004192,CUST00033,2023-02-15,116538,emi_payment,branch,MCC3864,1253693,0
TXN0004193,CUST00487,2023-07-28,241634,debit,internet_banking,MCC4108,1728675,0
TXN0004194,CUST00950,2023-10-18,31464,transfer,pos,MCC7977,832336,0
TXN0004195,CUST00589,2023-10-28,129374,debit,atm,MCC3139,1643445,1
TXN0004196,CUST00307,2023-06-20,35674,debit,internet_banking,MCC6396,781917,0
TXN0004197,CUST00007,2023-12-31,10449,debit,pos,MCC9420,292195,0
TXN0004198,CUST00394,2023-04-29,91154,atm_withdrawal,branch,MCC8608,950403,0
TXN0004199,CUST00542,2023-06-10,79564,credit,internet_banking,MCC4485,298384,0
TXN0004200,CUST00081,2023-10-28,158363,transfer,branch,MCC3492,815628,0
TXN0004201,CUST00529,2023-06-10,371833,credit,mobile_app,MCC6593,484781,0
TXN0004202,CUST00405,2023-05-06,74081,atm_withdrawal,pos,MCC6491,51737,0
TXN0004203,CUST00326,2023-07-22,305374,atm_withdrawal,internet_banking,MCC7501,1327069,0
TXN0004204,CUST00973,2023-08-15,182622,emi_payment,branch,MCC1654,1483990,0
TXN0004205,CUST00894,2023-12-21,201432,atm_withdrawal,mobile_app,MCC5858,263731,0
TXN0004206,CUST00695,2023-08-14,461117,debit,pos,MCC1085,1168677,0
TXN0004207,CUST00591,2023-03-09,232493,atm_withdrawal,internet_banking,MCC9917,1004229,0
TXN0004208,CUST00474,2023-01-20,130875,transfer,atm,MCC8871,275159,0
TXN0004209,CUST00071,2023-12-20,119103,transfer,internet_banking,MCC7657,1216714,1
TXN0004210,CUST00308,2023-06-04,84282,debit,branch,MCC3650,522615,0
TXN0004211,CUST00011,2023-03-15,401023,atm_withdrawal,branch,MCC7716,1644006,0
TXN0004212,CUST00367,2023-03-23,332421,debit,internet_banking,MCC5008,1222069,0
TXN0004213,CUST00474,2023-02-08,133940,atm_withdrawal,branch,MCC6839,223155,0
TXN0004214,CUST00612,2023-03-14,245491,emi_payment,branch,MCC3085,1036033,0
TXN0004215,CUST00355,2023-10-12,252762,emi_payment,internet_banking,MCC5271,233520,0
TXN0004216,CUST00255,2023-08-28,23722,debit,mobile_app,MCC8890,1446842,0
TXN0004217,CUST00711,2023-08-07,454350,emi_payment,mobile_app,MCC2708,594858,0
TXN0004218,CUST00152,2023-01-05,393924,atm_withdrawal,branch,MCC4460,978463,0
TXN0004219,CUST00126,2023-09-03,267754,credit,internet_banking,MCC3624,1392085,0
TXN0004220,CUST00697,2023-12-20,357699,transfer,internet_banking,MCC2611,1689271,0
TXN0004221,CUST00586,2023-12-03,54660,debit,atm,MCC4574,1024557,0
TXN0004222,CUST00870,2023-05-25,488651,transfer,atm,MCC6471,154910,0
TXN0004223,CUST00739,2023-08-08,320223,emi_payment,pos,MCC1492,517516,0
TXN0004224,CUST00902,2023-04-20,469159,credit,atm,MCC2848,1226376,0
TXN0004225,CUST00665,2023-11-21,432127,emi_payment,branch,MCC8353,83812,0
TXN0004226,CUST00842,2023-12-02,292165,debit,pos,MCC3345,743101,0
TXN0004227,CUST00170,2023-03-23,144244,emi_payment,pos,MCC4021,646831,0
TXN0004228,CUST00531,2023-06-27,343042,transfer,internet_banking,MCC7054,613685,0
TXN0004229,CUST00945,2023-03-28,256174,credit,mobile_app,MCC7716,1907542,0
TXN0004230,CUST00789,2023-08-13,204812,credit,pos,MCC9632,1887283,0
TXN0004231,CUST00404,2023-04-17,355722,credit,pos,MCC2429,1794507,0
TXN0004232,CUST00927,2023-09-11,444244,emi_payment,pos,MCC7792,1727614,0
TXN0004233,CUST00313,2023-12-25,85772,emi_payment,branch,MCC7513,1787031,1
TXN0004234,CUST00024,2023-11-15,276449,transfer,pos,MCC2117,367432,0
TXN0004235,CUST00797,2023-03-08,389244,debit,atm,MCC8888,786861,0
TXN0004236,CUST00413,2023-02-17,162843,credit,atm,MCC3812,114874,0
TXN0004237,CUST00035,2023-10-25,171018,atm_withdrawal,atm,MCC4807,1594389,0
TXN0004238,CUST00205,2023-01-30,4844,transfer,internet_banking,MCC8166,1734509,0
TXN0004239,CUST00072,2023-05-27,161617,transfer,atm,MCC5715,57924,0
TXN0004240,CUST00997,2023-12-29,293266,credit,pos,MCC3476,338593,0
TXN0004241,CUST00848,2023-06-13,485761,atm_withdrawal,pos,MCC3897,337713,0
TXN0004242,CUST00930,2023-01-04,262764,credit,branch,MCC7659,1856500,0
TXN0004243,CUST00183,2023-12-22,145472,emi_payment,mobile_app,MCC2649,1580724,0
TXN0004244,CUST00803,2023-09-16,405957,emi_payment,atm,MCC5245,554639,0
TXN0004245,CUST00564,2023-05-01,93933,credit,internet_banking,MCC7726,91341,0
TXN0004246,CUST00296,2023-08-12,93583,debit,internet_banking,MCC8958,823307,0
TXN0004247,CUST00669,2023-08-12,260681,credit,mobile_app,MCC8433,1168867,0
TXN0004248,CUST00953,2023-07-21,407719,credit,mobile_app,MCC4231,89967,0
TXN0004249,CUST00461,2023-12-17,106306,emi_payment,branch,MCC2788,937762,0
TXN0004250,CUST00030,2023-10-14,7740,transfer,internet_banking,MCC9410,1075062,0
TXN0004251,CUST00843,2023-04-05,361850,transfer,internet_banking,MCC6376,1962339,0
TXN0004252,CUST00189,2023-12-29,293697,transfer,branch,MCC4666,377471,0
TXN0004253,CUST00183,2023-12-18,342948,atm_withdrawal,branch,MCC9116,366862,0
TXN0004254,CUST00617,2023-01-18,198486,atm_withdrawal,branch,MCC7535,862151,0
TXN0004255,CUST00799,2023-04-19,59309,debit,branch,MCC5288,639083,0
TXN0004256,CUST00794,2023-08-13,165827,atm_withdrawal,pos,MCC2756,1838811,0
TXN0004257,CUST00868,2023-11-17,234930,credit,internet_banking,MCC1734,1574116,0
TXN0004258,CUST00884,2023-09-19,216704,emi_payment,mobile_app,MCC5776,505145,0
TXN0004259,CUST00129,2023-07-29,444537,atm_withdrawal,pos,MCC2029,669774,0
TXN0004260,CUST00301,2023-04-22,111873,transfer,mobile_app,MCC3790,1269837,0
TXN0004261,CUST00721,2023-02-05,155986,emi_payment,atm,MCC7131,1743098,0
TXN0004262,CUST00391,2023-11-22,91794,transfer,internet_banking,MCC1114,403979,0
TXN0004263,CUST00716,2023-07-14,285388,debit,pos,MCC9903,592187,0
TXN0004264,CUST00455,2023-06-16,402572,debit,mobile_app,MCC4935,1219693,0
TXN0004265,CUST00452,2023-12-24,441601,credit,mobile_app,MCC8830,1719676,0
TXN0004266,CUST00027,2023-03-02,113956,atm_withdrawal,branch,MCC2552,578308,0
TXN0004267,CUST00609,2023-04-03,214948,credit,branch,MCC5146,934994,0
TXN0004268,CUST00864,2023-11-08,368512,transfer,atm,MCC9626,1363127,0
TXN0004269,CUST00819,2023-04-14,23025,transfer,atm,MCC6690,850578,0
TXN0004270,CUST00338,2023-12-11,355709,credit,pos,MCC8276,1541245,0
TXN0004271,CUST00677,2023-11-10,67276,transfer,atm,MCC7164,1030092,1
TXN0004272,CUST00200,2023-02-06,16796,emi_payment,internet_banking,MCC7654,1761352,0
TXN0004273,CUST00634,2023-06-17,56627,atm_withdrawal,mobile_app,MCC4278,1214787,0
TXN0004274,CUST00410,2023-10-02,440548,emi_payment,internet_banking,MCC5079,1837190,0
TXN0004275,CUST00927,2023-06-28,340478,atm_withdrawal,pos,MCC1445,1719329,0
TXN0004276,CUST00711,2023-03-20,394698,transfer,atm,MCC3331,482603,0
TXN0004277,CUST00074,2023-01-17,345086,emi_payment,atm,MCC1580,1794629,0
TXN0004278,CUST00871,2023-01-03,398054,debit,internet_banking,MCC3918,257987,0
TXN0004279,CUST00725,2023-03-07,248324,debit,branch,MCC7531,565504,0
TXN0004280,CUST00216,2023-04-06,404614,atm_withdrawal,atm,MCC2839,97034,0
TXN0004281,CUST00283,2023-04-21,28392,emi_payment,pos,MCC5306,208453,0
TXN0004282,CUST00173,2023-11-09,291318,debit,branch,MCC5966,1440715,0
TXN0004283,CUST00311,2023-07-05,377558,transfer,mobile_app,MCC2474,222214,0
TXN0004284,CUST00944,2023-02-21,496691,atm_withdrawal,pos,MCC8300,373784,0
TXN0004285,CUST00903,2023-01-31,179597,debit,pos,MCC7940,816612,0
TXN0004286,CUST00551,2023-02-17,89658,transfer,mobile_app,MCC2686,1600333,0
TXN0004287,CUST00363,2023-04-25,360131,atm_withdrawal,internet_banking,MCC1325,1621758,0
TXN0004288,CUST00366,2023-09-27,36260,atm_withdrawal,pos,MCC1040,1929636,0
TXN0004289,CUST00957,2023-01-19,388322,credit,pos,MCC3636,110276,0
TXN0004290,CUST00200,2023-05-29,352113,atm_withdrawal,pos,MCC2130,295929,0
TXN0004291,CUST00758,2023-06-13,345561,emi_payment,pos,MCC1156,797703,0
TXN0004292,CUST00996,2023-02-24,147039,transfer,mobile_app,MCC5147,566661,0
TXN0004293,CUST00856,2023-01-22,60198,emi_payment,mobile_app,MCC5724,194363,0
TXN0004294,CUST00720,2023-03-25,304155,atm_withdrawal,branch,MCC1167,1048129,0
TXN0004295,CUST00900,2023-02-25,181453,credit,atm,MCC6387,937583,0
TXN0004296,CUST00218,2023-10-18,195911,debit,branch,MCC4629,861098,0
TXN0004297,CUST00984,2023-12-01,93946,emi_payment,internet_banking,MCC2802,45113,0
TXN0004298,CUST00092,2023-08-16,166828,debit,internet_banking,MCC2000,851883,0
TXN0004299,CUST00014,2023-10-04,415996,emi_payment,atm,MCC7831,916359,0
TXN0004300,CUST00200,2023-10-05,446634,credit,pos,MCC1969,434211,0
TXN0004301,CUST00609,2023-11-17,174553,emi_payment,pos,MCC2804,1589795,0
TXN0004302,CUST00248,2023-02-05,71107,emi_payment,mobile_app,MCC7412,1778430,0
TXN0004303,CUST00634,2023-12-30,17037,debit,mobile_app,MCC6666,1857820,0
TXN0004304,CUST00112,2023-06-17,94573,debit,internet_banking,MCC9994,1363178,1
TXN0004305,CUST00698,2023-07-18,4971,emi_payment,atm,MCC1363,1352015,0
TXN0004306,CUST00230,2023-10-18,333953,transfer,mobile_app,MCC2750,307736,0
TXN0004307,CUST00524,2023-06-30,321391,debit,atm,MCC6953,788226,0
TXN0004308,CUST00117,2023-04-08,391322,atm_withdrawal,branch,MCC3066,8878,0
TXN0004309,CUST00971,2023-01-07,166312,credit,atm,MCC4428,1118722,1
TXN0004310,CUST00378,2023-03-03,416124,atm_withdrawal,pos,MCC3667,1525365,1
TXN0004311,CUST00605,2023-01-31,84907,debit,branch,MCC8274,1338060,0
TXN0004312,CUST00487,2023-05-20,115651,credit,atm,MCC8065,31715,0
TXN0004313,CUST00596,2023-10-12,457994,transfer,branch,MCC8251,1112771,0
TXN0004314,CUST00456,2023-05-02,441068,transfer,atm,MCC5552,1760833,0
TXN0004315,CUST00074,2023-08-07,299438,emi_payment,internet_banking,MCC5389,204084,0
TXN0004316,CUST00830,2023-03-09,304814,debit,mobile_app,MCC6135,1058852,0
TXN0004317,CUST00643,2023-08-04,350351,credit,mobile_app,MCC1605,500541,1
TXN0004318,CUST00254,2023-12-15,411626,credit,atm,MCC5918,1860171,0
TXN0004319,CUST00085,2023-04-26,115724,transfer,atm,MCC3489,1101343,0
TXN0004320,CUST00888,2023-06-26,34354,atm_withdrawal,branch,MCC9435,1543713,0
TXN0004321,CUST00333,2023-12-18,92592,transfer,atm,MCC2657,1049003,0
TXN0004322,CUST00909,2023-08-10,178511,atm_withdrawal,branch,MCC1313,1788687,0
TXN0004323,CUST00766,2023-05-26,117913,credit,internet_banking,MCC9669,574855,0
TXN0004324,CUST00960,2023-02-14,262479,credit,branch,MCC2421,1487635,0
TXN0004325,CUST00660,2023-12-09,69148,debit,internet_banking,MCC5656,858658,0
TXN0004326,CUST00181,2023-08-11,288520,credit,pos,MCC4438,1153233,0
TXN0004327,CUST00036,2023-01-21,355260,credit,atm,MCC3423,1371883,0
TXN0004328,CUST00246,2023-07-22,49625,credit,atm,MCC5391,346120,1
TXN0004329,CUST00440,2023-12-20,143627,emi_payment,atm,MCC7591,1735893,0
TXN0004330,CUST00624,2023-12-07,269375,transfer,atm,MCC2025,1455293,0
TXN0004331,CUST00896,2023-03-13,33209,emi_payment,atm,MCC6953,818544,0
TXN0004332,CUST00141,2023-05-31,332776,debit,branch,MCC9037,1184614,0
TXN0004333,CUST00635,2023-12-27,376816,atm_withdrawal,pos,MCC3611,1327078,0
TXN0004334,CUST00086,2023-10-13,180861,debit,mobile_app,MCC7100,909316,0
TXN0004335,CUST00482,2023-07-24,4631,debit,atm,MCC9282,1270051,0
TXN0004336,CUST00074,2023-04-22,250419,transfer,branch,MCC9389,1117182,0
TXN0004337,CUST00374,2023-10-06,434505,emi_payment,mobile_app,MCC6830,1558834,0
TXN0004338,CUST00607,2023-07-31,146353,credit,atm,MCC9466,464512,0
TXN0004339,CUST00739,2023-07-11,424658,debit,mobile_app,MCC7994,8308,0
TXN0004340,CUST00805,2023-12-05,435263,atm_withdrawal,atm,MCC5612,808854,1
TXN0004341,CUST00525,2023-05-18,140471,atm_withdrawal,branch,MCC2132,1649139,0
TXN0004342,CUST00259,2023-08-17,299643,emi_payment,atm,MCC8676,248395,0
TXN0004343,CUST00914,2023-01-16,21182,credit,atm,MCC3579,1722348,0
TXN0004344,CUST00934,2023-09-17,275681,transfer,internet_banking,MCC7630,819539,0
TXN0004345,CUST00968,2023-07-19,439766,emi_payment,atm,MCC6803,417239,0
TXN0004346,CUST00792,2023-11-16,472184,transfer,internet_banking,MCC4244,933864,0
TXN0004347,CUST00778,2023-05-02,99889,debit,atm,MCC7971,1623278,0
TXN0004348,CUST00078,2023-12-04,332499,atm_withdrawal,mobile_app,MCC6915,1715544,0
TXN0004349,CUST00573,2023-07-30,33099,atm_withdrawal,mobile_app,MCC7708,1226124,0
TXN0004350,CUST00408,2023-03-18,139983,debit,atm,MCC9573,1054359,0
TXN0004351,CUST00259,2023-02-28,417638,emi_payment,mobile_app,MCC3473,1613151,0
TXN0004352,CUST00069,2023-03-13,320912,atm_withdrawal,pos,MCC7875,1817737,0
TXN0004353,CUST00214,2023-04-21,196090,transfer,mobile_app,MCC1357,1590856,0
TXN0004354,CUST00916,2023-07-20,480815,debit,branch,MCC7383,1935835,0
TXN0004355,CUST00909,2023-11-13,379296,emi_payment,pos,MCC2399,1662362,0
TXN0004356,CUST00743,2023-12-30,11876,atm_withdrawal,atm,MCC2996,97975,0
TXN0004357,CUST00102,2023-09-05,40055,credit,atm,MCC2760,39347,1
TXN0004358,CUST00687,2023-06-28,313332,debit,atm,MCC8479,1194286,0
TXN0004359,CUST00127,2023-08-12,438381,credit,atm,MCC4364,1914260,0
TXN0004360,CUST00683,2023-05-01,78501,atm_withdrawal,mobile_app,MCC4506,598467,0
TXN0004361,CUST00034,2023-03-31,269192,transfer,internet_banking,MCC4251,1932455,0
TXN0004362,CUST00286,2023-07-16,408248,debit,mobile_app,MCC6616,1702651,0
TXN0004363,CUST00123,2023-10-30,431184,transfer,internet_banking,MCC9242,281580,0
TXN0004364,CUST00934,2023-01-24,320378,atm_withdrawal,internet_banking,MCC7098,988155,0
TXN0004365,CUST00569,2023-02-10,499954,debit,atm,MCC1911,442334,0
TXN0004366,CUST00923,2023-03-06,468501,transfer,pos,MCC5636,156170,0
TXN0004367,CUST00021,2023-03-18,417046,credit,branch,MCC1968,1381723,0
TXN0004368,CUST00740,2023-02-24,334821,debit,mobile_app,MCC2490,430013,0
TXN0004369,CUST00480,2023-02-17,492702,transfer,atm,MCC2769,1119443,0
TXN0004370,CUST00469,2023-01-11,8707,emi_payment,branch,MCC7276,1347776,0
TXN0004371,CUST00874,2023-05-08,44819,emi_payment,atm,MCC8878,864083,0
TXN0004372,CUST00048,2023-09-21,255225,debit,internet_banking,MCC3224,159230,0
TXN0004373,CUST00945,2023-02-27,335550,debit,branch,MCC9478,138248,0
TXN0004374,CUST00029,2023-04-29,451843,transfer,atm,MCC3388,758156,0
TXN0004375,CUST00363,2023-12-22,339237,credit,atm,MCC3764,85302,0
TXN0004376,CUST00139,2023-03-03,116228,credit,internet_banking,MCC2140,1743243,0
TXN0004377,CUST00524,2023-12-27,454310,transfer,branch,MCC1420,332506,0
TXN0004378,CUST00596,2023-07-06,41539,emi_payment,pos,MCC6578,58402,0
TXN0004379,CUST00643,2023-09-22,47558,transfer,mobile_app,MCC4666,280037,0
TXN0004380,CUST00799,2023-04-29,359971,atm_withdrawal,internet_banking,MCC2056,1392400,0
TXN0004381,CUST00751,2023-04-29,481677,debit,branch,MCC6081,1177400,0
TXN0004382,CUST00949,2023-05-24,251304,transfer,pos,MCC4106,1350968,0
TXN0004383,CUST00450,2023-02-16,67494,transfer,pos,MCC4535,693829,0
TXN0004384,CUST00176,2023-04-26,23892,emi_payment,branch,MCC9004,641473,0
TXN0004385,CUST00156,2023-11-23,489784,transfer,branch,MCC4631,1343310,0
TXN0004386,CUST00276,2023-01-02,140029,atm_withdrawal,branch,MCC5077,225433,0
TXN0004387,CUST00603,2023-07-28,319697,atm_withdrawal,branch,MCC7184,788563,0
TXN0004388,CUST00055,2023-09-09,163441,emi_payment,atm,MCC9049,204814,0
TXN0004389,CUST00955,2023-02-21,107351,credit,branch,MCC7643,848009,0
TXN0004390,CUST00990,2023-02-10,333963,credit,branch,MCC5433,1938456,0
TXN0004391,CUST00165,2023-07-21,369587,transfer,pos,MCC3750,1700328,0
TXN0004392,CUST00781,2023-03-21,235852,transfer,mobile_app,MCC2609,1353832,0
TXN0004393,CUST00597,2023-12-23,253759,debit,pos,MCC2112,1314675,0
TXN0004394,CUST00481,2023-03-11,243646,credit,atm,MCC7829,751982,0
TXN0004395,CUST00735,2023-02-17,295700,atm_withdrawal,branch,MCC7631,1410627,0
TXN0004396,CUST00576,2023-05-01,403321,transfer,branch,MCC4180,1667090,0
TXN0004397,CUST00324,2023-05-02,355526,atm_withdrawal,branch,MCC9447,1118442,0
TXN0004398,CUST00563,2023-02-28,139280,credit,branch,MCC9696,206672,0
TXN0004399,CUST00136,2023-08-31,123581,atm_withdrawal,internet_banking,MCC6586,1388437,0
TXN0004400,CUST00255,2023-05-07,336319,atm_withdrawal,atm,MCC3358,253855,0
TXN0004401,CUST00973,2023-07-12,322673,credit,internet_banking,MCC5558,647665,0
TXN0004402,CUST00186,2023-03-30,183841,emi_payment,atm,MCC8398,395125,0
TXN0004403,CUST00599,2023-02-05,419331,atm_withdrawal,branch,MCC5561,100394,0
TXN0004404,CUST00297,2023-01-23,209243,emi_payment,internet_banking,MCC5444,1527124,0
TXN0004405,CUST00465,2023-01-20,168015,atm_withdrawal,pos,MCC5793,1290321,0
TXN0004406,CUST00248,2023-11-14,277995,debit,internet_banking,MCC8578,817791,0
TXN0004407,CUST00569,2023-04-07,96451,debit,atm,MCC4695,762982,0
TXN0004408,CUST00558,2023-04-22,347853,debit,internet_banking,MCC2647,1285152,0
TXN0004409,CUST00618,2023-07-31,448510,credit,internet_banking,MCC5623,1062932,0
TXN0004410,CUST00309,2023-02-04,472603,emi_payment,branch,MCC6702,464902,0
TXN0004411,CUST00579,2023-08-08,223416,atm_withdrawal,pos,MCC9411,960930,0
TXN0004412,CUST00729,2023-07-10,134578,transfer,internet_banking,MCC2018,1554596,0
TXN0004413,CUST00720,2023-10-16,239577,transfer,mobile_app,MCC9483,1104504,0
TXN0004414,CUST00568,2023-02-14,51962,atm_withdrawal,mobile_app,MCC8248,1603330,0
TXN0004415,CUST00300,2023-01-07,333930,transfer,branch,MCC7393,1016361,0
TXN0004416,CUST00533,2023-10-10,214453,transfer,atm,MCC3120,826515,0
TXN0004417,CUST00537,2023-05-16,61027,debit,atm,MCC2857,1484568,0
TXN0004418,CUST00952,2023-01-23,273403,credit,internet_banking,MCC4847,418564,0
TXN0004419,CUST00378,2023-07-23,359326,emi_payment,pos,MCC2642,1253569,0
TXN0004420,CUST00323,2023-06-19,114079,emi_payment,mobile_app,MCC6903,1260100,0
TXN0004421,CUST00750,2023-12-14,202468,transfer,branch,MCC7769,553970,0
TXN0004422,CUST00636,2023-12-11,445258,emi_payment,pos,MCC5303,512270,0
TXN0004423,CUST00428,2023-07-16,354974,emi_payment,pos,MCC7224,167343,0
TXN0004424,CUST00001,2023-02-28,399443,debit,atm,MCC8009,296586,0
TXN0004425,CUST00705,2023-09-30,224853,atm_withdrawal,internet_banking,MCC9214,190957,0
TXN0004426,CUST00737,2023-03-15,246882,emi_payment,atm,MCC7192,1231595,0
TXN0004427,CUST00931,2023-11-02,248544,credit,internet_banking,MCC3103,243285,0
TXN0004428,CUST00503,2023-08-08,225086,credit,internet_banking,MCC2173,1025817,0
TXN0004429,CUST00516,2023-05-10,72211,atm_withdrawal,branch,MCC9462,222857,0
TXN0004430,CUST00209,2023-12-24,20466,credit,atm,MCC7960,1566914,0
TXN0004431,CUST00460,2023-07-07,416160,debit,internet_banking,MCC8643,1355200,0
TXN0004432,CUST00002,2023-05-21,268491,debit,pos,MCC4810,584618,0
TXN0004433,CUST00501,2023-03-10,266340,credit,pos,MCC2417,1470627,0
TXN0004434,CUST00707,2023-08-25,297913,emi_payment,internet_banking,MCC6379,450604,0
TXN0004435,CUST00786,2023-04-09,206304,transfer,internet_banking,MCC6756,1270552,0
TXN0004436,CUST00663,2023-02-25,445826,emi_payment,mobile_app,MCC2948,1281045,0
TXN0004437,CUST00806,2023-02-13,235052,credit,branch,MCC5228,872728,0
TXN0004438,CUST00666,2023-08-23,250598,credit,mobile_app,MCC4807,1402120,0
TXN0004439,CUST00780,2023-12-03,265713,transfer,pos,MCC3336,1895776,0
TXN0004440,CUST00438,2023-04-03,78772,emi_payment,pos,MCC8353,826727,0
TXN0004441,CUST00603,2023-03-21,86775,transfer,pos,MCC5371,566810,0
TXN0004442,CUST00640,2023-08-12,90110,emi_payment,internet_banking,MCC9335,884719,0
TXN0004443,CUST00573,2023-02-22,127114,debit,atm,MCC1012,1135900,0
TXN0004444,CUST00572,2023-02-02,80017,transfer,branch,MCC9447,247089,0
TXN0004445,CUST00782,2023-08-21,112134,transfer,internet_banking,MCC6954,1919820,0
TXN0004446,CUST00239,2023-07-11,469273,debit,branch,MCC7300,938838,0
TXN0004447,CUST00317,2023-01-11,180402,credit,mobile_app,MCC3589,1927836,0
TXN0004448,CUST00519,2023-03-28,396715,credit,pos,MCC1710,1922656,0
TXN0004449,CUST00646,2023-03-14,196678,transfer,mobile_app,MCC3082,127658,0
TXN0004450,CUST00515,2023-09-06,412400,debit,internet_banking,MCC4983,227395,0
TXN0004451,CUST00200,2023-08-31,376575,credit,internet_banking,MCC4041,362925,0
TXN0004452,CUST00824,2023-09-30,420232,atm_withdrawal,branch,MCC2737,1135935,0
TXN0004453,CUST00546,2023-02-06,144260,debit,atm,MCC1113,707371,0
TXN0004454,CUST00434,2023-11-06,47907,atm_withdrawal,pos,MCC7277,36781,0
TXN0004455,CUST00879,2023-03-18,154128,transfer,internet_banking,MCC7001,1128566,0
TXN0004456,CUST00437,2023-12-29,351118,debit,internet_banking,MCC2452,650747,0
TXN0004457,CUST00162,2023-11-15,327160,transfer,mobile_app,MCC8047,1686816,0
TXN0004458,CUST00985,2023-06-17,352197,transfer,branch,MCC9797,1522288,0
TXN0004459,CUST00383,2023-10-14,496707,credit,pos,MCC9997,1689322,0
TXN0004460,CUST00895,2023-09-02,112488,credit,mobile_app,MCC2750,1134322,0
TXN0004461,CUST00517,2023-10-10,222143,emi_payment,pos,MCC4844,1391624,0
TXN0004462,CUST00243,2023-01-07,245383,debit,internet_banking,MCC1474,162264,0
TXN0004463,CUST00377,2023-01-31,74714,atm_withdrawal,pos,MCC1110,1519449,0
TXN0004464,CUST00911,2023-11-27,331249,credit,mobile_app,MCC8591,903662,0
TXN0004465,CUST00945,2023-10-13,24552,credit,pos,MCC9711,8790,0
TXN0004466,CUST00138,2023-08-13,448678,debit,internet_banking,MCC2820,158151,0
TXN0004467,CUST00988,2023-04-25,44276,atm_withdrawal,internet_banking,MCC5172,616456,0
TXN0004468,CUST00854,2023-06-03,55301,credit,internet_banking,MCC1216,747058,0
TXN0004469,CUST00648,2023-05-24,86877,atm_withdrawal,mobile_app,MCC8340,417358,0
TXN0004470,CUST00184,2023-06-08,446107,credit,atm,MCC5932,1537908,0
TXN0004471,CUST00587,2023-08-18,430749,debit,mobile_app,MCC3628,893836,0
TXN0004472,CUST00426,2023-10-04,461215,transfer,branch,MCC9722,516499,0
TXN0004473,CUST00125,2023-05-21,416639,transfer,pos,MCC2223,1347428,0
TXN0004474,CUST00984,2023-11-01,461812,transfer,branch,MCC3407,906778,0
TXN0004475,CUST00604,2023-02-03,235767,atm_withdrawal,pos,MCC7728,1557579,0
TXN0004476,CUST00098,2023-10-22,2516,transfer,atm,MCC4678,1000678,0
TXN0004477,CUST00342,2023-09-04,219097,emi_payment,atm,MCC7304,1498895,0
TXN0004478,CUST00840,2023-07-06,110577,credit,pos,MCC3134,1706551,0
TXN0004479,CUST00443,2023-05-17,122460,debit,mobile_app,MCC6924,158604,0
TXN0004480,CUST00495,2023-05-16,345653,transfer,internet_banking,MCC6021,243006,0
TXN0004481,CUST00143,2023-05-12,83510,transfer,internet_banking,MCC1423,1461312,0
TXN0004482,CUST00111,2023-12-12,160937,transfer,mobile_app,MCC3904,1100837,1
TXN0004483,CUST00978,2023-01-10,196393,emi_payment,mobile_app,MCC3676,481415,0
TXN0004484,CUST00953,2023-08-20,30635,atm_withdrawal,mobile_app,MCC6321,61579,0
TXN0004485,CUST00096,2023-12-28,350687,debit,pos,MCC4944,1910932,0
TXN0004486,CUST00550,2023-07-18,381494,debit,pos,MCC5301,186674,0
TXN0004487,CUST00682,2023-08-22,279286,credit,branch,MCC2525,925346,0
TXN0004488,CUST00881,2023-08-07,14393,transfer,pos,MCC9359,441445,0
TXN0004489,CUST00560,2023-07-04,393546,debit,internet_banking,MCC7746,791179,0
TXN0004490,CUST00870,2023-08-18,223066,debit,branch,MCC7029,1439428,0
TXN0004491,CUST00121,2023-11-26,133250,transfer,pos,MCC3480,1018258,0
TXN0004492,CUST00015,2023-09-18,473793,credit,mobile_app,MCC7142,82217,0
TXN0004493,CUST00465,2023-11-07,429709,atm_withdrawal,mobile_app,MCC3113,174418,0
TXN0004494,CUST00265,2023-07-21,220172,transfer,branch,MCC5377,1890138,0
TXN0004495,CUST00756,2023-10-10,221691,atm_withdrawal,internet_banking,MCC3413,503838,0
TXN0004496,CUST00337,2023-11-16,455952,emi_payment,atm,MCC3728,855335,0
TXN0004497,CUST00408,2023-03-19,95652,transfer,atm,MCC6843,1570865,0
TXN0004498,CUST00535,2023-11-10,204561,atm_withdrawal,internet_banking,MCC3825,1677303,0
TXN0004499,CUST00962,2023-09-08,285245,atm_withdrawal,mobile_app,MCC7570,568210,0
TXN0004500,CUST00072,2023-06-11,173408,transfer,mobile_app,MCC5535,443751,0
TXN0004501,CUST00553,2023-10-10,157883,atm_withdrawal,branch,MCC9828,874886,0
TXN0004502,CUST00389,2023-03-03,53780,credit,internet_banking,MCC2727,675621,0
TXN0004503,CUST00037,2023-09-12,133439,credit,mobile_app,MCC9502,1402053,0
TXN0004504,CUST00815,2023-07-30,179109,emi_payment,atm,MCC2191,1454031,0
TXN0004505,CUST00914,2023-11-21,418761,emi_payment,pos,MCC5946,520329,0
TXN0004506,CUST00174,2023-08-15,168559,credit,pos,MCC4350,758394,0
TXN0004507,CUST00760,2023-07-11,80666,emi_payment,mobile_app,MCC7769,1461246,0
TXN0004508,CUST00702,2023-07-11,423290,transfer,mobile_app,MCC2174,1014975,0
TXN0004509,CUST00706,2023-07-22,175966,transfer,branch,MCC3292,1102108,0
TXN0004510,CUST00461,2023-11-22,459965,atm_withdrawal,pos,MCC3076,1618504,0
TXN0004511,CUST00321,2023-10-14,54602,debit,branch,MCC9285,1303550,0
TXN0004512,CUST00071,2023-02-03,11062,transfer,branch,MCC5814,1302190,0
TXN0004513,CUST00035,2023-07-14,460866,credit,pos,MCC2477,963212,0
TXN0004514,CUST00178,2023-04-15,49218,transfer,atm,MCC8110,1671752,0
TXN0004515,CUST00528,2023-03-02,4373,debit,pos,MCC3569,45964,0
TXN0004516,CUST00142,2023-11-13,321649,debit,pos,MCC3022,172972,0
TXN0004517,CUST00687,2023-11-09,158699,emi_payment,pos,MCC5448,1352814,0
TXN0004518,CUST00620,2023-12-09,242422,debit,branch,MCC8124,1216140,0
TXN0004519,CUST00345,2023-05-24,204257,transfer,internet_banking,MCC8555,559593,0
TXN0004520,CUST00088,2023-06-05,148509,atm_withdrawal,mobile_app,MCC1139,1202408,0
TXN0004521,CUST00518,2023-10-11,240625,atm_withdrawal,atm,MCC9081,214111,0
TXN0004522,CUST00824,2023-03-12,130027,debit,internet_banking,MCC9972,1214197,0
TXN0004523,CUST00394,2023-01-20,112425,atm_withdrawal,mobile_app,MCC3887,722424,0
TXN0004524,CUST00807,2023-06-03,112414,credit,pos,MCC5651,1177620,0
TXN0004525,CUST00287,2023-08-18,59323,debit,branch,MCC4387,681705,0
TXN0004526,CUST00081,2023-06-16,262772,transfer,branch,MCC5282,1447676,0
TXN0004527,CUST00650,2023-03-19,274300,transfer,atm,MCC6870,223344,0
TXN0004528,CUST00889,2023-07-09,8838,credit,internet_banking,MCC6854,1688072,0
TXN0004529,CUST00884,2023-12-11,229817,transfer,pos,MCC5271,989411,0
TXN0004530,CUST00960,2023-04-11,369468,debit,branch,MCC5276,459195,0
TXN0004531,CUST00108,2023-05-27,739,credit,branch,MCC5396,1924352,0
TXN0004532,CUST00044,2023-04-25,150263,debit,internet_banking,MCC4671,209127,0
TXN0004533,CUST00570,2023-04-18,480501,atm_withdrawal,atm,MCC2108,1074164,0
TXN0004534,CUST00951,2023-08-28,213473,transfer,internet_banking,MCC4338,147950,0
TXN0004535,CUST00998,2023-05-17,8380,transfer,atm,MCC7439,1799074,0
TXN0004536,CUST00280,2023-08-15,263573,transfer,pos,MCC9799,316855,0
TXN0004537,CUST00376,2023-01-08,205461,atm_withdrawal,mobile_app,MCC8313,503650,0
TXN0004538,CUST00665,2023-08-30,105758,emi_payment,branch,MCC8752,1311905,0
TXN0004539,CUST00914,2023-02-08,36802,emi_payment,atm,MCC8047,1769537,0
TXN0004540,CUST00175,2023-05-18,441862,credit,internet_banking,MCC5521,832996,0
TXN0004541,CUST00976,2023-11-15,406439,credit,mobile_app,MCC7137,520542,0
TXN0004542,CUST00818,2023-05-03,341078,atm_withdrawal,branch,MCC8527,698979,0
TXN0004543,CUST00069,2023-09-12,8921,atm_withdrawal,branch,MCC3005,1835043,0
TXN0004544,CUST00842,2023-05-09,435161,credit,pos,MCC2341,1819901,0
TXN0004545,CUST00642,2023-11-26,236699,credit,pos,MCC3396,245025,0
TXN0004546,CUST00979,2023-12-14,237777,credit,mobile_app,MCC5764,1800351,0
TXN0004547,CUST00210,2023-11-28,438860,emi_payment,internet_banking,MCC8075,1681894,0
TXN0004548,CUST00993,2023-05-25,216286,atm_withdrawal,mobile_app,MCC5051,1077783,0
TXN0004549,CUST00048,2023-04-26,118177,atm_withdrawal,pos,MCC9844,511081,0
TXN0004550,CUST00076,2023-08-10,118647,atm_withdrawal,internet_banking,MCC3923,917000,0
TXN0004551,CUST00448,2023-10-26,463439,credit,pos,MCC5157,1550524,0
TXN0004552,CUST00658,2023-07-10,272465,credit,mobile_app,MCC9265,540881,0
TXN0004553,CUST00167,2023-09-27,289495,atm_withdrawal,branch,MCC2536,687835,0
TXN0004554,CUST00274,2023-11-16,296622,credit,mobile_app,MCC8491,919804,0
TXN0004555,CUST00390,2023-10-02,110362,credit,branch,MCC2358,134701,0
TXN0004556,CUST00126,2023-05-15,210019,atm_withdrawal,mobile_app,MCC9162,821838,0
TXN0004557,CUST00176,2023-04-02,475770,transfer,mobile_app,MCC3908,267835,0
TXN0004558,CUST00149,2023-06-08,72776,debit,mobile_app,MCC6716,13903,0
TXN0004559,CUST00955,2023-07-29,475645,atm_withdrawal,atm,MCC7404,774208,0
TXN0004560,CUST00937,2023-11-04,136624,credit,atm,MCC4385,1517153,0
TXN0004561,CUST00629,2023-04-20,147932,credit,branch,MCC5952,1965361,0
TXN0004562,CUST00684,2023-02-28,7224,transfer,mobile_app,MCC7810,877146,0
TXN0004563,CUST00138,2023-04-26,331873,credit,internet_banking,MCC8881,1507774,0
TXN0004564,CUST00051,2023-08-05,159637,atm_withdrawal,internet_banking,MCC1976,445698,0
TXN0004565,CUST00377,2023-03-26,229752,emi_payment,pos,MCC5458,1273121,0
TXN0004566,CUST00985,2023-05-26,290421,transfer,atm,MCC8676,1332523,0
TXN0004567,CUST00478,2023-04-04,317133,credit,mobile_app,MCC6002,664630,0
TXN0004568,CUST00808,2023-12-26,477859,transfer,mobile_app,MCC1258,895336,0
TXN0004569,CUST00370,2023-07-07,277927,credit,internet_banking,MCC2129,1340080,0
TXN0004570,CUST00310,2023-09-21,89030,atm_withdrawal,internet_banking,MCC8363,627460,0
TXN0004571,CUST00813,2023-07-09,351789,emi_payment,branch,MCC4809,1207478,0
TXN0004572,CUST00471,2023-01-04,27826,debit,pos,MCC7334,461621,0
TXN0004573,CUST00732,2023-04-07,421801,transfer,mobile_app,MCC9032,1071143,0
TXN0004574,CUST00727,2023-11-03,148226,emi_payment,branch,MCC1796,118283,0
TXN0004575,CUST00728,2023-07-06,361142,transfer,branch,MCC5095,892915,0
TXN0004576,CUST00677,2023-09-14,78483,debit,atm,MCC2322,1006044,1
TXN0004577,CUST00810,2023-10-06,203407,debit,branch,MCC8579,1654541,0
TXN0004578,CUST00464,2023-07-24,347789,emi_payment,branch,MCC5071,750888,0
TXN0004579,CUST00304,2023-07-30,310714,transfer,internet_banking,MCC8889,12310,0
TXN0004580,CUST00513,2023-03-28,2974,transfer,pos,MCC3698,80658,0
TXN0004581,CUST00325,2023-04-01,17412,credit,internet_banking,MCC2307,1078694,0
TXN0004582,CUST00044,2023-02-24,490435,credit,mobile_app,MCC8804,1624813,0
TXN0004583,CUST00362,2023-04-19,264471,transfer,mobile_app,MCC6518,1780918,0
TXN0004584,CUST00501,2023-08-18,427847,transfer,mobile_app,MCC2735,1616568,0
TXN0004585,CUST00521,2023-12-05,36446,transfer,internet_banking,MCC7247,679916,0
TXN0004586,CUST00341,2023-06-10,245386,atm_withdrawal,pos,MCC4753,980051,0
TXN0004587,CUST00726,2023-08-08,288196,debit,mobile_app,MCC1419,1776465,0
TXN0004588,CUST00286,2023-11-11,460479,transfer,mobile_app,MCC3343,1677800,0
TXN0004589,CUST00648,2023-09-05,355323,credit,branch,MCC7750,907791,0
TXN0004590,CUST00270,2023-04-06,314066,debit,branch,MCC2144,962011,0
TXN0004591,CUST00987,2023-04-13,146798,transfer,branch,MCC4038,138796,0
TXN0004592,CUST00649,2023-08-21,496883,debit,mobile_app,MCC3337,337805,0
TXN0004593,CUST00557,2023-04-16,163893,credit,internet_banking,MCC7595,1058576,0
TXN0004594,CUST00430,2023-04-01,139225,emi_payment,internet_banking,MCC8739,1035196,0
TXN0004595,CUST00756,2023-08-05,361894,credit,atm,MCC8087,1149977,0
TXN0004596,CUST00426,2023-08-21,498453,emi_payment,atm,MCC7438,625133,0
TXN0004597,CUST00804,2023-04-03,428443,credit,pos,MCC1805,453779,0
TXN0004598,CUST00160,2023-01-18,90205,transfer,branch,MCC9227,904729,0
TXN0004599,CUST00821,2023-10-08,407710,atm_withdrawal,branch,MCC2456,1757407,0
TXN0004600,CUST00962,2023-05-23,176773,credit,branch,MCC4647,1941339,0
TXN0004601,CUST00243,2023-08-20,111069,transfer,internet_banking,MCC8449,104857,0
TXN0004602,CUST00224,2023-03-05,467668,emi_payment,mobile_app,MCC3163,711061,0
TXN0004603,CUST00955,2023-04-25,474917,credit,branch,MCC2951,1042540,0
TXN0004604,CUST00407,2023-08-10,185334,credit,internet_banking,MCC1236,431779,0
TXN0004605,CUST00696,2023-02-15,13198,emi_payment,internet_banking,MCC4223,706569,0
TXN0004606,CUST00191,2023-04-26,104997,debit,atm,MCC5455,257103,0
TXN0004607,CUST00428,2023-09-20,270656,credit,mobile_app,MCC5206,927752,0
TXN0004608,CUST00704,2023-10-09,29837,transfer,mobile_app,MCC1357,1767855,0
TXN0004609,CUST00895,2023-05-09,113656,credit,internet_banking,MCC2844,1857216,0
TXN0004610,CUST00437,2023-02-11,74564,transfer,branch,MCC1038,29876,0
TXN0004611,CUST00076,2023-01-10,476055,emi_payment,pos,MCC3024,1273351,0
TXN0004612,CUST00414,2023-07-23,177676,atm_withdrawal,branch,MCC6441,1814907,0
TXN0004613,CUST00643,2023-09-11,190092,emi_payment,internet_banking,MCC1078,1536197,0
TXN0004614,CUST00876,2023-08-05,210673,transfer,internet_banking,MCC2483,123544,0
TXN0004615,CUST00834,2023-05-28,6613,emi_payment,internet_banking,MCC5895,779505,0
TXN0004616,CUST00760,2023-01-09,271271,credit,internet_banking,MCC6037,1505318,0
TXN0004617,CUST00166,2023-03-24,456242,transfer,atm,MCC9065,1959313,0
TXN0004618,CUST00520,2023-01-14,406812,atm_withdrawal,atm,MCC6161,587301,0
TXN0004619,CUST00577,2023-06-18,125430,debit,atm,MCC9331,566242,0
TXN0004620,CUST00469,2023-04-23,6806,credit,internet_banking,MCC7513,499814,0
TXN0004621,CUST00924,2023-01-26,386708,credit,internet_banking,MCC5953,1789913,0
TXN0004622,CUST00960,2023-08-11,420573,atm_withdrawal,mobile_app,MCC4447,359870,0
TXN0004623,CUST00211,2023-05-16,460877,credit,atm,MCC2001,732050,0
TXN0004624,CUST00957,2023-12-18,288666,credit,pos,MCC7345,269030,0
TXN0004625,CUST00847,2023-06-02,236811,atm_withdrawal,mobile_app,MCC9441,1879352,0
TXN0004626,CUST00705,2023-02-03,378263,atm_withdrawal,mobile_app,MCC4293,132469,0
TXN0004627,CUST00382,2023-09-15,345222,debit,internet_banking,MCC4199,1014532,0
TXN0004628,CUST00761,2023-09-14,378513,atm_withdrawal,atm,MCC1879,310089,0
TXN0004629,CUST00587,2023-12-06,142255,emi_payment,internet_banking,MCC6378,814250,0
TXN0004630,CUST00900,2023-09-10,451611,atm_withdrawal,mobile_app,MCC3789,1176954,0
TXN0004631,CUST00712,2023-05-13,18684,debit,internet_banking,MCC1091,1396744,0
TXN0004632,CUST00965,2023-09-02,46780,debit,internet_banking,MCC1068,1139357,0
TXN0004633,CUST00420,2023-10-19,327418,credit,internet_banking,MCC4019,854786,0
TXN0004634,CUST00083,2023-07-08,285800,atm_withdrawal,branch,MCC5161,562149,0
TXN0004635,CUST00492,2023-10-18,277073,transfer,internet_banking,MCC5114,1605596,0
TXN0004636,CUST00998,2023-12-19,454523,emi_payment,mobile_app,MCC7662,1359763,0
TXN0004637,CUST00656,2023-10-03,435441,credit,mobile_app,MCC5752,1343950,0
TXN0004638,CUST00704,2023-07-03,359631,credit,atm,MCC8061,1539258,0
TXN0004639,CUST00626,2023-06-29,82426,atm_withdrawal,atm,MCC3672,440729,0
TXN0004640,CUST00593,2023-11-02,48382,transfer,internet_banking,MCC3088,1960349,0
TXN0004641,CUST00062,2023-11-15,69952,emi_payment,pos,MCC5855,1838856,0
TXN0004642,CUST00414,2023-04-06,307020,emi_payment,branch,MCC1950,879538,0
TXN0004643,CUST00087,2023-01-04,356430,debit,atm,MCC7879,407891,0
TXN0004644,CUST00337,2023-10-22,399960,atm_withdrawal,atm,MCC2668,749178,0
TXN0004645,CUST00720,2023-03-28,51648,atm_withdrawal,internet_banking,MCC9234,777454,0
TXN0004646,CUST00805,2023-12-30,137503,emi_payment,branch,MCC9852,1946349,0
TXN0004647,CUST00224,2023-01-14,169080,transfer,branch,MCC5836,577509,0
TXN0004648,CUST00655,2023-11-29,316283,transfer,branch,MCC3808,1884305,0
TXN0004649,CUST00227,2023-09-05,23375,credit,atm,MCC4047,462166,0
TXN0004650,CUST00201,2023-04-21,420222,emi_payment,internet_banking,MCC4863,1853895,0
TXN0004651,CUST00960,2023-01-13,40390,credit,mobile_app,MCC5312,1860237,0
TXN0004652,CUST00610,2023-11-05,261981,debit,mobile_app,MCC1680,1217571,0
TXN0004653,CUST00198,2023-02-13,466450,debit,branch,MCC2777,215370,0
TXN0004654,CUST00142,2023-02-04,97174,transfer,pos,MCC8103,1235463,0
TXN0004655,CUST00050,2023-10-16,343678,atm_withdrawal,internet_banking,MCC1474,1822781,0
TXN0004656,CUST00497,2023-09-05,274886,emi_payment,branch,MCC5035,1855960,0
TXN0004657,CUST00102,2023-02-16,409955,atm_withdrawal,mobile_app,MCC8874,914914,0
TXN0004658,CUST00584,2023-05-05,294043,emi_payment,atm,MCC1786,959638,0
TXN0004659,CUST00434,2023-09-01,424127,atm_withdrawal,mobile_app,MCC9328,768239,0
TXN0004660,CUST00636,2023-08-29,201486,emi_payment,branch,MCC5256,426950,0
TXN0004661,CUST00208,2023-05-13,82054,atm_withdrawal,pos,MCC4810,1307178,0
TXN0004662,CUST00146,2023-05-31,339840,transfer,internet_banking,MCC7418,1970517,0
TXN0004663,CUST00101,2023-01-30,483836,debit,pos,MCC7994,534429,0
TXN0004664,CUST00096,2023-01-04,216723,credit,mobile_app,MCC5256,1684139,0
TXN0004665,CUST00073,2023-12-20,410007,atm_withdrawal,mobile_app,MCC1748,191604,0
TXN0004666,CUST00259,2023-03-26,438714,emi_payment,mobile_app,MCC9716,112107,0
TXN0004667,CUST00801,2023-12-05,322801,debit,internet_banking,MCC1079,1801481,0
TXN0004668,CUST00608,2023-01-16,395833,debit,branch,MCC8844,224930,0
TXN0004669,CUST00251,2023-12-28,281543,emi_payment,pos,MCC4906,827864,0
TXN0004670,CUST00932,2023-06-05,402405,atm_withdrawal,internet_banking,MCC5632,1764235,0
TXN0004671,CUST00762,2023-10-22,168162,emi_payment,internet_banking,MCC7884,697709,0
TXN0004672,CUST00780,2023-11-03,263085,atm_withdrawal,mobile_app,MCC9463,602173,0
TXN0004673,CUST00899,2023-05-09,38995,debit,atm,MCC2353,81513,0
TXN0004674,CUST00746,2023-09-27,98254,atm_withdrawal,branch,MCC8301,1392771,0
TXN0004675,CUST00957,2023-05-02,289598,debit,mobile_app,MCC6949,640213,0
TXN0004676,CUST00331,2023-10-15,362238,atm_withdrawal,branch,MCC4314,235643,0
TXN0004677,CUST00857,2023-12-17,14985,atm_withdrawal,internet_banking,MCC4831,949475,0
TXN0004678,CUST00112,2023-10-22,34553,transfer,branch,MCC7941,341067,0
TXN0004679,CUST00301,2023-09-23,3283,transfer,internet_banking,MCC2260,1697545,0
TXN0004680,CUST00892,2023-05-16,258835,transfer,atm,MCC5552,1494733,0
TXN0004681,CUST00134,2023-02-09,167684,transfer,mobile_app,MCC7498,1959567,0
TXN0004682,CUST00501,2023-07-04,26584,atm_withdrawal,branch,MCC5851,1958583,0
TXN0004683,CUST00341,2023-02-17,396827,credit,atm,MCC5030,1674367,0
TXN0004684,CUST00101,2023-07-05,264256,credit,mobile_app,MCC5685,1004397,0
TXN0004685,CUST00236,2023-11-14,5113,atm_withdrawal,pos,MCC5603,340583,0
TXN0004686,CUST00535,2023-02-11,342992,atm_withdrawal,atm,MCC8232,85832,0
TXN0004687,CUST00631,2023-11-25,455727,transfer,internet_banking,MCC8387,183131,0
TXN0004688,CUST00676,2023-08-07,209657,credit,branch,MCC9266,468634,0
TXN0004689,CUST00132,2023-01-18,474829,atm_withdrawal,atm,MCC1649,1765980,0
TXN0004690,CUST00320,2023-09-20,208509,atm_withdrawal,branch,MCC3875,425401,0
TXN0004691,CUST00105,2023-01-01,38811,credit,atm,MCC8890,185531,0
TXN0004692,CUST00010,2023-08-12,61484,transfer,pos,MCC6776,1870544,0
TXN0004693,CUST00391,2023-07-05,33574,transfer,internet_banking,MCC4390,871186,0
TXN0004694,CUST00622,2023-09-30,150994,atm_withdrawal,mobile_app,MCC6655,838299,0
TXN0004695,CUST00371,2023-05-18,192484,emi_payment,branch,MCC5167,603209,0
TXN0004696,CUST00041,2023-02-13,222192,transfer,branch,MCC8986,1895345,0
TXN0004697,CUST00220,2023-05-22,240371,atm_withdrawal,atm,MCC6022,696283,0
TXN0004698,CUST00433,2023-10-05,431794,emi_payment,internet_banking,MCC5024,1719169,0
TXN0004699,CUST00356,2023-12-15,5902,transfer,pos,MCC6611,1984315,0
TXN0004700,CUST00825,2023-03-17,449000,atm_withdrawal,mobile_app,MCC2711,901612,0
TXN0004701,CUST00598,2023-05-09,119537,transfer,branch,MCC7935,1401272,0
TXN0004702,CUST00999,2023-11-17,476794,transfer,branch,MCC2827,49720,1
TXN0004703,CUST00176,2023-04-25,67657,credit,atm,MCC1213,1563256,0
TXN0004704,CUST00371,2023-03-31,50221,credit,internet_banking,MCC1461,1945901,0
TXN0004705,CUST00088,2023-10-31,60838,credit,pos,MCC1595,390398,0
TXN0004706,CUST00021,2023-06-29,148175,debit,mobile_app,MCC1906,20142,0
TXN0004707,CUST00924,2023-08-01,470773,emi_payment,pos,MCC1456,87865,0
TXN0004708,CUST00493,2023-06-27,231510,transfer,branch,MCC3710,1712259,0
TXN0004709,CUST00660,2023-08-09,82704,atm_withdrawal,branch,MCC9646,487764,0
TXN0004710,CUST00277,2023-04-09,320907,emi_payment,internet_banking,MCC1922,826463,0
TXN0004711,CUST00052,2023-09-25,254059,debit,internet_banking,MCC7084,672150,0
TXN0004712,CUST00893,2023-05-13,351428,emi_payment,branch,MCC8838,602617,0
TXN0004713,CUST00659,2023-07-11,370797,debit,internet_banking,MCC8282,330826,0
TXN0004714,CUST00712,2023-03-09,393029,debit,mobile_app,MCC4257,816601,0
TXN0004715,CUST00534,2023-01-05,75723,emi_payment,branch,MCC1474,1848659,0
TXN0004716,CUST00405,2023-07-28,247987,debit,branch,MCC4315,713818,0
TXN0004717,CUST00423,2023-02-20,315365,transfer,atm,MCC6413,1602828,0
TXN0004718,CUST00763,2023-11-30,278336,atm_withdrawal,branch,MCC7816,1378238,0
TXN0004719,CUST00228,2023-12-17,486287,credit,branch,MCC2276,1594615,0
TXN0004720,CUST00342,2023-04-26,480289,emi_payment,branch,MCC3711,1145446,0
TXN0004721,CUST00308,2023-04-16,405959,credit,branch,MCC6412,742691,0
TXN0004722,CUST00522,2023-07-05,120090,debit,atm,MCC7435,513809,0
TXN0004723,CUST00968,2023-03-16,264496,debit,atm,MCC3797,560316,0
TXN0004724,CUST00923,2023-11-11,401899,debit,pos,MCC8400,1055002,0
TXN0004725,CUST00545,2023-02-07,134208,debit,branch,MCC8215,808260,0
TXN0004726,CUST00201,2023-06-15,355937,debit,mobile_app,MCC4241,809900,0
TXN0004727,CUST00941,2023-03-10,124672,atm_withdrawal,branch,MCC5824,737841,0
TXN0004728,CUST00314,2023-10-31,70130,atm_withdrawal,internet_banking,MCC5299,1841292,0
TXN0004729,CUST00357,2023-02-22,120046,credit,mobile_app,MCC7018,1286631,0
TXN0004730,CUST00886,2023-06-12,463253,emi_payment,pos,MCC3899,1784756,0
TXN0004731,CUST00264,2023-11-01,497683,credit,atm,MCC3965,1856310,0
TXN0004732,CUST00462,2023-06-10,427692,emi_payment,atm,MCC4808,1234691,0
TXN0004733,CUST00917,2023-03-09,135708,credit,atm,MCC2942,183405,0
TXN0004734,CUST00318,2023-02-27,389774,emi_payment,pos,MCC6226,1930735,0
TXN0004735,CUST00625,2023-08-09,109205,credit,atm,MCC9621,956554,0
TXN0004736,CUST00038,2023-02-15,63474,atm_withdrawal,atm,MCC4146,750254,0
TXN0004737,CUST00996,2023-05-10,129446,atm_withdrawal,atm,MCC8747,827143,0
TXN0004738,CUST00419,2023-08-12,69921,credit,atm,MCC5176,175940,0
TXN0004739,CUST00671,2023-05-19,320286,debit,atm,MCC2491,1328469,0
TXN0004740,CUST00501,2023-10-29,341630,credit,mobile_app,MCC5465,95304,0
TXN0004741,CUST00434,2023-09-09,17922,credit,branch,MCC5494,1441440,0
TXN0004742,CUST00407,2023-02-19,53724,transfer,internet_banking,MCC1220,1666890,0
TXN0004743,CUST00018,2023-10-26,239589,transfer,pos,MCC5313,844237,0
TXN0004744,CUST00278,2023-11-29,56746,atm_withdrawal,branch,MCC2472,766981,0
TXN0004745,CUST00381,2023-03-15,414122,debit,branch,MCC8149,1346389,0
TXN0004746,CUST00370,2023-05-11,200199,transfer,branch,MCC5871,1720547,0
TXN0004747,CUST00274,2023-05-25,206469,debit,atm,MCC3737,191292,0
TXN0004748,CUST00643,2023-06-05,2788,transfer,atm,MCC1023,917470,0
TXN0004749,CUST00830,2023-06-19,350775,emi_payment,internet_banking,MCC6138,645880,0
TXN0004750,CUST00892,2023-11-23,360769,atm_withdrawal,pos,MCC7337,22347,0
TXN0004751,CUST00973,2023-08-26,378212,transfer,atm,MCC4816,16959,0
TXN0004752,CUST00650,2023-11-24,270149,debit,internet_banking,MCC9148,1057296,0
TXN0004753,CUST00412,2023-05-08,134847,atm_withdrawal,atm,MCC2766,1527480,0
TXN0004754,CUST00647,2023-07-11,39179,transfer,branch,MCC7790,1189092,0
TXN0004755,CUST00133,2023-02-08,157846,transfer,internet_banking,MCC5460,497580,0
TXN0004756,CUST00817,2023-04-12,271837,emi_payment,pos,MCC3827,903017,0
TXN0004757,CUST00535,2023-08-02,58393,credit,internet_banking,MCC3593,1931514,0
TXN0004758,CUST00166,2023-03-04,27138,atm_withdrawal,pos,MCC5048,1676068,0
TXN0004759,CUST00426,2023-12-17,108557,debit,atm,MCC1725,239664,0
TXN0004760,CUST00302,2023-04-10,35440,debit,pos,MCC6855,1288016,0
TXN0004761,CUST00350,2023-02-28,7204,atm_withdrawal,atm,MCC4678,1249555,0
TXN0004762,CUST00051,2023-10-12,242784,transfer,atm,MCC7123,729478,0
TXN0004763,CUST00017,2023-02-02,372581,atm_withdrawal,mobile_app,MCC5636,729016,0
TXN0004764,CUST00350,2023-04-29,249961,atm_withdrawal,pos,MCC9796,1438004,0
TXN0004765,CUST00302,2023-03-14,45718,atm_withdrawal,atm,MCC1743,1869714,0
TXN0004766,CUST00999,2023-09-11,169563,emi_payment,internet_banking,MCC5436,639226,0
TXN0004767,CUST00263,2023-11-04,17868,emi_payment,internet_banking,MCC5825,1854371,0
TXN0004768,CUST00330,2023-03-13,310923,emi_payment,mobile_app,MCC3245,1677095,0
TXN0004769,CUST00916,2023-06-01,116640,emi_payment,internet_banking,MCC7050,105212,0
TXN0004770,CUST00860,2023-06-24,193740,credit,mobile_app,MCC4259,560207,0
TXN0004771,CUST00057,2023-09-10,451012,atm_withdrawal,pos,MCC7870,881923,0
TXN0004772,CUST00086,2023-05-09,293521,debit,branch,MCC9301,1333222,1
TXN0004773,CUST00095,2023-07-10,382441,transfer,atm,MCC8681,453222,1
TXN0004774,CUST00460,2023-07-03,174957,credit,pos,MCC6693,830184,0
TXN0004775,CUST00573,2023-01-05,465350,emi_payment,pos,MCC7460,185287,0
TXN0004776,CUST00352,2023-07-28,357511,credit,branch,MCC8777,202366,0
TXN0004777,CUST00013,2023-07-27,257877,credit,mobile_app,MCC9824,869888,0
TXN0004778,CUST00202,2023-12-28,289685,atm_withdrawal,atm,MCC7516,1259409,0
TXN0004779,CUST00615,2023-07-06,311643,transfer,pos,MCC9215,904722,0
TXN0004780,CUST00373,2023-11-25,80105,emi_payment,internet_banking,MCC9687,766107,0
TXN0004781,CUST00124,2023-05-08,125908,atm_withdrawal,mobile_app,MCC2582,995796,0
TXN0004782,CUST00652,2023-09-11,343165,atm_withdrawal,atm,MCC5510,1268526,0
TXN0004783,CUST00614,2023-11-26,220452,credit,atm,MCC4216,1428039,0
TXN0004784,CUST00491,2023-02-26,391989,debit,mobile_app,MCC9548,1079807,0
TXN0004785,CUST00941,2023-07-26,262975,atm_withdrawal,mobile_app,MCC7695,183635,0
TXN0004786,CUST00845,2023-12-02,33030,credit,branch,MCC8972,83190,0
TXN0004787,CUST00040,2023-07-22,332438,emi_payment,mobile_app,MCC4145,685997,0
TXN0004788,CUST00905,2023-11-22,305019,emi_payment,mobile_app,MCC8587,409956,0
TXN0004789,CUST00050,2023-06-03,182401,transfer,internet_banking,MCC1730,1073698,0
TXN0004790,CUST00482,2023-11-20,395235,debit,branch,MCC9450,1400842,0
TXN0004791,CUST00902,2023-08-18,175431,transfer,pos,MCC3068,504087,0
TXN0004792,CUST00982,2023-06-24,57414,debit,branch,MCC5729,935311,0
TXN0004793,CUST00023,2023-03-20,60699,credit,pos,MCC7446,436960,1
TXN0004794,CUST00073,2023-03-04,450836,credit,atm,MCC7684,932938,0
TXN0004795,CUST00242,2023-04-16,188103,transfer,internet_banking,MCC2909,756180,0
TXN0004796,CUST00277,2023-10-03,207457,debit,branch,MCC5997,4797,0
TXN0004797,CUST00280,2023-06-20,152812,atm_withdrawal,mobile_app,MCC5774,1330429,0
TXN0004798,CUST00417,2023-05-22,368946,debit,pos,MCC7985,605596,1
TXN0004799,CUST00319,2023-06-20,302795,atm_withdrawal,internet_banking,MCC3887,1495724,0
TXN0004800,CUST00583,2023-05-06,449535,credit,pos,MCC7873,1338931,0
TXN0004801,CUST00854,2023-10-22,447252,transfer,atm,MCC6545,390179,0
TXN0004802,CUST00546,2023-05-23,494819,atm_withdrawal,internet_banking,MCC7824,1773976,0
TXN0004803,CUST00332,2023-06-22,164614,emi_payment,branch,MCC8876,44633,0
TXN0004804,CUST00568,2023-07-24,292004,debit,mobile_app,MCC4855,1148014,0
TXN0004805,CUST00621,2023-08-24,173310,emi_payment,atm,MCC4889,1605091,0
TXN0004806,CUST00897,2023-05-02,352166,transfer,mobile_app,MCC8165,1081290,0
TXN0004807,CUST00948,2023-01-27,374113,atm_withdrawal,atm,MCC8036,1115066,0
TXN0004808,CUST00278,2023-09-09,125924,transfer,mobile_app,MCC8887,940629,0
TXN0004809,CUST00919,2023-07-24,429854,atm_withdrawal,mobile_app,MCC5953,120167,0
TXN0004810,CUST00817,2023-08-25,145094,transfer,internet_banking,MCC6725,1356962,0
TXN0004811,CUST00129,2023-07-18,491655,debit,mobile_app,MCC1531,1905620,0
TXN0004812,CUST00559,2023-07-05,425399,transfer,pos,MCC5091,1596262,0
TXN0004813,CUST00153,2023-12-13,9184,atm_withdrawal,pos,MCC3216,117458,1
TXN0004814,CUST00491,2023-01-20,199182,debit,pos,MCC8678,441367,0
TXN0004815,CUST00045,2023-02-03,194249,credit,atm,MCC2101,1665396,1
TXN0004816,CUST00300,2023-12-08,411234,debit,internet_banking,MCC8005,1427952,0
TXN0004817,CUST00589,2023-11-20,362243,atm_withdrawal,atm,MCC8530,733092,0
TXN0004818,CUST00305,2023-05-31,25393,transfer,atm,MCC5225,487709,0
TXN0004819,CUST00011,2023-07-17,420342,emi_payment,internet_banking,MCC7013,924667,0
TXN0004820,CUST00389,2023-06-14,109204,atm_withdrawal,pos,MCC6218,63584,0
TXN0004821,CUST00542,2023-12-30,184923,atm_withdrawal,pos,MCC7201,179168,0
TXN0004822,CUST00764,2023-06-16,85130,transfer,internet_banking,MCC7171,149359,0
TXN0004823,CUST00137,2023-10-05,78846,atm_withdrawal,branch,MCC3277,1650043,0
TXN0004824,CUST00477,2023-05-14,263581,transfer,pos,MCC7194,93083,0
TXN0004825,CUST00199,2023-05-20,42440,atm_withdrawal,internet_banking,MCC9115,1105220,0
TXN0004826,CUST00154,2023-09-04,40357,atm_withdrawal,pos,MCC3799,560347,0
TXN0004827,CUST00122,2023-05-26,392887,credit,internet_banking,MCC3758,1513103,0
TXN0004828,CUST00760,2023-01-06,172000,emi_payment,pos,MCC3633,254346,0
TXN0004829,CUST00920,2023-03-05,324154,emi_payment,internet_banking,MCC9204,1820637,0
TXN0004830,CUST00664,2023-11-15,493123,emi_payment,atm,MCC8985,170408,0
TXN0004831,CUST00379,2023-05-14,25524,debit,branch,MCC4129,1693009,0
TXN0004832,CUST00950,2023-02-07,397129,transfer,internet_banking,MCC9432,295174,0
TXN0004833,CUST00498,2023-12-09,54921,debit,branch,MCC7852,59282,0
TXN0004834,CUST00530,2023-12-31,380319,atm_withdrawal,internet_banking,MCC4618,76396,0
TXN0004835,CUST00635,2023-07-02,153069,atm_withdrawal,atm,MCC8425,1561878,0
TXN0004836,CUST00655,2023-08-18,67643,transfer,pos,MCC9219,687103,0
TXN0004837,CUST00493,2023-10-03,114439,debit,branch,MCC8815,833337,0
TXN0004838,CUST00480,2023-01-25,182343,emi_payment,internet_banking,MCC5235,1645632,0
TXN0004839,CUST00318,2023-04-19,364898,transfer,atm,MCC2949,523307,0
TXN0004840,CUST00681,2023-07-25,340325,emi_payment,branch,MCC2504,1107557,0
TXN0004841,CUST00673,2023-07-20,364341,debit,pos,MCC8445,597035,1
TXN0004842,CUST00437,2023-05-01,10910,transfer,internet_banking,MCC7595,129933,0
TXN0004843,CUST00713,2023-01-01,487655,credit,branch,MCC7378,1987249,0
TXN0004844,CUST00138,2023-12-14,217044,atm_withdrawal,branch,MCC1412,749846,0
TXN0004845,CUST00417,2023-08-13,55763,credit,pos,MCC9687,1694563,0
TXN0004846,CUST00987,2023-10-03,464302,atm_withdrawal,mobile_app,MCC2025,859669,0
TXN0004847,CUST00734,2023-06-09,396406,atm_withdrawal,atm,MCC6223,1734385,0
TXN0004848,CUST00721,2023-07-05,41261,transfer,pos,MCC9468,344822,0
TXN0004849,CUST00864,2023-06-12,218485,debit,internet_banking,MCC3178,1080098,0
TXN0004850,CUST00609,2023-06-06,453139,credit,branch,MCC5658,746023,0
TXN0004851,CUST00663,2023-09-02,341352,debit,internet_banking,MCC8560,1984965,1
TXN0004852,CUST00482,2023-12-30,97341,emi_payment,branch,MCC3397,673510,0
TXN0004853,CUST00827,2023-10-11,350235,emi_payment,pos,MCC1915,1543035,0
TXN0004854,CUST00712,2023-09-01,94634,credit,internet_banking,MCC5323,987616,0
TXN0004855,CUST00524,2023-01-05,175976,emi_payment,internet_banking,MCC8154,801544,0
TXN0004856,CUST00127,2023-07-07,97798,transfer,branch,MCC6203,1394584,0
TXN0004857,CUST00807,2023-12-15,346719,atm_withdrawal,branch,MCC4983,1289428,0
TXN0004858,CUST00327,2023-05-26,465634,debit,atm,MCC6749,957673,0
TXN0004859,CUST00360,2023-07-20,22338,debit,mobile_app,MCC1466,110613,0
TXN0004860,CUST00125,2023-04-29,301912,atm_withdrawal,pos,MCC4133,147908,0
TXN0004861,CUST00218,2023-03-11,124276,credit,atm,MCC8900,1197292,0
TXN0004862,CUST00127,2023-09-15,375419,atm_withdrawal,pos,MCC4486,110457,0
TXN0004863,CUST00098,2023-04-25,69743,atm_withdrawal,branch,MCC9685,1211561,0
TXN0004864,CUST00022,2023-08-03,183267,debit,branch,MCC5947,1775918,1
TXN0004865,CUST00295,2023-08-05,103031,transfer,internet_banking,MCC9404,1578409,0
TXN0004866,CUST00756,2023-11-06,436638,emi_payment,pos,MCC6639,1389528,0
TXN0004867,CUST00864,2023-12-09,41373,debit,mobile_app,MCC4769,547237,0
TXN0004868,CUST00228,2023-07-22,291010,atm_withdrawal,branch,MCC9291,1314358,0
TXN0004869,CUST00424,2023-01-19,60307,debit,internet_banking,MCC3429,366680,0
TXN0004870,CUST00833,2023-08-01,299957,debit,atm,MCC4530,1826402,0
TXN0004871,CUST00707,2023-11-19,383979,transfer,pos,MCC7501,180054,0
TXN0004872,CUST00905,2023-06-24,376185,credit,atm,MCC8871,1083011,0
TXN0004873,CUST00421,2023-07-26,16769,emi_payment,mobile_app,MCC2739,972747,0
TXN0004874,CUST00169,2023-10-06,386843,credit,internet_banking,MCC9937,147446,0
TXN0004875,CUST00144,2023-06-10,148505,credit,mobile_app,MCC4875,373132,0
TXN0004876,CUST00709,2023-06-01,340963,atm_withdrawal,branch,MCC4050,1428769,0
TXN0004877,CUST00027,2023-06-25,481911,debit,mobile_app,MCC2156,1191542,0
TXN0004878,CUST00461,2023-11-07,59543,transfer,atm,MCC1245,324544,0
TXN0004879,CUST00354,2023-06-28,181419,debit,branch,MCC6015,281157,0
TXN0004880,CUST00919,2023-04-30,433376,debit,internet_banking,MCC6438,1332389,0
TXN0004881,CUST00999,2023-08-06,70843,credit,pos,MCC1844,1321334,0
TXN0004882,CUST00485,2023-09-10,130523,credit,atm,MCC9131,801415,0
TXN0004883,CUST00581,2023-11-30,274587,transfer,atm,MCC5894,40465,0
TXN0004884,CUST00379,2023-11-22,498097,transfer,internet_banking,MCC1480,56451,0
TXN0004885,CUST00777,2023-10-13,147424,debit,internet_banking,MCC8571,301823,0
TXN0004886,CUST00295,2023-10-08,192815,debit,branch,MCC2774,111059,0
TXN0004887,CUST00745,2023-06-14,397907,debit,atm,MCC7055,1113325,0
TXN0004888,CUST00904,2023-05-06,60086,emi_payment,pos,MCC7084,785267,0
TXN0004889,CUST00172,2023-07-25,163874,atm_withdrawal,atm,MCC8292,434681,0
TXN0004890,CUST00227,2023-09-15,158111,debit,mobile_app,MCC8286,1189086,0
TXN0004891,CUST00379,2023-07-09,200606,debit,pos,MCC9869,1408937,0
TXN0004892,CUST00828,2023-03-17,286809,emi_payment,internet_banking,MCC1779,341794,0
TXN0004893,CUST00641,2023-01-06,110887,emi_payment,mobile_app,MCC4283,1250190,0
TXN0004894,CUST00195,2023-01-22,195783,emi_payment,branch,MCC4273,213499,0
TXN0004895,CUST00369,2023-06-05,458432,debit,branch,MCC4385,1199948,0
TXN0004896,CUST00644,2023-10-16,414357,atm_withdrawal,mobile_app,MCC3148,752460,0
TXN0004897,CUST00965,2023-10-16,478134,emi_payment,internet_banking,MCC3104,219512,0
TXN0004898,CUST00452,2023-10-22,341134,debit,internet_banking,MCC9682,1608361,0
TXN0004899,CUST00075,2023-09-16,291163,debit,branch,MCC9088,365326,0
TXN0004900,CUST00105,2023-01-09,106803,emi_payment,atm,MCC7141,1568011,0
TXN0004901,CUST00029,2023-11-19,79518,emi_payment,atm,MCC5994,730525,0
TXN0004902,CUST00126,2023-12-12,269472,emi_payment,mobile_app,MCC5280,1368280,0
TXN0004903,CUST00413,2023-11-07,202500,transfer,mobile_app,MCC7138,1414265,0
TXN0004904,CUST00282,2023-06-12,393787,transfer,atm,MCC8760,850713,0
TXN0004905,CUST00302,2023-03-20,4926,emi_payment,pos,MCC4835,1333709,0
TXN0004906,CUST00767,2023-11-27,445627,debit,mobile_app,MCC5838,883875,0
TXN0004907,CUST00478,2023-03-09,85337,credit,internet_banking,MCC9208,1212445,0
TXN0004908,CUST00729,2023-10-15,197532,debit,mobile_app,MCC9201,451887,0
TXN0004909,CUST00542,2023-12-19,178175,atm_withdrawal,branch,MCC3068,850600,0
TXN0004910,CUST00206,2023-11-25,462239,emi_payment,internet_banking,MCC3149,274285,0
TXN0004911,CUST00949,2023-07-10,360239,emi_payment,mobile_app,MCC2838,831414,0
TXN0004912,CUST00477,2023-11-01,18081,transfer,pos,MCC1246,31681,0
TXN0004913,CUST00837,2023-10-31,426529,atm_withdrawal,atm,MCC7249,819379,0
TXN0004914,CUST00097,2023-12-22,338377,atm_withdrawal,branch,MCC4858,1720300,0
TXN0004915,CUST00850,2023-05-12,34151,emi_payment,atm,MCC1285,722698,0
TXN0004916,CUST00716,2023-08-18,391014,atm_withdrawal,internet_banking,MCC2838,992369,0
TXN0004917,CUST00250,2023-10-26,17054,emi_payment,pos,MCC5788,1712241,0
TXN0004918,CUST00794,2023-03-24,212628,emi_payment,branch,MCC8520,6085,0
TXN0004919,CUST00743,2023-03-24,81132,credit,internet_banking,MCC6965,1341274,0
TXN0004920,CUST00894,2023-05-23,5586,atm_withdrawal,branch,MCC5795,1058346,0
TXN0004921,CUST00210,2023-05-12,279805,debit,branch,MCC2677,686309,0
TXN0004922,CUST00886,2023-10-02,343548,emi_payment,atm,MCC3597,516647,0
TXN0004923,CUST00763,2023-12-08,239893,emi_payment,pos,MCC8036,1185567,0
TXN0004924,CUST00338,2023-02-27,171347,debit,internet_banking,MCC7961,854725,0
TXN0004925,CUST00351,2023-04-29,256787,emi_payment,atm,MCC8812,790533,0
TXN0004926,CUST00255,2023-12-06,75991,debit,mobile_app,MCC5741,1344822,0
TXN0004927,CUST00477,2023-08-06,25084,transfer,internet_banking,MCC3457,799010,0
TXN0004928,CUST00897,2023-03-16,78638,atm_withdrawal,branch,MCC5524,1619488,0
TXN0004929,CUST00838,2023-08-09,27215,debit,branch,MCC9065,569789,0
TXN0004930,CUST00147,2023-11-16,384605,credit,atm,MCC2626,1400963,0
TXN0004931,CUST00132,2023-05-17,304391,transfer,mobile_app,MCC8621,1126664,0
TXN0004932,CUST00060,2023-06-26,93775,atm_withdrawal,pos,MCC9955,1792597,0
TXN0004933,CUST00615,2023-08-12,284974,credit,branch,MCC8377,800649,0
TXN0004934,CUST00315,2023-11-03,242100,debit,branch,MCC6930,469492,0
TXN0004935,CUST00761,2023-07-26,55739,debit,atm,MCC4682,797042,0
TXN0004936,CUST00761,2023-12-16,485197,debit,atm,MCC8692,1322770,0
TXN0004937,CUST00198,2023-10-03,468922,atm_withdrawal,branch,MCC2447,859761,0
TXN0004938,CUST00695,2023-06-04,379433,emi_payment,branch,MCC7836,1779662,0
TXN0004939,CUST00765,2023-06-27,404365,transfer,internet_banking,MCC4614,311780,0
TXN0004940,CUST00988,2023-09-12,273642,atm_withdrawal,branch,MCC5525,616999,1
TXN0004941,CUST00723,2023-01-26,401922,atm_withdrawal,internet_banking,MCC5168,1966538,0
TXN0004942,CUST00360,2023-03-24,264184,atm_withdrawal,atm,MCC1087,1598903,0
TXN0004943,CUST01000,2023-03-28,83119,debit,branch,MCC9878,153799,0
TXN0004944,CUST00276,2023-10-20,83746,debit,internet_banking,MCC6999,1880431,0
TXN0004945,CUST00806,2023-10-28,427016,emi_payment,branch,MCC6399,851746,0
TXN0004946,CUST00379,2023-10-27,223267,credit,pos,MCC1906,1287753,1
TXN0004947,CUST00936,2023-02-08,364741,debit,branch,MCC8008,33419,0
TXN0004948,CUST00783,2023-04-18,72535,emi_payment,internet_banking,MCC9652,328529,0
TXN0004949,CUST00600,2023-04-24,223973,credit,branch,MCC8330,1397057,0
TXN0004950,CUST00215,2023-01-09,41882,atm_withdrawal,atm,MCC3243,521720,0
TXN0004951,CUST00189,2023-04-05,110451,transfer,mobile_app,MCC2632,235319,0
TXN0004952,CUST00948,2023-06-07,54657,credit,branch,MCC4305,1359960,0
TXN0004953,CUST00802,2023-11-20,104139,atm_withdrawal,mobile_app,MCC1203,434419,0
TXN0004954,CUST00513,2023-03-04,303344,emi_payment,pos,MCC5963,1732350,0
TXN0004955,CUST00878,2023-11-11,2811,credit,atm,MCC5123,357349,0
TXN0004956,CUST00784,2023-10-26,96857,debit,mobile_app,MCC5523,47513,0
TXN0004957,CUST00388,2023-02-27,345522,transfer,branch,MCC9908,781194,0
TXN0004958,CUST00828,2023-04-06,74757,emi_payment,pos,MCC6895,652662,0
TXN0004959,CUST00797,2023-06-17,277832,atm_withdrawal,pos,MCC4751,1276998,0
TXN0004960,CUST00479,2023-12-11,433578,debit,mobile_app,MCC8050,467139,0
TXN0004961,CUST00020,2023-10-14,390034,transfer,internet_banking,MCC4327,1961533,0
TXN0004962,CUST00742,2023-12-21,61094,atm_withdrawal,mobile_app,MCC7818,844122,0
TXN0004963,CUST00340,2023-04-25,73848,emi_payment,internet_banking,MCC9393,1418170,0
TXN0004964,CUST00365,2023-11-28,352846,debit,pos,MCC9171,1536955,0
TXN0004965,CUST00714,2023-12-15,173312,atm_withdrawal,atm,MCC5669,1768012,0
TXN0004966,CUST00811,2023-08-07,208558,emi_payment,internet_banking,MCC5228,1005611,0
TXN0004967,CUST00088,2023-02-26,238430,transfer,internet_banking,MCC4577,454842,0
TXN0004968,CUST00824,2023-04-08,289581,emi_payment,atm,MCC5807,1036581,0
TXN0004969,CUST00293,2023-02-16,224642,emi_payment,branch,MCC9424,851332,0
TXN0004970,CUST00567,2023-10-22,11775,credit,branch,MCC8865,1218051,0
TXN0004971,CUST00869,2023-04-25,47339,emi_payment,branch,MCC6457,472515,0
TXN0004972,CUST00219,2023-09-14,109,credit,pos,MCC3540,1031347,0
TXN0004973,CUST00221,2023-04-08,132522,credit,branch,MCC4388,1915380,0
TXN0004974,CUST00971,2023-12-23,408642,transfer,atm,MCC3213,1376522,0
TXN0004975,CUST00374,2023-10-10,485902,debit,pos,MCC2678,1914928,0
TXN0004976,CUST00947,2023-05-18,237773,emi_payment,internet_banking,MCC1082,214074,0
TXN0004977,CUST00358,2023-06-24,13713,transfer,atm,MCC7964,1307549,0
TXN0004978,CUST00620,2023-01-22,35746,emi_payment,pos,MCC7645,45602,0
TXN0004979,CUST00511,2023-02-19,407521,debit,internet_banking,MCC2611,406009,0
TXN0004980,CUST00984,2023-12-31,171793,transfer,internet_banking,MCC7187,1653579,0
TXN0004981,CUST00551,2023-10-25,440832,transfer,mobile_app,MCC2488,202101,0
TXN0004982,CUST00503,2023-11-02,253226,debit,atm,MCC3490,957815,0
TXN0004983,CUST00467,2023-08-23,439610,transfer,atm,MCC3326,139724,0
TXN0004984,CUST00376,2023-03-22,67833,atm_withdrawal,atm,MCC2169,596947,0
TXN0004985,CUST00441,2023-02-08,429121,atm_withdrawal,internet_banking,MCC7560,247104,0
TXN0004986,CUST00461,2023-09-22,273214,debit,atm,MCC1382,908610,0
TXN0004987,CUST00764,2023-05-02,218810,atm_withdrawal,mobile_app,MCC4647,1285917,0
TXN0004988,CUST00046,2023-01-01,264422,transfer,atm,MCC5390,1300183,0
TXN0004989,CUST00501,2023-01-09,163652,debit,branch,MCC6193,1864803,0
TXN0004990,CUST00550,2023-07-23,301457,atm_withdrawal,pos,MCC2741,243405,0
TXN0004991,CUST00754,2023-11-03,385037,transfer,pos,MCC5242,800828,0
TXN0004992,CUST00667,2023-05-13,405149,atm_withdrawal,branch,MCC8139,1047223,0
TXN0004993,CUST00432,2023-12-31,489131,debit,atm,MCC4368,172311,0
TXN0004994,CUST00110,2023-05-20,206448,debit,pos,MCC9549,221416,0
TXN0004995,CUST00373,2023-09-25,384440,atm_withdrawal,internet_banking,MCC4867,620653,0
TXN0004996,CUST00256,2023-03-31,444291,credit,mobile_app,MCC7990,1719138,0
TXN0004997,CUST00205,2023-08-10,8982,transfer,branch,MCC2027,1172478,0
TXN0004998,CUST00722,2023-04-11,237389,emi_payment,internet_banking,MCC8663,1124767,0
TXN0004999,CUST00479,2023-10-12,350403,atm_withdrawal,atm,MCC5317,1102081,0
TXN0005000,CUST00794,2023-06-15,228628,credit,atm,MCC9916,1621719,0
