[0m12:22:38.967538 [debug] [MainThread]: Sending event: {'category': 'dbt', 'action': 'invocation', 'label': 'start', 'context': [<snowplow_tracker.self_describing_json.SelfDescribingJson object at 0x000001FEAB315B50>, <snowplow_tracker.self_describing_json.SelfDescribingJson object at 0x000001FEAB315010>, <snowplow_tracker.self_describing_json.SelfDescribingJson object at 0x000001FEAB314910>]}


============================== 12:22:38.970341 | 71a39fd1-6ec4-4da6-a5ac-61c1b8f7f4b9 ==============================
[0m12:22:38.970341 [info ] [MainThread]: Running with dbt=1.11.11
[0m12:22:38.970341 [debug] [MainThread]: running dbt with arguments {'static_parser': 'True', 'no_print': 'None', 'version_check': 'True', 'target_path': 'None', 'warn_error_options': 'WarnErrorOptionsV2(error=[], warn=[], silence=[])', 'printer_width': '80', 'write_json': 'True', 'empty': 'None', 'log_cache_events': 'False', 'introspect': 'True', 'cache_selected_only': 'False', 'fail_fast': 'False', 'debug': 'False', 'log_format': 'default', 'partial_parse': 'True', 'send_anonymous_usage_stats': 'True', 'quiet': 'False', 'warn_error': 'None', 'profiles_dir': 'C:\\Users\\rande\\OneDrive\\Desktop\\risklake\\risklake\\backend\\dbt', 'indirect_selection': 'eager', 'invocation_command': 'dbt debug', 'use_colors': 'True', 'use_experimental_parser': 'False', 'log_path': 'C:\\Users\\rande\\OneDrive\\Desktop\\risklake\\risklake\\backend\\dbt\\logs'}
[0m12:22:39.007718 [info ] [MainThread]: dbt version: 1.11.11
[0m12:22:39.007718 [info ] [MainThread]: python version: 3.11.9
[0m12:22:39.007718 [info ] [MainThread]: python path: C:\Users\rande\AppData\Local\Programs\Python\Python311\python.exe
[0m12:22:39.007718 [info ] [MainThread]: os info: Windows-10-10.0.26200-SP0
[0m12:22:39.386967 [info ] [MainThread]: Using profiles dir at C:\Users\rande\OneDrive\Desktop\risklake\risklake\backend\dbt
[0m12:22:39.386967 [info ] [MainThread]: Using profiles.yml file at C:\Users\rande\OneDrive\Desktop\risklake\risklake\backend\dbt\profiles.yml
[0m12:22:39.389652 [info ] [MainThread]: Using dbt_project.yml file at C:\Users\rande\OneDrive\Desktop\risklake\risklake\backend\dbt\dbt_project.yml
[0m12:22:39.389652 [info ] [MainThread]: adapter type: postgres
[0m12:22:39.389652 [info ] [MainThread]: adapter version: 1.10.2
[0m12:22:39.528281 [info ] [MainThread]: Configuration:
[0m12:22:39.528281 [info ] [MainThread]:   profiles.yml file [[32mOK found and valid[0m]
[0m12:22:39.528281 [info ] [MainThread]:   dbt_project.yml file [[32mOK found and valid[0m]
[0m12:22:39.528281 [info ] [MainThread]: Required dependencies:
[0m12:22:39.528281 [debug] [MainThread]: Executing "git --help"
[0m12:22:39.538897 [info ] [MainThread]:  - git [[31mERROR[0m]

[0m12:22:39.538897 [info ] [MainThread]: Connection:
[0m12:22:39.547784 [info ] [MainThread]:   host: localhost
[0m12:22:39.548501 [info ] [MainThread]:   port: 5432
[0m12:22:39.549795 [info ] [MainThread]:   user: risklake
[0m12:22:39.550801 [info ] [MainThread]:   database: risklake
[0m12:22:39.551826 [info ] [MainThread]:   schema: silver
[0m12:22:39.552708 [info ] [MainThread]:   connect_timeout: 10
[0m12:22:39.554920 [info ] [MainThread]:   role: None
[0m12:22:39.555918 [info ] [MainThread]:   search_path: None
[0m12:22:39.557005 [info ] [MainThread]:   keepalives_idle: 0
[0m12:22:39.558025 [info ] [MainThread]:   sslmode: None
[0m12:22:39.558988 [info ] [MainThread]:   sslcert: None
[0m12:22:39.559916 [info ] [MainThread]:   sslkey: None
[0m12:22:39.559916 [info ] [MainThread]:   sslrootcert: None
[0m12:22:39.560917 [info ] [MainThread]:   application_name: dbt
[0m12:22:39.561916 [info ] [MainThread]:   retries: 1
[0m12:22:39.563724 [info ] [MainThread]: Registered adapter: postgres=1.10.2
[0m12:22:40.248983 [debug] [MainThread]: Acquiring new postgres connection 'debug'
[0m12:22:44.432576 [debug] [MainThread]: Using postgres connection "debug"
[0m12:22:44.432576 [debug] [MainThread]: On debug: select 1 as id
[0m12:22:44.432576 [debug] [MainThread]: Opening a new connection, currently in state init
[0m12:22:44.537444 [debug] [MainThread]: SQL status: SELECT 1 in 0.112 seconds
[0m12:22:44.537444 [debug] [MainThread]: On debug: Close
[0m12:22:44.552501 [info ] [MainThread]:   Connection test: [[32mOK connection ok[0m]

[0m12:22:44.553948 [info ] [MainThread]: [31m1 check failed:[0m
[0m12:22:44.554892 [info ] [MainThread]: Error from git --help: Could not find command, ensure it is in the user's PATH and that the user has permissions to run it: "git"

[0m12:22:44.558952 [debug] [MainThread]: Command `dbt debug` failed at 12:22:44.556360 after 5.74 seconds
[0m12:22:44.559486 [debug] [MainThread]: Connection 'debug' was properly closed.
[0m12:22:44.561507 [debug] [MainThread]: Sending event: {'category': 'dbt', 'action': 'invocation', 'label': 'end', 'context': [<snowplow_tracker.self_describing_json.SelfDescribingJson object at 0x000001FEA3751750>, <snowplow_tracker.self_describing_json.SelfDescribingJson object at 0x000001FEA3751710>, <snowplow_tracker.self_describing_json.SelfDescribingJson object at 0x000001FEA3752350>]}
[0m12:22:44.563037 [debug] [MainThread]: Flushing usage events
[0m12:22:46.087319 [debug] [MainThread]: An error was encountered while trying to flush usage events
[0m12:27:08.353941 [debug] [MainThread]: Sending event: {'category': 'dbt', 'action': 'invocation', 'label': 'start', 'context': [<snowplow_tracker.self_describing_json.SelfDescribingJson object at 0x0000023B9A9CB610>, <snowplow_tracker.self_describing_json.SelfDescribingJson object at 0x0000023B9A8F1E50>, <snowplow_tracker.self_describing_json.SelfDescribingJson object at 0x0000023B9A8F2290>]}


============================== 12:27:08.353941 | c23ba02e-8edb-4276-9362-287f404c2759 ==============================
[0m12:27:08.353941 [info ] [MainThread]: Running with dbt=1.11.11
[0m12:27:08.353941 [debug] [MainThread]: running dbt with arguments {'static_parser': 'True', 'no_print': 'None', 'version_check': 'True', 'warn_error_options': 'WarnErrorOptionsV2(error=[], warn=[], silence=[])', 'target_path': 'None', 'printer_width': '80', 'write_json': 'True', 'empty': 'False', 'log_cache_events': 'False', 'introspect': 'True', 'cache_selected_only': 'False', 'log_format': 'default', 'debug': 'False', 'fail_fast': 'False', 'partial_parse': 'True', 'send_anonymous_usage_stats': 'True', 'quiet': 'False', 'warn_error': 'None', 'profiles_dir': 'C:\\Users\\rande\\OneDrive\\Desktop\\risklake\\risklake\\backend\\dbt', 'use_colors': 'True', 'invocation_command': 'dbt run --select tag:silver', 'indirect_selection': 'eager', 'use_experimental_parser': 'False', 'log_path': 'C:\\Users\\rande\\OneDrive\\Desktop\\risklake\\risklake\\backend\\dbt\\logs'}
[0m12:27:08.533441 [debug] [MainThread]: Sending event: {'category': 'dbt', 'action': 'project_id', 'label': 'c23ba02e-8edb-4276-9362-287f404c2759', 'context': [<snowplow_tracker.self_describing_json.SelfDescribingJson object at 0x0000023B9AB7F810>]}
[0m12:27:08.580235 [debug] [MainThread]: Sending event: {'category': 'dbt', 'action': 'adapter_info', 'label': 'c23ba02e-8edb-4276-9362-287f404c2759', 'context': [<snowplow_tracker.self_describing_json.SelfDescribingJson object at 0x0000023B96066650>]}
[0m12:27:08.580235 [info ] [MainThread]: Registered adapter: postgres=1.10.2
[0m12:27:08.827959 [debug] [MainThread]: checksum: 30a8cc8fdcbf66701b0944d4ccce3fa46dd04b61e5df68b9f16d57b2e0e3f0be, vars: {}, profile: , target: , version: 1.11.11
[0m12:27:08.829961 [info ] [MainThread]: Unable to do partial parsing because saved manifest not found. Starting full parse.
[0m12:27:08.830961 [debug] [MainThread]: Sending event: {'category': 'dbt', 'action': 'partial_parser', 'label': 'c23ba02e-8edb-4276-9362-287f404c2759', 'context': [<snowplow_tracker.self_describing_json.SelfDescribingJson object at 0x0000023B9986DB50>]}
[0m12:27:12.636821 [warn ] [MainThread]: [[33mWARNING[0m][MissingArgumentsPropertyInGenericTestDeprecation]: Deprecated
functionality
Found top-level arguments to test `accepted_values` defined on 'stg_loans' in
package 'risklake' (models\silver\schema.yml). Arguments to generic tests should
be nested under the `arguments` property.
[0m12:27:12.636821 [debug] [MainThread]: Sending event: {'category': 'dbt', 'action': 'deprecation', 'label': 'c23ba02e-8edb-4276-9362-287f404c2759', 'property_': 'warn', 'context': [<snowplow_tracker.self_describing_json.SelfDescribingJson object at 0x0000023B9B223590>]}
[0m12:27:12.726522 [error] [MainThread]: Encountered an error:
Compilation Error
  Model 'model.risklake.feat_credit_util' (models\silver\feat_credit_util.sql) depends on a source named 'bronze.transactions' which was not found
[0m12:27:12.726522 [warn ] [MainThread]: [[33mWARNING[0m][DeprecationsSummary]: Deprecated functionality
Summary of encountered deprecations:
- MissingArgumentsPropertyInGenericTestDeprecation: 10 occurrences
To see all deprecation instances instead of just the first occurrence of each,
run command again with the `--show-all-deprecations` flag. You may also need to
run with `--no-partial-parse` as some deprecations are only encountered during
parsing.
[0m12:27:12.726522 [debug] [MainThread]: Command `dbt run` failed at 12:27:12.726522 after 4.53 seconds
[0m12:27:12.726522 [debug] [MainThread]: Sending event: {'category': 'dbt', 'action': 'invocation', 'label': 'end', 'context': [<snowplow_tracker.self_describing_json.SelfDescribingJson object at 0x0000023B9A8F32D0>, <snowplow_tracker.self_describing_json.SelfDescribingJson object at 0x0000023B999179D0>, <snowplow_tracker.self_describing_json.SelfDescribingJson object at 0x0000023B999178D0>]}
[0m12:27:12.726522 [debug] [MainThread]: Flushing usage events
[0m12:27:14.304624 [debug] [MainThread]: An error was encountered while trying to flush usage events
[0m12:32:48.634609 [debug] [MainThread]: Sending event: {'category': 'dbt', 'action': 'invocation', 'label': 'start', 'context': [<snowplow_tracker.self_describing_json.SelfDescribingJson object at 0x00000237FC8E5F50>, <snowplow_tracker.self_describing_json.SelfDescribingJson object at 0x00000237FC99FFD0>, <snowplow_tracker.self_describing_json.SelfDescribingJson object at 0x00000237FB869B50>]}


============================== 12:32:48.634609 | f3c35c8a-012d-443f-ae05-1e4e81159a9b ==============================
[0m12:32:48.634609 [info ] [MainThread]: Running with dbt=1.11.11
[0m12:32:48.634609 [debug] [MainThread]: running dbt with arguments {'version_check': 'True', 'no_print': 'None', 'static_parser': 'True', 'warn_error_options': 'WarnErrorOptionsV2(error=[], warn=[], silence=[])', 'target_path': 'None', 'printer_width': '80', 'write_json': 'True', 'introspect': 'True', 'log_cache_events': 'False', 'empty': 'False', 'cache_selected_only': 'False', 'log_format': 'default', 'debug': 'False', 'fail_fast': 'False', 'profiles_dir': 'C:\\Users\\rande\\OneDrive\\Desktop\\risklake\\risklake\\backend\\dbt', 'send_anonymous_usage_stats': 'True', 'quiet': 'False', 'warn_error': 'None', 'partial_parse': 'True', 'use_colors': 'True', 'indirect_selection': 'eager', 'invocation_command': 'dbt run --select tag:silver', 'use_experimental_parser': 'False', 'log_path': 'C:\\Users\\rande\\OneDrive\\Desktop\\risklake\\risklake\\backend\\dbt\\logs'}
[0m12:32:48.768489 [debug] [MainThread]: Sending event: {'category': 'dbt', 'action': 'project_id', 'label': 'f3c35c8a-012d-443f-ae05-1e4e81159a9b', 'context': [<snowplow_tracker.self_describing_json.SelfDescribingJson object at 0x00000237FC9E3650>]}
[0m12:32:48.817402 [debug] [MainThread]: Sending event: {'category': 'dbt', 'action': 'adapter_info', 'label': 'f3c35c8a-012d-443f-ae05-1e4e81159a9b', 'context': [<snowplow_tracker.self_describing_json.SelfDescribingJson object at 0x00000237F8054490>]}
[0m12:32:48.819416 [info ] [MainThread]: Registered adapter: postgres=1.10.2
[0m12:32:48.989777 [debug] [MainThread]: checksum: 30a8cc8fdcbf66701b0944d4ccce3fa46dd04b61e5df68b9f16d57b2e0e3f0be, vars: {}, profile: , target: , version: 1.11.11
[0m12:32:48.990720 [info ] [MainThread]: Unable to do partial parsing because saved manifest not found. Starting full parse.
[0m12:32:48.990720 [debug] [MainThread]: Sending event: {'category': 'dbt', 'action': 'partial_parser', 'label': 'f3c35c8a-012d-443f-ae05-1e4e81159a9b', 'context': [<snowplow_tracker.self_describing_json.SelfDescribingJson object at 0x00000237FCDB3850>]}
[0m12:32:49.703679 [warn ] [MainThread]: [[33mWARNING[0m][MissingArgumentsPropertyInGenericTestDeprecation]: Deprecated
functionality
Found top-level arguments to test `accepted_values` defined on 'stg_loans' in
package 'risklake' (models\silver\schema.yml). Arguments to generic tests should
be nested under the `arguments` property.
[0m12:32:49.703679 [debug] [MainThread]: Sending event: {'category': 'dbt', 'action': 'deprecation', 'label': 'f3c35c8a-012d-443f-ae05-1e4e81159a9b', 'property_': 'warn', 'context': [<snowplow_tracker.self_describing_json.SelfDescribingJson object at 0x00000237FD123A10>]}
[0m12:32:49.754304 [error] [MainThread]: Encountered an error:
Compilation Error
  Model 'model.risklake.feat_credit_util' (models\silver\feat_credit_util.sql) depends on a source named 'bronze.transactions' which was not found
[0m12:32:49.754304 [warn ] [MainThread]: [[33mWARNING[0m][DeprecationsSummary]: Deprecated functionality
Summary of encountered deprecations:
- MissingArgumentsPropertyInGenericTestDeprecation: 10 occurrences
To see all deprecation instances instead of just the first occurrence of each,
run command again with the `--show-all-deprecations` flag. You may also need to
run with `--no-partial-parse` as some deprecations are only encountered during
parsing.
[0m12:32:49.754304 [debug] [MainThread]: Command `dbt run` failed at 12:32:49.754304 after 1.23 seconds
[0m12:32:49.754304 [debug] [MainThread]: Sending event: {'category': 'dbt', 'action': 'invocation', 'label': 'end', 'context': [<snowplow_tracker.self_describing_json.SelfDescribingJson object at 0x00000237FC9BA390>, <snowplow_tracker.self_describing_json.SelfDescribingJson object at 0x00000237FC9BA950>, <snowplow_tracker.self_describing_json.SelfDescribingJson object at 0x00000237FCBE5950>]}
[0m12:32:49.754304 [debug] [MainThread]: Flushing usage events
[0m12:32:50.995298 [debug] [MainThread]: An error was encountered while trying to flush usage events
[0m12:34:24.290562 [debug] [MainThread]: Sending event: {'category': 'dbt', 'action': 'invocation', 'label': 'start', 'context': [<snowplow_tracker.self_describing_json.SelfDescribingJson object at 0x000002C2783D2090>, <snowplow_tracker.self_describing_json.SelfDescribingJson object at 0x000002C2783D25D0>, <snowplow_tracker.self_describing_json.SelfDescribingJson object at 0x000002C2783D1DD0>]}


============================== 12:34:24.297070 | 8bd2eacc-c9e3-4939-ada9-b7fb32947889 ==============================
[0m12:34:24.297070 [info ] [MainThread]: Running with dbt=1.11.11
[0m12:34:24.297070 [debug] [MainThread]: running dbt with arguments {'static_parser': 'True', 'no_print': 'None', 'version_check': 'True', 'target_path': 'None', 'warn_error_options': 'WarnErrorOptionsV2(error=[], warn=[], silence=[])', 'printer_width': '80', 'write_json': 'True', 'introspect': 'True', 'log_cache_events': 'False', 'empty': 'False', 'cache_selected_only': 'False', 'log_format': 'default', 'debug': 'False', 'fail_fast': 'False', 'profiles_dir': 'C:\\Users\\rande\\OneDrive\\Desktop\\risklake\\risklake\\backend\\dbt', 'send_anonymous_usage_stats': 'True', 'quiet': 'False', 'warn_error': 'None', 'partial_parse': 'True', 'use_colors': 'True', 'invocation_command': 'dbt run --select tag:silver', 'indirect_selection': 'eager', 'use_experimental_parser': 'False', 'log_path': 'C:\\Users\\rande\\OneDrive\\Desktop\\risklake\\risklake\\backend\\dbt\\logs'}
[0m12:34:24.425421 [debug] [MainThread]: Sending event: {'category': 'dbt', 'action': 'project_id', 'label': '8bd2eacc-c9e3-4939-ada9-b7fb32947889', 'context': [<snowplow_tracker.self_describing_json.SelfDescribingJson object at 0x000002C2784EB9D0>]}
[0m12:34:24.468450 [debug] [MainThread]: Sending event: {'category': 'dbt', 'action': 'adapter_info', 'label': '8bd2eacc-c9e3-4939-ada9-b7fb32947889', 'context': [<snowplow_tracker.self_describing_json.SelfDescribingJson object at 0x000002C273B99B50>]}
[0m12:34:24.470088 [info ] [MainThread]: Registered adapter: postgres=1.10.2
[0m12:34:24.641804 [debug] [MainThread]: checksum: 30a8cc8fdcbf66701b0944d4ccce3fa46dd04b61e5df68b9f16d57b2e0e3f0be, vars: {}, profile: , target: , version: 1.11.11
[0m12:34:24.643711 [info ] [MainThread]: Unable to do partial parsing because saved manifest not found. Starting full parse.
[0m12:34:24.643711 [debug] [MainThread]: Sending event: {'category': 'dbt', 'action': 'partial_parser', 'label': '8bd2eacc-c9e3-4939-ada9-b7fb32947889', 'context': [<snowplow_tracker.self_describing_json.SelfDescribingJson object at 0x000002C278897B90>]}
[0m12:34:25.323571 [warn ] [MainThread]: [[33mWARNING[0m][MissingArgumentsPropertyInGenericTestDeprecation]: Deprecated
functionality
Found top-level arguments to test `accepted_values` defined on 'stg_loans' in
package 'risklake' (models\silver\schema.yml). Arguments to generic tests should
be nested under the `arguments` property.
[0m12:34:25.323571 [debug] [MainThread]: Sending event: {'category': 'dbt', 'action': 'deprecation', 'label': '8bd2eacc-c9e3-4939-ada9-b7fb32947889', 'property_': 'warn', 'context': [<snowplow_tracker.self_describing_json.SelfDescribingJson object at 0x000002C278BCD010>]}
[0m12:34:25.389747 [error] [MainThread]: Encountered an error:
Compilation Error
  Model 'model.risklake.feat_credit_util' (models\silver\feat_credit_util.sql) depends on a source named 'bronze.transactions' which was not found
[0m12:34:25.390745 [warn ] [MainThread]: [[33mWARNING[0m][DeprecationsSummary]: Deprecated functionality
Summary of encountered deprecations:
- MissingArgumentsPropertyInGenericTestDeprecation: 10 occurrences
To see all deprecation instances instead of just the first occurrence of each,
run command again with the `--show-all-deprecations` flag. You may also need to
run with `--no-partial-parse` as some deprecations are only encountered during
parsing.
[0m12:34:25.391728 [debug] [MainThread]: Command `dbt run` failed at 12:34:25.391728 after 1.19 seconds
[0m12:34:25.392730 [debug] [MainThread]: Sending event: {'category': 'dbt', 'action': 'invocation', 'label': 'end', 'context': [<snowplow_tracker.self_describing_json.SelfDescribingJson object at 0x000002C27090A890>, <snowplow_tracker.self_describing_json.SelfDescribingJson object at 0x000002C27847C310>, <snowplow_tracker.self_describing_json.SelfDescribingJson object at 0x000002C2773F7B90>]}
[0m12:34:25.392730 [debug] [MainThread]: Flushing usage events
[0m12:34:26.582137 [debug] [MainThread]: An error was encountered while trying to flush usage events
[0m12:36:36.268579 [debug] [MainThread]: Sending event: {'category': 'dbt', 'action': 'invocation', 'label': 'start', 'context': [<snowplow_tracker.self_describing_json.SelfDescribingJson object at 0x0000026355DA61D0>, <snowplow_tracker.self_describing_json.SelfDescribingJson object at 0x0000026354D1DE10>, <snowplow_tracker.self_describing_json.SelfDescribingJson object at 0x0000026354D29B50>]}


============================== 12:36:36.274007 | 8785025d-a30e-462d-8dab-96dd5164dad4 ==============================
[0m12:36:36.274007 [info ] [MainThread]: Running with dbt=1.11.11
[0m12:36:36.274007 [debug] [MainThread]: running dbt with arguments {'version_check': 'True', 'no_print': 'None', 'static_parser': 'True', 'warn_error_options': 'WarnErrorOptionsV2(error=[], warn=[], silence=[])', 'target_path': 'None', 'printer_width': '80', 'write_json': 'True', 'introspect': 'True', 'log_cache_events': 'False', 'empty': 'False', 'cache_selected_only': 'False', 'log_format': 'default', 'debug': 'False', 'fail_fast': 'False', 'profiles_dir': 'C:\\Users\\rande\\OneDrive\\Desktop\\risklake\\risklake\\backend\\dbt', 'send_anonymous_usage_stats': 'True', 'quiet': 'False', 'warn_error': 'None', 'partial_parse': 'True', 'use_colors': 'True', 'indirect_selection': 'eager', 'invocation_command': 'dbt run --select tag:silver', 'use_experimental_parser': 'False', 'log_path': 'C:\\Users\\rande\\OneDrive\\Desktop\\risklake\\risklake\\backend\\dbt\\logs'}
[0m12:36:36.385828 [debug] [MainThread]: Sending event: {'category': 'dbt', 'action': 'project_id', 'label': '8785025d-a30e-462d-8dab-96dd5164dad4', 'context': [<snowplow_tracker.self_describing_json.SelfDescribingJson object at 0x0000026355FD2F10>]}
[0m12:36:36.439535 [debug] [MainThread]: Sending event: {'category': 'dbt', 'action': 'adapter_info', 'label': '8785025d-a30e-462d-8dab-96dd5164dad4', 'context': [<snowplow_tracker.self_describing_json.SelfDescribingJson object at 0x00000263515159D0>]}
[0m12:36:36.439535 [info ] [MainThread]: Registered adapter: postgres=1.10.2
[0m12:36:36.602648 [debug] [MainThread]: checksum: 30a8cc8fdcbf66701b0944d4ccce3fa46dd04b61e5df68b9f16d57b2e0e3f0be, vars: {}, profile: , target: , version: 1.11.11
[0m12:36:36.603323 [info ] [MainThread]: Unable to do partial parsing because saved manifest not found. Starting full parse.
[0m12:36:36.604447 [debug] [MainThread]: Sending event: {'category': 'dbt', 'action': 'partial_parser', 'label': '8785025d-a30e-462d-8dab-96dd5164dad4', 'context': [<snowplow_tracker.self_describing_json.SelfDescribingJson object at 0x0000026356110910>]}
[0m12:36:37.306062 [warn ] [MainThread]: [[33mWARNING[0m][MissingArgumentsPropertyInGenericTestDeprecation]: Deprecated
functionality
Found top-level arguments to test `accepted_values` defined on 'stg_loans' in
package 'risklake' (models\silver\schema.yml). Arguments to generic tests should
be nested under the `arguments` property.
[0m12:36:37.306062 [debug] [MainThread]: Sending event: {'category': 'dbt', 'action': 'deprecation', 'label': '8785025d-a30e-462d-8dab-96dd5164dad4', 'property_': 'warn', 'context': [<snowplow_tracker.self_describing_json.SelfDescribingJson object at 0x000002635659ED90>]}
[0m12:36:37.363666 [error] [MainThread]: Encountered an error:
Compilation Error
  Model 'model.risklake.feat_credit_util' (models\silver\feat_credit_util.sql) depends on a source named 'bronze.transactions' which was not found
[0m12:36:37.363666 [warn ] [MainThread]: [[33mWARNING[0m][DeprecationsSummary]: Deprecated functionality
Summary of encountered deprecations:
- MissingArgumentsPropertyInGenericTestDeprecation: 10 occurrences
To see all deprecation instances instead of just the first occurrence of each,
run command again with the `--show-all-deprecations` flag. You may also need to
run with `--no-partial-parse` as some deprecations are only encountered during
parsing.
[0m12:36:37.363666 [debug] [MainThread]: Command `dbt run` failed at 12:36:37.363666 after 1.19 seconds
[0m12:36:37.363666 [debug] [MainThread]: Sending event: {'category': 'dbt', 'action': 'invocation', 'label': 'end', 'context': [<snowplow_tracker.self_describing_json.SelfDescribingJson object at 0x000002634E26A890>, <snowplow_tracker.self_describing_json.SelfDescribingJson object at 0x0000026354A80950>, <snowplow_tracker.self_describing_json.SelfDescribingJson object at 0x0000026356674D10>]}
[0m12:36:37.363666 [debug] [MainThread]: Flushing usage events
[0m12:36:38.609451 [debug] [MainThread]: An error was encountered while trying to flush usage events
[0m12:37:46.553453 [debug] [MainThread]: Sending event: {'category': 'dbt', 'action': 'invocation', 'label': 'start', 'context': [<snowplow_tracker.self_describing_json.SelfDescribingJson object at 0x000001AA429AAE50>, <snowplow_tracker.self_describing_json.SelfDescribingJson object at 0x000001AA415B0810>, <snowplow_tracker.self_describing_json.SelfDescribingJson object at 0x000001AA416A94D0>]}


============================== 12:37:46.557619 | 78266226-609a-47d2-a063-3b1905940b65 ==============================
[0m12:37:46.557619 [info ] [MainThread]: Running with dbt=1.11.11
[0m12:37:46.559625 [debug] [MainThread]: running dbt with arguments {'static_parser': 'True', 'no_print': 'None', 'version_check': 'True', 'target_path': 'None', 'warn_error_options': 'WarnErrorOptionsV2(error=[], warn=[], silence=[])', 'printer_width': '80', 'write_json': 'True', 'introspect': 'True', 'log_cache_events': 'False', 'empty': 'False', 'cache_selected_only': 'False', 'fail_fast': 'False', 'debug': 'False', 'log_format': 'default', 'profiles_dir': 'C:\\Users\\rande\\OneDrive\\Desktop\\risklake\\risklake\\backend\\dbt', 'send_anonymous_usage_stats': 'True', 'quiet': 'False', 'warn_error': 'None', 'partial_parse': 'True', 'invocation_command': 'dbt run --select tag:silver', 'indirect_selection': 'eager', 'use_colors': 'True', 'use_experimental_parser': 'False', 'log_path': 'C:\\Users\\rande\\OneDrive\\Desktop\\risklake\\risklake\\backend\\dbt\\logs'}
[0m12:37:46.684889 [debug] [MainThread]: Sending event: {'category': 'dbt', 'action': 'project_id', 'label': '78266226-609a-47d2-a063-3b1905940b65', 'context': [<snowplow_tracker.self_describing_json.SelfDescribingJson object at 0x000001AA42A87CD0>]}
[0m12:37:46.725996 [debug] [MainThread]: Sending event: {'category': 'dbt', 'action': 'adapter_info', 'label': '78266226-609a-47d2-a063-3b1905940b65', 'context': [<snowplow_tracker.self_describing_json.SelfDescribingJson object at 0x000001AA3E044910>]}
[0m12:37:46.725996 [info ] [MainThread]: Registered adapter: postgres=1.10.2
[0m12:37:46.905922 [debug] [MainThread]: checksum: 30a8cc8fdcbf66701b0944d4ccce3fa46dd04b61e5df68b9f16d57b2e0e3f0be, vars: {}, profile: , target: , version: 1.11.11
[0m12:37:46.907822 [info ] [MainThread]: Unable to do partial parsing because saved manifest not found. Starting full parse.
[0m12:37:46.907822 [debug] [MainThread]: Sending event: {'category': 'dbt', 'action': 'partial_parser', 'label': '78266226-609a-47d2-a063-3b1905940b65', 'context': [<snowplow_tracker.self_describing_json.SelfDescribingJson object at 0x000001AA429AB310>]}
[0m12:37:47.609537 [warn ] [MainThread]: [[33mWARNING[0m][MissingArgumentsPropertyInGenericTestDeprecation]: Deprecated
functionality
Found top-level arguments to test `accepted_values` defined on 'stg_loans' in
package 'risklake' (models\silver\schema.yml). Arguments to generic tests should
be nested under the `arguments` property.
[0m12:37:47.610544 [debug] [MainThread]: Sending event: {'category': 'dbt', 'action': 'deprecation', 'label': '78266226-609a-47d2-a063-3b1905940b65', 'property_': 'warn', 'context': [<snowplow_tracker.self_describing_json.SelfDescribingJson object at 0x000001AA42B5C390>]}
[0m12:37:47.657079 [error] [MainThread]: Encountered an error:
Compilation Error
  Model 'model.risklake.feat_credit_util' (models\silver\feat_credit_util.sql) depends on a source named 'bronze.transactions' which was not found
[0m12:37:47.657079 [warn ] [MainThread]: [[33mWARNING[0m][DeprecationsSummary]: Deprecated functionality
Summary of encountered deprecations:
- MissingArgumentsPropertyInGenericTestDeprecation: 10 occurrences
To see all deprecation instances instead of just the first occurrence of each,
run command again with the `--show-all-deprecations` flag. You may also need to
run with `--no-partial-parse` as some deprecations are only encountered during
parsing.
[0m12:37:47.670634 [debug] [MainThread]: Command `dbt run` failed at 12:37:47.670634 after 1.19 seconds
[0m12:37:47.670634 [debug] [MainThread]: Sending event: {'category': 'dbt', 'action': 'invocation', 'label': 'end', 'context': [<snowplow_tracker.self_describing_json.SelfDescribingJson object at 0x000001AA3ADEA890>, <snowplow_tracker.self_describing_json.SelfDescribingJson object at 0x000001AA428D0090>, <snowplow_tracker.self_describing_json.SelfDescribingJson object at 0x000001AA432ECED0>]}
[0m12:37:47.671704 [debug] [MainThread]: Flushing usage events
[0m12:37:48.882621 [debug] [MainThread]: An error was encountered while trying to flush usage events
[0m12:40:39.924438 [debug] [MainThread]: Sending event: {'category': 'dbt', 'action': 'invocation', 'label': 'start', 'context': [<snowplow_tracker.self_describing_json.SelfDescribingJson object at 0x00000172B7AE1ED0>, <snowplow_tracker.self_describing_json.SelfDescribingJson object at 0x00000172B7B8C350>, <snowplow_tracker.self_describing_json.SelfDescribingJson object at 0x00000172B6A4F650>]}


============================== 12:40:39.929429 | 9f20561c-5001-44d8-804b-f941a29b494f ==============================
[0m12:40:39.929429 [info ] [MainThread]: Running with dbt=1.11.11
[0m12:40:39.930426 [debug] [MainThread]: running dbt with arguments {'version_check': 'True', 'no_print': 'None', 'static_parser': 'True', 'target_path': 'None', 'warn_error_options': 'WarnErrorOptionsV2(error=[], warn=[], silence=[])', 'printer_width': '80', 'write_json': 'True', 'empty': 'False', 'log_cache_events': 'False', 'introspect': 'True', 'cache_selected_only': 'False', 'log_format': 'default', 'debug': 'False', 'fail_fast': 'False', 'partial_parse': 'True', 'send_anonymous_usage_stats': 'True', 'quiet': 'False', 'warn_error': 'None', 'profiles_dir': 'C:\\Users\\rande\\OneDrive\\Desktop\\risklake\\risklake\\backend\\dbt', 'indirect_selection': 'eager', 'invocation_command': 'dbt run --select tag:silver', 'use_colors': 'True', 'use_experimental_parser': 'False', 'log_path': 'C:\\Users\\rande\\OneDrive\\Desktop\\risklake\\risklake\\backend\\dbt\\logs'}
[0m12:40:40.061340 [debug] [MainThread]: Sending event: {'category': 'dbt', 'action': 'project_id', 'label': '9f20561c-5001-44d8-804b-f941a29b494f', 'context': [<snowplow_tracker.self_describing_json.SelfDescribingJson object at 0x00000172B7C06310>]}
[0m12:40:40.092750 [debug] [MainThread]: Sending event: {'category': 'dbt', 'action': 'adapter_info', 'label': '9f20561c-5001-44d8-804b-f941a29b494f', 'context': [<snowplow_tracker.self_describing_json.SelfDescribingJson object at 0x00000172B3244250>]}
[0m12:40:40.092750 [info ] [MainThread]: Registered adapter: postgres=1.10.2
[0m12:40:40.264677 [debug] [MainThread]: checksum: 30a8cc8fdcbf66701b0944d4ccce3fa46dd04b61e5df68b9f16d57b2e0e3f0be, vars: {}, profile: , target: , version: 1.11.11
[0m12:40:40.264677 [info ] [MainThread]: Unable to do partial parsing because saved manifest not found. Starting full parse.
[0m12:40:40.264677 [debug] [MainThread]: Sending event: {'category': 'dbt', 'action': 'partial_parser', 'label': '9f20561c-5001-44d8-804b-f941a29b494f', 'context': [<snowplow_tracker.self_describing_json.SelfDescribingJson object at 0x00000172B6A69610>]}
[0m12:40:41.006007 [warn ] [MainThread]: [[33mWARNING[0m][MissingArgumentsPropertyInGenericTestDeprecation]: Deprecated
functionality
Found top-level arguments to test `accepted_values` defined on 'stg_loans' in
package 'risklake' (models\silver\schema.yml). Arguments to generic tests should
be nested under the `arguments` property.
[0m12:40:41.007007 [debug] [MainThread]: Sending event: {'category': 'dbt', 'action': 'deprecation', 'label': '9f20561c-5001-44d8-804b-f941a29b494f', 'property_': 'warn', 'context': [<snowplow_tracker.self_describing_json.SelfDescribingJson object at 0x00000172B8284C90>]}
[0m12:40:41.155662 [warn ] [MainThread]: [[33mWARNING[0m]: Configuration paths exist in your dbt_project.yml file which do not apply to any resources.
There are 2 unused configuration paths:
- models.risklake.gold
- models.risklake.bronze
[0m12:40:41.155662 [debug] [MainThread]: Sending event: {'category': 'dbt', 'action': 'load_project', 'label': '9f20561c-5001-44d8-804b-f941a29b494f', 'context': [<snowplow_tracker.self_describing_json.SelfDescribingJson object at 0x00000172B8304E50>]}
[0m12:40:41.280616 [debug] [MainThread]: Wrote artifact WritableManifest to C:\Users\rande\OneDrive\Desktop\risklake\risklake\backend\dbt\target\manifest.json
[0m12:40:41.338452 [debug] [MainThread]: Wrote artifact SemanticManifest to C:\Users\rande\OneDrive\Desktop\risklake\risklake\backend\dbt\target\semantic_manifest.json
[0m12:40:41.373447 [debug] [MainThread]: Sending event: {'category': 'dbt', 'action': 'resource_counts', 'label': '9f20561c-5001-44d8-804b-f941a29b494f', 'context': [<snowplow_tracker.self_describing_json.SelfDescribingJson object at 0x00000172B85CB050>]}
[0m12:40:41.373447 [info ] [MainThread]: Found 4 models, 45 data tests, 4 sources, 475 macros
[0m12:40:41.389214 [debug] [MainThread]: Sending event: {'category': 'dbt', 'action': 'runnable_timing', 'label': '9f20561c-5001-44d8-804b-f941a29b494f', 'context': [<snowplow_tracker.self_describing_json.SelfDescribingJson object at 0x00000172B83D7D50>]}
[0m12:40:41.391981 [info ] [MainThread]: 
[0m12:40:41.391981 [info ] [MainThread]: Concurrency: 4 threads (target='dev')
[0m12:40:41.393025 [info ] [MainThread]: 
[0m12:40:41.394340 [debug] [MainThread]: Acquiring new postgres connection 'master'
[0m12:40:41.395596 [debug] [ThreadPool]: Acquiring new postgres connection 'list_risklake'
[0m12:40:41.437954 [debug] [ThreadPool]: Using postgres connection "list_risklake"
[0m12:40:41.453546 [debug] [ThreadPool]: On list_risklake: /* {"app": "dbt", "dbt_version": "1.11.11", "profile_name": "risklake", "target_name": "dev", "connection_name": "list_risklake"} */

    select distinct nspname from pg_namespace
  
[0m12:40:41.453546 [debug] [ThreadPool]: Opening a new connection, currently in state init
[0m12:40:41.518914 [debug] [ThreadPool]: SQL status: SELECT 7 in 0.065 seconds
[0m12:40:41.519951 [debug] [ThreadPool]: On list_risklake: Close
[0m12:40:41.519951 [debug] [ThreadPool]: Re-using an available connection from the pool (formerly list_risklake, now create_risklake_silver_silver)
[0m12:40:41.519951 [debug] [ThreadPool]: Creating schema "database: "risklake"
schema: "silver_silver"
"
[0m12:40:41.519951 [debug] [ThreadPool]: Using postgres connection "create_risklake_silver_silver"
[0m12:40:41.519951 [debug] [ThreadPool]: On create_risklake_silver_silver: /* {"app": "dbt", "dbt_version": "1.11.11", "profile_name": "risklake", "target_name": "dev", "connection_name": "create_risklake_silver_silver"} */
create schema if not exists "silver_silver"
[0m12:40:41.519951 [debug] [ThreadPool]: Opening a new connection, currently in state closed
[0m12:40:41.567789 [debug] [ThreadPool]: SQL status: CREATE SCHEMA in 0.052 seconds
[0m12:40:41.567789 [debug] [ThreadPool]: On create_risklake_silver_silver: COMMIT
[0m12:40:41.567789 [debug] [ThreadPool]: Using postgres connection "create_risklake_silver_silver"
[0m12:40:41.567789 [debug] [ThreadPool]: On create_risklake_silver_silver: COMMIT
[0m12:40:41.583490 [debug] [ThreadPool]: SQL status: COMMIT in 0.001 seconds
[0m12:40:41.583490 [debug] [ThreadPool]: On create_risklake_silver_silver: Close
[0m12:40:41.583490 [debug] [ThreadPool]: Acquiring new postgres connection 'list_risklake_silver_silver'
[0m12:40:41.583490 [debug] [ThreadPool]: Using postgres connection "list_risklake_silver_silver"
[0m12:40:41.583490 [debug] [ThreadPool]: On list_risklake_silver_silver: /* {"app": "dbt", "dbt_version": "1.11.11", "profile_name": "risklake", "target_name": "dev", "connection_name": "list_risklake_silver_silver"} */
select
      'risklake' as database,
      tablename as name,
      schemaname as schema,
      'table' as type
    from pg_tables
    where schemaname ilike 'silver_silver'
    union all
    select
      'risklake' as database,
      viewname as name,
      schemaname as schema,
      'view' as type
    from pg_views
    where schemaname ilike 'silver_silver'
    union all
    select
      'risklake' as database,
      matviewname as name,
      schemaname as schema,
      'materialized_view' as type
    from pg_matviews
    where schemaname ilike 'silver_silver'
  
[0m12:40:41.583490 [debug] [ThreadPool]: Opening a new connection, currently in state init
[0m12:40:41.615165 [debug] [ThreadPool]: SQL status: SELECT 0 in 0.035 seconds
[0m12:40:41.615165 [debug] [ThreadPool]: On list_risklake_silver_silver: ROLLBACK
[0m12:40:41.615165 [debug] [ThreadPool]: On list_risklake_silver_silver: Close
[0m12:40:41.631122 [debug] [MainThread]: Using postgres connection "master"
[0m12:40:41.631122 [debug] [MainThread]: On master: /* {"app": "dbt", "dbt_version": "1.11.11", "profile_name": "risklake", "target_name": "dev", "connection_name": "master"} */
select distinct
        dependent_namespace.nspname as dependent_schema,
        dependent_class.relname as dependent_name,
        referenced_namespace.nspname as referenced_schema,
        referenced_class.relname as referenced_name

    -- Query for views: views are entries in pg_class with an entry in pg_rewrite, but we avoid
    -- a seq scan on pg_rewrite by leveraging the fact there is an "internal" row in pg_depend for
    -- the view...
    from pg_class as dependent_class
    join pg_namespace as dependent_namespace on dependent_namespace.oid = dependent_class.relnamespace
    join pg_depend as dependent_depend on dependent_depend.refobjid = dependent_class.oid
        and dependent_depend.classid = 'pg_rewrite'::regclass
        and dependent_depend.refclassid = 'pg_class'::regclass
        and dependent_depend.deptype = 'i'

    -- ... and via pg_depend (that has a row per column, hence the need for "distinct" above, and
    -- making sure to exclude the internal row to avoid a view appearing to depend on itself)...
    join pg_depend as joining_depend on joining_depend.objid = dependent_depend.objid
        and joining_depend.classid = 'pg_rewrite'::regclass
        and joining_depend.refclassid = 'pg_class'::regclass
        and joining_depend.refobjid != dependent_depend.refobjid

    -- ... we can find the tables they query from in pg_class, but excluding system tables. Note we
    -- don't need need to exclude _dependent_ system tables, because they only query from other
    -- system tables, and so are automatically excluded by excluding _referenced_ system tables
    join pg_class as referenced_class on referenced_class.oid = joining_depend.refobjid
    join pg_namespace as referenced_namespace on referenced_namespace.oid = referenced_class.relnamespace
        and referenced_namespace.nspname != 'information_schema'
        and referenced_namespace.nspname not like 'pg\_%'

    order by
        dependent_schema, dependent_name, referenced_schema, referenced_name;
[0m12:40:41.631122 [debug] [MainThread]: Opening a new connection, currently in state init
[0m12:40:41.662680 [debug] [MainThread]: SQL status: SELECT 0 in 0.037 seconds
[0m12:40:41.662680 [debug] [MainThread]: Sending event: {'category': 'dbt', 'action': 'runnable_timing', 'label': '9f20561c-5001-44d8-804b-f941a29b494f', 'context': [<snowplow_tracker.self_describing_json.SelfDescribingJson object at 0x00000172B84F4550>]}
[0m12:40:41.662680 [debug] [MainThread]: On master: ROLLBACK
[0m12:40:41.662680 [debug] [MainThread]: On master: COMMIT
[0m12:40:41.662680 [debug] [MainThread]: Using postgres connection "master"
[0m12:40:41.662680 [debug] [MainThread]: On master: COMMIT
[0m12:40:41.662680 [debug] [MainThread]: SQL status: COMMIT in 0.000 seconds
[0m12:40:41.662680 [debug] [MainThread]: On master: Close
[0m12:40:41.685557 [debug] [Thread-1 (]: Began running node model.risklake.stg_credit
[0m12:40:41.685557 [debug] [Thread-2 (]: Began running node model.risklake.stg_loans
[0m12:40:41.685557 [info ] [Thread-1 (]: 1 of 4 START sql table model silver_silver.stg_credit .......................... [RUN]
[0m12:40:41.685557 [info ] [Thread-2 (]: 2 of 4 START sql table model silver_silver.stg_loans ........................... [RUN]
[0m12:40:41.685557 [debug] [Thread-1 (]: Acquiring new postgres connection 'model.risklake.stg_credit'
[0m12:40:41.685557 [debug] [Thread-2 (]: Acquiring new postgres connection 'model.risklake.stg_loans'
[0m12:40:41.685557 [debug] [Thread-1 (]: Began compiling node model.risklake.stg_credit
[0m12:40:41.685557 [debug] [Thread-2 (]: Began compiling node model.risklake.stg_loans
[0m12:40:41.704939 [debug] [Thread-1 (]: Writing injected SQL for node "model.risklake.stg_credit"
[0m12:40:41.704939 [debug] [Thread-2 (]: Writing injected SQL for node "model.risklake.stg_loans"
[0m12:40:41.704939 [debug] [Thread-1 (]: Began executing node model.risklake.stg_credit
[0m12:40:41.736392 [debug] [Thread-2 (]: Began executing node model.risklake.stg_loans
[0m12:40:41.742973 [debug] [Thread-1 (]: Writing runtime sql for node "model.risklake.stg_credit"
[0m12:40:41.744971 [debug] [Thread-2 (]: Writing runtime sql for node "model.risklake.stg_loans"
[0m12:40:41.746881 [debug] [Thread-2 (]: Using postgres connection "model.risklake.stg_loans"
[0m12:40:41.747881 [debug] [Thread-2 (]: On model.risklake.stg_loans: /* {"app": "dbt", "dbt_version": "1.11.11", "profile_name": "risklake", "target_name": "dev", "node_id": "model.risklake.stg_loans"} */

  
    

  create  table "risklake"."silver_silver"."stg_loans__dbt_tmp"
  
  
    as
  
  (
    /*
  RiskLake — Silver Layer
  Model  : stg_loans
  Schema : silver
  Source : bronze.loan_applications

  Purpose
  -------
  Cleans and standardises the raw loan application data arriving from the
  Bronze layer. This is the canonical staging model that all downstream
  Silver feature models and Gold risk tables join against.

  Transformations applied
  -----------------------
  1. Cast columns to correct data types (Bronze lands everything as TEXT).
  2. Null-safe defaults for optional fields.
  3. Derive loan_to_income_ratio — a foundational risk signal.
  4. Standardise categorical values to lowercase snake_case.
  5. Drop internal Bronze metadata columns (_bronze_*).
  6. Add silver_processed_at audit timestamp.

  Grain: one row per loan application (application_id is the PK).
*/



with

source as (

    select * from "risklake"."bronze"."loan_applications"

),

cleaned as (

    select
        -- ── Keys ────────────────────────────────────────────────────────
        trim(application_id)                            as application_id,
        trim(customer_id)                               as customer_id,

        -- ── Dates ───────────────────────────────────────────────────────
        cast(application_date as date)                  as application_date,

        -- ── Financials ──────────────────────────────────────────────────
        cast(loan_amount_inr     as bigint)             as loan_amount_inr,
        cast(annual_income_inr   as bigint)             as annual_income_inr,
        cast(loan_term_months    as integer)            as loan_term_months,
        cast(existing_loans      as integer)            as existing_loans,
        cast(collateral_value    as bigint)             as collateral_value_inr,
        cast(credit_score        as integer)            as credit_score,

        -- ── Categoricals — lowercased & trimmed ─────────────────────────
        lower(trim(employment_type))                    as employment_type,
        lower(trim(loan_purpose))                       as loan_purpose,

        -- ── Target label ────────────────────────────────────────────────
        cast(default_flag as integer)                   as default_flag,

        -- ── Derived feature: Loan-to-Income ratio ───────────────────────
        -- Protects against division-by-zero from dirty source data.
        case
            when cast(annual_income_inr as bigint) > 0
            then round(
                cast(loan_amount_inr as numeric)
                / cast(annual_income_inr as numeric),
                4
            )
            else null
        end                                             as loan_to_income_ratio,

        -- ── Collateral coverage ratio ────────────────────────────────────
        case
            when cast(loan_amount_inr as bigint) > 0
            then round(
                cast(collateral_value as numeric)
                / cast(loan_amount_inr as numeric),
                4
            )
            else null
        end                                             as collateral_coverage_ratio,

        -- ── Credit risk tier (rule-based, overridden by Gold ML model) ───
        case
            when cast(credit_score as integer) >= 750 then 'low'
            when cast(credit_score as integer) >= 600 then 'medium'
            when cast(credit_score as integer) >= 450 then 'high'
            else 'very_high'
        end                                             as credit_risk_tier,

        -- ── Audit ───────────────────────────────────────────────────────
        current_timestamp                               as silver_processed_at

    from source

    where
        -- Hard filter: reject rows with no primary key or income
        application_id   is not null
        and customer_id  is not null
        and cast(annual_income_inr as bigint) > 0

),

deduped as (

    -- Keep the latest record per application_id in case Bronze re-ingests
    select distinct on (application_id)
        *
    from cleaned
    order by application_id, silver_processed_at desc

)

select * from deduped
  );
  
[0m12:40:41.747881 [debug] [Thread-2 (]: Opening a new connection, currently in state init
[0m12:40:41.748880 [debug] [Thread-1 (]: Using postgres connection "model.risklake.stg_credit"
[0m12:40:41.749881 [debug] [Thread-1 (]: On model.risklake.stg_credit: /* {"app": "dbt", "dbt_version": "1.11.11", "profile_name": "risklake", "target_name": "dev", "node_id": "model.risklake.stg_credit"} */

  
    

  create  table "risklake"."silver_silver"."stg_credit__dbt_tmp"
  
  
    as
  
  (
    /*
  RiskLake — Silver Layer
  Model  : stg_credit
  Schema : silver
  Source : bronze.credit_bureau

  Purpose
  -------
  Cleans and enriches credit bureau pull data. Adds computed signals that
  the Gold PD model and feat_credit_util feature model consume.

  Transformations
  ---------------
  1. Type casting — everything arrives as TEXT from Bronze.
  2. Utilisation band bucketing for model inputs.
  3. Inquiry velocity flag (>=3 hard inquiries in 6 months = elevated risk).
  4. Available credit headroom calculation.
  5. Deduplication — keep the most recent bureau pull per customer.

  Grain: one row per customer (most recent bureau pull).
*/



with

source as (

    select * from "risklake"."bronze"."credit_bureau"

),

cleaned as (

    select
        -- ── Keys ────────────────────────────────────────────────────────
        trim(customer_id)                                   as customer_id,
        cast(bureau_pull_date as date)                      as bureau_pull_date,

        -- ── Core bureau fields ───────────────────────────────────────────
        cast(credit_score            as integer)            as credit_score,
        cast(total_accounts          as integer)            as total_accounts,
        cast(open_accounts           as integer)            as open_accounts,
        cast(delinquent_accounts     as integer)            as delinquent_accounts,
        cast(hard_inquiries_6m       as integer)            as hard_inquiries_6m,
        cast(oldest_account_months   as integer)            as oldest_account_months,
        cast(total_credit_limit_inr  as bigint)             as total_credit_limit_inr,
        cast(total_balance_inr       as bigint)             as total_balance_inr,

        -- Utilisation — clamp to [0,1] in case of dirty upstream values
        greatest(0, least(1,
            cast(credit_utilisation_pct as numeric)
        ))                                                  as credit_utilisation_pct,

        -- ── Derived: available credit headroom ───────────────────────────
        greatest(0,
            cast(total_credit_limit_inr as bigint)
            - cast(total_balance_inr    as bigint)
        )                                                   as available_credit_inr,

        -- ── Utilisation band (used as categorical feature in Gold ML) ────
        case
            when cast(credit_utilisation_pct as numeric) < 0.30 then 'low'
            when cast(credit_utilisation_pct as numeric) < 0.60 then 'medium'
            when cast(credit_utilisation_pct as numeric) < 0.90 then 'high'
            else 'maxed_out'
        end                                                 as utilisation_band,

        -- ── Inquiry velocity flag ────────────────────────────────────────
        -- >=3 hard inquiries in 6 months signals credit-hungry behaviour
        case
            when cast(hard_inquiries_6m as integer) >= 3 then 1
            else 0
        end                                                 as high_inquiry_flag,

        -- ── Delinquency rate ─────────────────────────────────────────────
        case
            when cast(total_accounts as integer) > 0
            then round(
                cast(delinquent_accounts as numeric)
                / cast(total_accounts    as numeric),
                4
            )
            else 0
        end                                                 as delinquency_rate,

        -- ── Credit age band ──────────────────────────────────────────────
        case
            when cast(oldest_account_months as integer) < 12  then 'new'
            when cast(oldest_account_months as integer) < 36  then 'developing'
            when cast(oldest_account_months as integer) < 84  then 'established'
            else 'mature'
        end                                                 as credit_age_band,

        -- ── Audit ───────────────────────────────────────────────────────
        current_timestamp                                   as silver_processed_at

    from source
    where customer_id is not null

),

-- Most recent bureau pull per customer
deduped as (

    select distinct on (customer_id)
        *
    from cleaned
    order by customer_id, bureau_pull_date desc

)

select * from deduped
  );
  
[0m12:40:41.750900 [debug] [Thread-1 (]: Opening a new connection, currently in state init
[0m12:40:41.770600 [debug] [Thread-2 (]: Postgres adapter: Postgres error: permission denied for schema bronze
LINE 42:     select * from "risklake"."bronze"."loan_applications"
                           ^

[0m12:40:41.770600 [debug] [Thread-2 (]: On model.risklake.stg_loans: ROLLBACK
[0m12:40:41.770600 [debug] [Thread-2 (]: On model.risklake.stg_loans: Close
[0m12:40:41.770600 [debug] [Thread-1 (]: Postgres adapter: Postgres error: permission denied for schema bronze
LINE 40:     select * from "risklake"."bronze"."credit_bureau"
                           ^

[0m12:40:41.770600 [debug] [Thread-1 (]: On model.risklake.stg_credit: ROLLBACK
[0m12:40:41.770600 [debug] [Thread-1 (]: On model.risklake.stg_credit: Close
[0m12:40:41.871410 [debug] [Thread-2 (]: Database Error in model stg_loans (models\silver\stg_loans.sql)
  permission denied for schema bronze
  LINE 42:     select * from "risklake"."bronze"."loan_applications"
                             ^
  compiled code at target\run\risklake\models\silver\stg_loans.sql
[0m12:40:41.872411 [debug] [Thread-1 (]: Database Error in model stg_credit (models\silver\stg_credit.sql)
  permission denied for schema bronze
  LINE 40:     select * from "risklake"."bronze"."credit_bureau"
                             ^
  compiled code at target\run\risklake\models\silver\stg_credit.sql
[0m12:40:41.874413 [debug] [Thread-2 (]: Sending event: {'category': 'dbt', 'action': 'run_model', 'label': '9f20561c-5001-44d8-804b-f941a29b494f', 'context': [<snowplow_tracker.self_describing_json.SelfDescribingJson object at 0x00000172B8864490>]}
[0m12:40:41.875412 [debug] [Thread-1 (]: Sending event: {'category': 'dbt', 'action': 'run_model', 'label': '9f20561c-5001-44d8-804b-f941a29b494f', 'context': [<snowplow_tracker.self_describing_json.SelfDescribingJson object at 0x00000172B884FD50>]}
[0m12:40:41.875412 [error] [Thread-2 (]: 2 of 4 ERROR creating sql table model silver_silver.stg_loans .................. [[31mERROR[0m in 0.19s]
[0m12:40:41.876413 [error] [Thread-1 (]: 1 of 4 ERROR creating sql table model silver_silver.stg_credit ................. [[31mERROR[0m in 0.19s]
[0m12:40:41.877413 [debug] [Thread-2 (]: Finished running node model.risklake.stg_loans
[0m12:40:41.877413 [debug] [Thread-1 (]: Finished running node model.risklake.stg_credit
[0m12:40:41.878411 [debug] [Thread-7 (]: Marking all children of 'model.risklake.stg_loans' to be skipped because of status 'error'.  Reason: Database Error in model stg_loans (models\silver\stg_loans.sql)
  permission denied for schema bronze
  LINE 42:     select * from "risklake"."bronze"."loan_applications"
                             ^
  compiled code at target\run\risklake\models\silver\stg_loans.sql.
[0m12:40:41.879409 [debug] [Thread-7 (]: Marking all children of 'model.risklake.stg_credit' to be skipped because of status 'error'.  Reason: Database Error in model stg_credit (models\silver\stg_credit.sql)
  permission denied for schema bronze
  LINE 40:     select * from "risklake"."bronze"."credit_bureau"
                             ^
  compiled code at target\run\risklake\models\silver\stg_credit.sql.
[0m12:40:41.880413 [debug] [Thread-4 (]: Began running node model.risklake.feat_credit_util
[0m12:40:41.880413 [debug] [Thread-3 (]: Began running node model.risklake.feat_dti_ratio
[0m12:40:41.881413 [info ] [Thread-4 (]: 3 of 4 SKIP relation silver_silver.feat_credit_util ............................ [[33mSKIP[0m]
[0m12:40:41.881413 [info ] [Thread-3 (]: 4 of 4 SKIP relation silver_silver.feat_dti_ratio .............................. [[33mSKIP[0m]
[0m12:40:41.882382 [debug] [Thread-4 (]: Finished running node model.risklake.feat_credit_util
[0m12:40:41.883496 [debug] [Thread-3 (]: Finished running node model.risklake.feat_dti_ratio
[0m12:40:41.885472 [debug] [MainThread]: On master: COMMIT
[0m12:40:41.885472 [debug] [MainThread]: Using postgres connection "master"
[0m12:40:41.886489 [debug] [MainThread]: On master: COMMIT
[0m12:40:41.886489 [debug] [MainThread]: Opening a new connection, currently in state closed
[0m12:40:41.910107 [debug] [MainThread]: SQL status: COMMIT in 0.031 seconds
[0m12:40:41.910107 [debug] [MainThread]: On master: Close
[0m12:40:41.910107 [debug] [MainThread]: Connection 'master' was properly closed.
[0m12:40:41.910107 [debug] [MainThread]: Connection 'create_risklake_silver_silver' was properly closed.
[0m12:40:41.910107 [debug] [MainThread]: Connection 'list_risklake_silver_silver' was properly closed.
[0m12:40:41.910107 [debug] [MainThread]: Connection 'model.risklake.stg_credit' was properly closed.
[0m12:40:41.920229 [debug] [MainThread]: Connection 'model.risklake.stg_loans' was properly closed.
[0m12:40:41.921247 [info ] [MainThread]: 
[0m12:40:41.922244 [info ] [MainThread]: Finished running 4 table models in 0 hours 0 minutes and 0.53 seconds (0.53s).
[0m12:40:41.923243 [debug] [MainThread]: Command end result
[0m12:40:41.953525 [debug] [MainThread]: Wrote artifact WritableManifest to C:\Users\rande\OneDrive\Desktop\risklake\risklake\backend\dbt\target\manifest.json
[0m12:40:41.955528 [debug] [MainThread]: Wrote artifact SemanticManifest to C:\Users\rande\OneDrive\Desktop\risklake\risklake\backend\dbt\target\semantic_manifest.json
[0m12:40:41.955528 [debug] [MainThread]: Wrote artifact RunExecutionResult to C:\Users\rande\OneDrive\Desktop\risklake\risklake\backend\dbt\target\run_results.json
[0m12:40:41.955528 [info ] [MainThread]: 
[0m12:40:41.955528 [info ] [MainThread]: [31mCompleted with 2 errors, 0 partial successes, and 0 warnings:[0m
[0m12:40:41.955528 [info ] [MainThread]: 
[0m12:40:41.955528 [error] [MainThread]: [31mFailure in model stg_loans (models\silver\stg_loans.sql)[0m
[0m12:40:41.955528 [error] [MainThread]:   Database Error in model stg_loans (models\silver\stg_loans.sql)
  permission denied for schema bronze
  LINE 42:     select * from "risklake"."bronze"."loan_applications"
                             ^
  compiled code at target\run\risklake\models\silver\stg_loans.sql
[0m12:40:41.955528 [info ] [MainThread]: 
[0m12:40:41.955528 [info ] [MainThread]:   compiled code at target\compiled\risklake\models\silver\stg_loans.sql
[0m12:40:41.955528 [info ] [MainThread]: 
[0m12:40:41.955528 [error] [MainThread]: [31mFailure in model stg_credit (models\silver\stg_credit.sql)[0m
[0m12:40:41.955528 [error] [MainThread]:   Database Error in model stg_credit (models\silver\stg_credit.sql)
  permission denied for schema bronze
  LINE 40:     select * from "risklake"."bronze"."credit_bureau"
                             ^
  compiled code at target\run\risklake\models\silver\stg_credit.sql
[0m12:40:41.955528 [info ] [MainThread]: 
[0m12:40:41.955528 [info ] [MainThread]:   compiled code at target\compiled\risklake\models\silver\stg_credit.sql
[0m12:40:41.969522 [info ] [MainThread]: 
[0m12:40:41.970539 [info ] [MainThread]: Done. PASS=0 WARN=0 ERROR=2 SKIP=2 NO-OP=0 TOTAL=4
[0m12:40:41.971536 [warn ] [MainThread]: [[33mWARNING[0m][DeprecationsSummary]: Deprecated functionality
Summary of encountered deprecations:
- MissingArgumentsPropertyInGenericTestDeprecation: 13 occurrences
To see all deprecation instances instead of just the first occurrence of each,
run command again with the `--show-all-deprecations` flag. You may also need to
run with `--no-partial-parse` as some deprecations are only encountered during
parsing.
[0m12:40:41.973293 [debug] [MainThread]: Command `dbt run` failed at 12:40:41.973293 after 2.14 seconds
[0m12:40:41.974337 [debug] [MainThread]: Sending event: {'category': 'dbt', 'action': 'invocation', 'label': 'end', 'context': [<snowplow_tracker.self_describing_json.SelfDescribingJson object at 0x00000172B3234E50>, <snowplow_tracker.self_describing_json.SelfDescribingJson object at 0x00000172B6A5DE10>, <snowplow_tracker.self_describing_json.SelfDescribingJson object at 0x00000172B34D4090>]}
[0m12:40:41.974337 [debug] [MainThread]: Flushing usage events
[0m12:40:43.233391 [debug] [MainThread]: An error was encountered while trying to flush usage events
[0m12:43:11.734519 [debug] [MainThread]: Sending event: {'category': 'dbt', 'action': 'invocation', 'label': 'start', 'context': [<snowplow_tracker.self_describing_json.SelfDescribingJson object at 0x000001F212684490>, <snowplow_tracker.self_describing_json.SelfDescribingJson object at 0x000001F2115FD990>, <snowplow_tracker.self_describing_json.SelfDescribingJson object at 0x000001F2115FE310>]}


============================== 12:43:11.752623 | d5427028-c9cc-4204-ab13-1ab1ff0608e5 ==============================
[0m12:43:11.752623 [info ] [MainThread]: Running with dbt=1.11.11
[0m12:43:11.753608 [debug] [MainThread]: running dbt with arguments {'static_parser': 'True', 'no_print': 'None', 'version_check': 'True', 'warn_error_options': 'WarnErrorOptionsV2(error=[], warn=[], silence=[])', 'target_path': 'None', 'printer_width': '80', 'write_json': 'True', 'introspect': 'True', 'log_cache_events': 'False', 'empty': 'False', 'cache_selected_only': 'False', 'log_format': 'default', 'debug': 'False', 'fail_fast': 'False', 'partial_parse': 'True', 'send_anonymous_usage_stats': 'True', 'quiet': 'False', 'warn_error': 'None', 'profiles_dir': 'C:\\Users\\rande\\OneDrive\\Desktop\\risklake\\risklake\\backend\\dbt', 'indirect_selection': 'eager', 'invocation_command': 'dbt run --select tag:silver', 'use_colors': 'True', 'use_experimental_parser': 'False', 'log_path': 'C:\\Users\\rande\\OneDrive\\Desktop\\risklake\\risklake\\backend\\dbt\\logs'}
[0m12:43:11.884787 [debug] [MainThread]: Sending event: {'category': 'dbt', 'action': 'project_id', 'label': 'd5427028-c9cc-4204-ab13-1ab1ff0608e5', 'context': [<snowplow_tracker.self_describing_json.SelfDescribingJson object at 0x000001F211609810>]}
[0m12:43:11.916515 [debug] [MainThread]: Sending event: {'category': 'dbt', 'action': 'adapter_info', 'label': 'd5427028-c9cc-4204-ab13-1ab1ff0608e5', 'context': [<snowplow_tracker.self_describing_json.SelfDescribingJson object at 0x000001F20DDF4410>]}
[0m12:43:11.916515 [info ] [MainThread]: Registered adapter: postgres=1.10.2
[0m12:43:12.089866 [debug] [MainThread]: checksum: 30a8cc8fdcbf66701b0944d4ccce3fa46dd04b61e5df68b9f16d57b2e0e3f0be, vars: {}, profile: , target: , version: 1.11.11
[0m12:43:12.205483 [debug] [MainThread]: Partial parsing enabled: 0 files deleted, 0 files added, 0 files changed.
[0m12:43:12.205483 [debug] [MainThread]: Nothing changed, skipping partial parsing.
[0m12:43:12.205483 [debug] [MainThread]: Partial parsing enabled, no changes found, skipping parsing
[0m12:43:12.209966 [warn ] [MainThread]: [[33mWARNING[0m]: Configuration paths exist in your dbt_project.yml file which do not apply to any resources.
There are 2 unused configuration paths:
- models.risklake.gold
- models.risklake.bronze
[0m12:43:12.237961 [debug] [MainThread]: Sending event: {'category': 'dbt', 'action': 'load_project', 'label': 'd5427028-c9cc-4204-ab13-1ab1ff0608e5', 'context': [<snowplow_tracker.self_describing_json.SelfDescribingJson object at 0x000001F212C35450>]}
[0m12:43:12.349861 [debug] [MainThread]: Wrote artifact WritableManifest to C:\Users\rande\OneDrive\Desktop\risklake\risklake\backend\dbt\target\manifest.json
[0m12:43:12.351866 [debug] [MainThread]: Wrote artifact SemanticManifest to C:\Users\rande\OneDrive\Desktop\risklake\risklake\backend\dbt\target\semantic_manifest.json
[0m12:43:12.351866 [debug] [MainThread]: Sending event: {'category': 'dbt', 'action': 'resource_counts', 'label': 'd5427028-c9cc-4204-ab13-1ab1ff0608e5', 'context': [<snowplow_tracker.self_describing_json.SelfDescribingJson object at 0x000001F2128C3390>]}
[0m12:43:12.351866 [info ] [MainThread]: Found 4 models, 45 data tests, 4 sources, 475 macros
[0m12:43:12.351866 [debug] [MainThread]: Sending event: {'category': 'dbt', 'action': 'runnable_timing', 'label': 'd5427028-c9cc-4204-ab13-1ab1ff0608e5', 'context': [<snowplow_tracker.self_describing_json.SelfDescribingJson object at 0x000001F210E6A910>]}
[0m12:43:12.365595 [info ] [MainThread]: 
[0m12:43:12.365595 [info ] [MainThread]: Concurrency: 4 threads (target='dev')
[0m12:43:12.365595 [info ] [MainThread]: 
[0m12:43:12.365595 [debug] [MainThread]: Acquiring new postgres connection 'master'
[0m12:43:12.370817 [debug] [ThreadPool]: Acquiring new postgres connection 'list_risklake'
[0m12:43:12.420489 [debug] [ThreadPool]: Using postgres connection "list_risklake"
[0m12:43:12.420489 [debug] [ThreadPool]: On list_risklake: /* {"app": "dbt", "dbt_version": "1.11.11", "profile_name": "risklake", "target_name": "dev", "connection_name": "list_risklake"} */

    select distinct nspname from pg_namespace
  
[0m12:43:12.421529 [debug] [ThreadPool]: Opening a new connection, currently in state init
[0m12:43:12.455296 [debug] [ThreadPool]: SQL status: SELECT 8 in 0.036 seconds
[0m12:43:12.455296 [debug] [ThreadPool]: On list_risklake: Close
[0m12:43:12.459038 [debug] [ThreadPool]: Acquiring new postgres connection 'list_risklake_silver_silver'
[0m12:43:12.459038 [debug] [ThreadPool]: Using postgres connection "list_risklake_silver_silver"
[0m12:43:12.459038 [debug] [ThreadPool]: On list_risklake_silver_silver: /* {"app": "dbt", "dbt_version": "1.11.11", "profile_name": "risklake", "target_name": "dev", "connection_name": "list_risklake_silver_silver"} */
select
      'risklake' as database,
      tablename as name,
      schemaname as schema,
      'table' as type
    from pg_tables
    where schemaname ilike 'silver_silver'
    union all
    select
      'risklake' as database,
      viewname as name,
      schemaname as schema,
      'view' as type
    from pg_views
    where schemaname ilike 'silver_silver'
    union all
    select
      'risklake' as database,
      matviewname as name,
      schemaname as schema,
      'materialized_view' as type
    from pg_matviews
    where schemaname ilike 'silver_silver'
  
[0m12:43:12.459038 [debug] [ThreadPool]: Opening a new connection, currently in state init
[0m12:43:12.494516 [debug] [ThreadPool]: SQL status: SELECT 0 in 0.032 seconds
[0m12:43:12.498524 [debug] [ThreadPool]: On list_risklake_silver_silver: ROLLBACK
[0m12:43:12.498524 [debug] [ThreadPool]: On list_risklake_silver_silver: Close
[0m12:43:12.503766 [debug] [MainThread]: Using postgres connection "master"
[0m12:43:12.503766 [debug] [MainThread]: On master: /* {"app": "dbt", "dbt_version": "1.11.11", "profile_name": "risklake", "target_name": "dev", "connection_name": "master"} */
select distinct
        dependent_namespace.nspname as dependent_schema,
        dependent_class.relname as dependent_name,
        referenced_namespace.nspname as referenced_schema,
        referenced_class.relname as referenced_name

    -- Query for views: views are entries in pg_class with an entry in pg_rewrite, but we avoid
    -- a seq scan on pg_rewrite by leveraging the fact there is an "internal" row in pg_depend for
    -- the view...
    from pg_class as dependent_class
    join pg_namespace as dependent_namespace on dependent_namespace.oid = dependent_class.relnamespace
    join pg_depend as dependent_depend on dependent_depend.refobjid = dependent_class.oid
        and dependent_depend.classid = 'pg_rewrite'::regclass
        and dependent_depend.refclassid = 'pg_class'::regclass
        and dependent_depend.deptype = 'i'

    -- ... and via pg_depend (that has a row per column, hence the need for "distinct" above, and
    -- making sure to exclude the internal row to avoid a view appearing to depend on itself)...
    join pg_depend as joining_depend on joining_depend.objid = dependent_depend.objid
        and joining_depend.classid = 'pg_rewrite'::regclass
        and joining_depend.refclassid = 'pg_class'::regclass
        and joining_depend.refobjid != dependent_depend.refobjid

    -- ... we can find the tables they query from in pg_class, but excluding system tables. Note we
    -- don't need need to exclude _dependent_ system tables, because they only query from other
    -- system tables, and so are automatically excluded by excluding _referenced_ system tables
    join pg_class as referenced_class on referenced_class.oid = joining_depend.refobjid
    join pg_namespace as referenced_namespace on referenced_namespace.oid = referenced_class.relnamespace
        and referenced_namespace.nspname != 'information_schema'
        and referenced_namespace.nspname not like 'pg\_%'

    order by
        dependent_schema, dependent_name, referenced_schema, referenced_name;
[0m12:43:12.504782 [debug] [MainThread]: Opening a new connection, currently in state init
[0m12:43:12.538222 [debug] [MainThread]: SQL status: SELECT 0 in 0.034 seconds
[0m12:43:12.539187 [debug] [MainThread]: Sending event: {'category': 'dbt', 'action': 'runnable_timing', 'label': 'd5427028-c9cc-4204-ab13-1ab1ff0608e5', 'context': [<snowplow_tracker.self_describing_json.SelfDescribingJson object at 0x000001F212B9C610>]}
[0m12:43:12.540186 [debug] [MainThread]: On master: ROLLBACK
[0m12:43:12.540186 [debug] [MainThread]: On master: COMMIT
[0m12:43:12.541186 [debug] [MainThread]: Using postgres connection "master"
[0m12:43:12.541186 [debug] [MainThread]: On master: COMMIT
[0m12:43:12.541186 [debug] [MainThread]: SQL status: COMMIT in 0.000 seconds
[0m12:43:12.542186 [debug] [MainThread]: On master: Close
[0m12:43:12.545190 [debug] [Thread-1 (]: Began running node model.risklake.stg_credit
[0m12:43:12.546392 [debug] [Thread-2 (]: Began running node model.risklake.stg_loans
[0m12:43:12.546392 [info ] [Thread-1 (]: 1 of 4 START sql table model silver_silver.stg_credit .......................... [RUN]
[0m12:43:12.547392 [info ] [Thread-2 (]: 2 of 4 START sql table model silver_silver.stg_loans ........................... [RUN]
[0m12:43:12.548391 [debug] [Thread-1 (]: Acquiring new postgres connection 'model.risklake.stg_credit'
[0m12:43:12.548391 [debug] [Thread-2 (]: Acquiring new postgres connection 'model.risklake.stg_loans'
[0m12:43:12.549392 [debug] [Thread-1 (]: Began compiling node model.risklake.stg_credit
[0m12:43:12.549392 [debug] [Thread-2 (]: Began compiling node model.risklake.stg_loans
[0m12:43:12.555406 [debug] [Thread-1 (]: Writing injected SQL for node "model.risklake.stg_credit"
[0m12:43:12.558391 [debug] [Thread-2 (]: Writing injected SQL for node "model.risklake.stg_loans"
[0m12:43:12.559398 [debug] [Thread-1 (]: Began executing node model.risklake.stg_credit
[0m12:43:12.588053 [debug] [Thread-1 (]: Writing runtime sql for node "model.risklake.stg_credit"
[0m12:43:12.589051 [debug] [Thread-2 (]: Began executing node model.risklake.stg_loans
[0m12:43:12.591052 [debug] [Thread-2 (]: Writing runtime sql for node "model.risklake.stg_loans"
[0m12:43:12.592051 [debug] [Thread-1 (]: Using postgres connection "model.risklake.stg_credit"
[0m12:43:12.593051 [debug] [Thread-1 (]: On model.risklake.stg_credit: /* {"app": "dbt", "dbt_version": "1.11.11", "profile_name": "risklake", "target_name": "dev", "node_id": "model.risklake.stg_credit"} */

  
    

  create  table "risklake"."silver_silver"."stg_credit__dbt_tmp"
  
  
    as
  
  (
    /*
  RiskLake — Silver Layer
  Model  : stg_credit
  Schema : silver
  Source : bronze.credit_bureau

  Purpose
  -------
  Cleans and enriches credit bureau pull data. Adds computed signals that
  the Gold PD model and feat_credit_util feature model consume.

  Transformations
  ---------------
  1. Type casting — everything arrives as TEXT from Bronze.
  2. Utilisation band bucketing for model inputs.
  3. Inquiry velocity flag (>=3 hard inquiries in 6 months = elevated risk).
  4. Available credit headroom calculation.
  5. Deduplication — keep the most recent bureau pull per customer.

  Grain: one row per customer (most recent bureau pull).
*/



with

source as (

    select * from "risklake"."bronze"."credit_bureau"

),

cleaned as (

    select
        -- ── Keys ────────────────────────────────────────────────────────
        trim(customer_id)                                   as customer_id,
        cast(bureau_pull_date as date)                      as bureau_pull_date,

        -- ── Core bureau fields ───────────────────────────────────────────
        cast(credit_score            as integer)            as credit_score,
        cast(total_accounts          as integer)            as total_accounts,
        cast(open_accounts           as integer)            as open_accounts,
        cast(delinquent_accounts     as integer)            as delinquent_accounts,
        cast(hard_inquiries_6m       as integer)            as hard_inquiries_6m,
        cast(oldest_account_months   as integer)            as oldest_account_months,
        cast(total_credit_limit_inr  as bigint)             as total_credit_limit_inr,
        cast(total_balance_inr       as bigint)             as total_balance_inr,

        -- Utilisation — clamp to [0,1] in case of dirty upstream values
        greatest(0, least(1,
            cast(credit_utilisation_pct as numeric)
        ))                                                  as credit_utilisation_pct,

        -- ── Derived: available credit headroom ───────────────────────────
        greatest(0,
            cast(total_credit_limit_inr as bigint)
            - cast(total_balance_inr    as bigint)
        )                                                   as available_credit_inr,

        -- ── Utilisation band (used as categorical feature in Gold ML) ────
        case
            when cast(credit_utilisation_pct as numeric) < 0.30 then 'low'
            when cast(credit_utilisation_pct as numeric) < 0.60 then 'medium'
            when cast(credit_utilisation_pct as numeric) < 0.90 then 'high'
            else 'maxed_out'
        end                                                 as utilisation_band,

        -- ── Inquiry velocity flag ────────────────────────────────────────
        -- >=3 hard inquiries in 6 months signals credit-hungry behaviour
        case
            when cast(hard_inquiries_6m as integer) >= 3 then 1
            else 0
        end                                                 as high_inquiry_flag,

        -- ── Delinquency rate ─────────────────────────────────────────────
        case
            when cast(total_accounts as integer) > 0
            then round(
                cast(delinquent_accounts as numeric)
                / cast(total_accounts    as numeric),
                4
            )
            else 0
        end                                                 as delinquency_rate,

        -- ── Credit age band ──────────────────────────────────────────────
        case
            when cast(oldest_account_months as integer) < 12  then 'new'
            when cast(oldest_account_months as integer) < 36  then 'developing'
            when cast(oldest_account_months as integer) < 84  then 'established'
            else 'mature'
        end                                                 as credit_age_band,

        -- ── Audit ───────────────────────────────────────────────────────
        current_timestamp                                   as silver_processed_at

    from source
    where customer_id is not null

),

-- Most recent bureau pull per customer
deduped as (

    select distinct on (customer_id)
        *
    from cleaned
    order by customer_id, bureau_pull_date desc

)

select * from deduped
  );
  
[0m12:43:12.593051 [debug] [Thread-2 (]: Using postgres connection "model.risklake.stg_loans"
[0m12:43:12.594051 [debug] [Thread-1 (]: Opening a new connection, currently in state init
[0m12:43:12.594051 [debug] [Thread-2 (]: On model.risklake.stg_loans: /* {"app": "dbt", "dbt_version": "1.11.11", "profile_name": "risklake", "target_name": "dev", "node_id": "model.risklake.stg_loans"} */

  
    

  create  table "risklake"."silver_silver"."stg_loans__dbt_tmp"
  
  
    as
  
  (
    /*
  RiskLake — Silver Layer
  Model  : stg_loans
  Schema : silver
  Source : bronze.loan_applications

  Purpose
  -------
  Cleans and standardises the raw loan application data arriving from the
  Bronze layer. This is the canonical staging model that all downstream
  Silver feature models and Gold risk tables join against.

  Transformations applied
  -----------------------
  1. Cast columns to correct data types (Bronze lands everything as TEXT).
  2. Null-safe defaults for optional fields.
  3. Derive loan_to_income_ratio — a foundational risk signal.
  4. Standardise categorical values to lowercase snake_case.
  5. Drop internal Bronze metadata columns (_bronze_*).
  6. Add silver_processed_at audit timestamp.

  Grain: one row per loan application (application_id is the PK).
*/



with

source as (

    select * from "risklake"."bronze"."loan_applications"

),

cleaned as (

    select
        -- ── Keys ────────────────────────────────────────────────────────
        trim(application_id)                            as application_id,
        trim(customer_id)                               as customer_id,

        -- ── Dates ───────────────────────────────────────────────────────
        cast(application_date as date)                  as application_date,

        -- ── Financials ──────────────────────────────────────────────────
        cast(loan_amount_inr     as bigint)             as loan_amount_inr,
        cast(annual_income_inr   as bigint)             as annual_income_inr,
        cast(loan_term_months    as integer)            as loan_term_months,
        cast(existing_loans      as integer)            as existing_loans,
        cast(collateral_value    as bigint)             as collateral_value_inr,
        cast(credit_score        as integer)            as credit_score,

        -- ── Categoricals — lowercased & trimmed ─────────────────────────
        lower(trim(employment_type))                    as employment_type,
        lower(trim(loan_purpose))                       as loan_purpose,

        -- ── Target label ────────────────────────────────────────────────
        cast(default_flag as integer)                   as default_flag,

        -- ── Derived feature: Loan-to-Income ratio ───────────────────────
        -- Protects against division-by-zero from dirty source data.
        case
            when cast(annual_income_inr as bigint) > 0
            then round(
                cast(loan_amount_inr as numeric)
                / cast(annual_income_inr as numeric),
                4
            )
            else null
        end                                             as loan_to_income_ratio,

        -- ── Collateral coverage ratio ────────────────────────────────────
        case
            when cast(loan_amount_inr as bigint) > 0
            then round(
                cast(collateral_value as numeric)
                / cast(loan_amount_inr as numeric),
                4
            )
            else null
        end                                             as collateral_coverage_ratio,

        -- ── Credit risk tier (rule-based, overridden by Gold ML model) ───
        case
            when cast(credit_score as integer) >= 750 then 'low'
            when cast(credit_score as integer) >= 600 then 'medium'
            when cast(credit_score as integer) >= 450 then 'high'
            else 'very_high'
        end                                             as credit_risk_tier,

        -- ── Audit ───────────────────────────────────────────────────────
        current_timestamp                               as silver_processed_at

    from source

    where
        -- Hard filter: reject rows with no primary key or income
        application_id   is not null
        and customer_id  is not null
        and cast(annual_income_inr as bigint) > 0

),

deduped as (

    -- Keep the latest record per application_id in case Bronze re-ingests
    select distinct on (application_id)
        *
    from cleaned
    order by application_id, silver_processed_at desc

)

select * from deduped
  );
  
[0m12:43:12.595051 [debug] [Thread-2 (]: Opening a new connection, currently in state init
[0m12:43:12.644201 [debug] [Thread-2 (]: SQL status: SELECT 1000 in 0.051 seconds
[0m12:43:12.652228 [debug] [Thread-1 (]: SQL status: SELECT 1000 in 0.058 seconds
[0m12:43:12.652228 [debug] [Thread-2 (]: Using postgres connection "model.risklake.stg_loans"
[0m12:43:12.652228 [debug] [Thread-1 (]: Using postgres connection "model.risklake.stg_credit"
[0m12:43:12.652228 [debug] [Thread-2 (]: On model.risklake.stg_loans: /* {"app": "dbt", "dbt_version": "1.11.11", "profile_name": "risklake", "target_name": "dev", "node_id": "model.risklake.stg_loans"} */

    create unique index if not exists
  "8754b26878dff5ccacdcaa9d748e5e5b"
  on "risklake"."silver_silver"."stg_loans__dbt_tmp" 
  (application_id)
  
[0m12:43:12.652228 [debug] [Thread-1 (]: On model.risklake.stg_credit: /* {"app": "dbt", "dbt_version": "1.11.11", "profile_name": "risklake", "target_name": "dev", "node_id": "model.risklake.stg_credit"} */

    create unique index if not exists
  "5a5c8b97f47418b3e0137862ecc6c699"
  on "risklake"."silver_silver"."stg_credit__dbt_tmp" 
  (customer_id)
  
[0m12:43:12.652228 [debug] [Thread-1 (]: SQL status: CREATE INDEX in 0.005 seconds
[0m12:43:12.652228 [debug] [Thread-1 (]: Using postgres connection "model.risklake.stg_credit"
[0m12:43:12.652228 [debug] [Thread-2 (]: SQL status: CREATE INDEX in 0.008 seconds
[0m12:43:12.652228 [debug] [Thread-1 (]: On model.risklake.stg_credit: /* {"app": "dbt", "dbt_version": "1.11.11", "profile_name": "risklake", "target_name": "dev", "node_id": "model.risklake.stg_credit"} */

    create  index if not exists
  "34c0edc7ea64b86ccc24e7c96b6eea51"
  on "risklake"."silver_silver"."stg_credit__dbt_tmp" 
  (bureau_pull_date)
  
[0m12:43:12.667969 [debug] [Thread-2 (]: Using postgres connection "model.risklake.stg_loans"
[0m12:43:12.667969 [debug] [Thread-2 (]: On model.risklake.stg_loans: /* {"app": "dbt", "dbt_version": "1.11.11", "profile_name": "risklake", "target_name": "dev", "node_id": "model.risklake.stg_loans"} */

    create  index if not exists
  "2388a4bf77ce72daef3cf38dd7c5cc40"
  on "risklake"."silver_silver"."stg_loans__dbt_tmp" 
  (customer_id)
  
[0m12:43:12.667969 [debug] [Thread-1 (]: SQL status: CREATE INDEX in 0.005 seconds
[0m12:43:12.679350 [debug] [Thread-1 (]: Using postgres connection "model.risklake.stg_credit"
[0m12:43:12.679350 [debug] [Thread-2 (]: SQL status: CREATE INDEX in 0.010 seconds
[0m12:43:12.679350 [debug] [Thread-1 (]: On model.risklake.stg_credit: /* {"app": "dbt", "dbt_version": "1.11.11", "profile_name": "risklake", "target_name": "dev", "node_id": "model.risklake.stg_credit"} */
alter table "risklake"."silver_silver"."stg_credit__dbt_tmp" rename to "stg_credit"
[0m12:43:12.679350 [debug] [Thread-2 (]: Using postgres connection "model.risklake.stg_loans"
[0m12:43:12.679350 [debug] [Thread-2 (]: On model.risklake.stg_loans: /* {"app": "dbt", "dbt_version": "1.11.11", "profile_name": "risklake", "target_name": "dev", "node_id": "model.risklake.stg_loans"} */

    create  index if not exists
  "3924ddb2887e01e8c8668457d61de46e"
  on "risklake"."silver_silver"."stg_loans__dbt_tmp" 
  (application_date)
  
[0m12:43:12.679350 [debug] [Thread-1 (]: SQL status: ALTER TABLE in 0.001 seconds
[0m12:43:12.693831 [debug] [Thread-1 (]: On model.risklake.stg_credit: COMMIT
[0m12:43:12.693831 [debug] [Thread-2 (]: SQL status: CREATE INDEX in 0.012 seconds
[0m12:43:12.693831 [debug] [Thread-1 (]: Using postgres connection "model.risklake.stg_credit"
[0m12:43:12.696411 [debug] [Thread-2 (]: Using postgres connection "model.risklake.stg_loans"
[0m12:43:12.696411 [debug] [Thread-1 (]: On model.risklake.stg_credit: COMMIT
[0m12:43:12.696411 [debug] [Thread-2 (]: On model.risklake.stg_loans: /* {"app": "dbt", "dbt_version": "1.11.11", "profile_name": "risklake", "target_name": "dev", "node_id": "model.risklake.stg_loans"} */
alter table "risklake"."silver_silver"."stg_loans__dbt_tmp" rename to "stg_loans"
[0m12:43:12.696411 [debug] [Thread-2 (]: SQL status: ALTER TABLE in 0.000 seconds
[0m12:43:12.700031 [debug] [Thread-2 (]: On model.risklake.stg_loans: COMMIT
[0m12:43:12.700031 [debug] [Thread-1 (]: SQL status: COMMIT in 0.003 seconds
[0m12:43:12.700031 [debug] [Thread-2 (]: Using postgres connection "model.risklake.stg_loans"
[0m12:43:12.708324 [debug] [Thread-1 (]: Applying DROP to: "risklake"."silver_silver"."stg_credit__dbt_backup"
[0m12:43:12.709309 [debug] [Thread-2 (]: On model.risklake.stg_loans: COMMIT
[0m12:43:12.712310 [debug] [Thread-1 (]: Using postgres connection "model.risklake.stg_credit"
[0m12:43:12.713309 [debug] [Thread-1 (]: On model.risklake.stg_credit: /* {"app": "dbt", "dbt_version": "1.11.11", "profile_name": "risklake", "target_name": "dev", "node_id": "model.risklake.stg_credit"} */
drop table if exists "risklake"."silver_silver"."stg_credit__dbt_backup" cascade
[0m12:43:12.714313 [debug] [Thread-2 (]: SQL status: COMMIT in 0.001 seconds
[0m12:43:12.714313 [debug] [Thread-1 (]: SQL status: DROP TABLE in 0.001 seconds
[0m12:43:12.717313 [debug] [Thread-2 (]: Applying DROP to: "risklake"."silver_silver"."stg_loans__dbt_backup"
[0m12:43:12.719311 [debug] [Thread-1 (]: On model.risklake.stg_credit: Close
[0m12:43:12.720286 [debug] [Thread-2 (]: Using postgres connection "model.risklake.stg_loans"
[0m12:43:12.722321 [debug] [Thread-2 (]: On model.risklake.stg_loans: /* {"app": "dbt", "dbt_version": "1.11.11", "profile_name": "risklake", "target_name": "dev", "node_id": "model.risklake.stg_loans"} */
drop table if exists "risklake"."silver_silver"."stg_loans__dbt_backup" cascade
[0m12:43:12.724320 [debug] [Thread-1 (]: Sending event: {'category': 'dbt', 'action': 'run_model', 'label': 'd5427028-c9cc-4204-ab13-1ab1ff0608e5', 'context': [<snowplow_tracker.self_describing_json.SelfDescribingJson object at 0x000001F21310DA10>]}
[0m12:43:12.724320 [debug] [Thread-2 (]: SQL status: DROP TABLE in 0.001 seconds
[0m12:43:12.725320 [info ] [Thread-1 (]: 1 of 4 OK created sql table model silver_silver.stg_credit ..................... [[32mSELECT 1000[0m in 0.17s]
[0m12:43:12.728335 [debug] [Thread-2 (]: On model.risklake.stg_loans: Close
[0m12:43:12.729319 [debug] [Thread-1 (]: Finished running node model.risklake.stg_credit
[0m12:43:12.729319 [debug] [Thread-2 (]: Sending event: {'category': 'dbt', 'action': 'run_model', 'label': 'd5427028-c9cc-4204-ab13-1ab1ff0608e5', 'context': [<snowplow_tracker.self_describing_json.SelfDescribingJson object at 0x000001F213180310>]}
[0m12:43:12.730318 [debug] [Thread-4 (]: Began running node model.risklake.feat_credit_util
[0m12:43:12.731322 [info ] [Thread-2 (]: 2 of 4 OK created sql table model silver_silver.stg_loans ...................... [[32mSELECT 1000[0m in 0.18s]
[0m12:43:12.732321 [info ] [Thread-4 (]: 3 of 4 START sql table model silver_silver.feat_credit_util .................... [RUN]
[0m12:43:12.734321 [debug] [Thread-2 (]: Finished running node model.risklake.stg_loans
[0m12:43:12.735332 [debug] [Thread-4 (]: Acquiring new postgres connection 'model.risklake.feat_credit_util'
[0m12:43:12.736319 [debug] [Thread-4 (]: Began compiling node model.risklake.feat_credit_util
[0m12:43:12.737324 [debug] [Thread-1 (]: Began running node model.risklake.feat_dti_ratio
[0m12:43:12.742319 [debug] [Thread-4 (]: Writing injected SQL for node "model.risklake.feat_credit_util"
[0m12:43:12.743320 [info ] [Thread-1 (]: 4 of 4 START sql table model silver_silver.feat_dti_ratio ...................... [RUN]
[0m12:43:12.745329 [debug] [Thread-1 (]: Re-using an available connection from the pool (formerly model.risklake.stg_credit, now model.risklake.feat_dti_ratio)
[0m12:43:12.746322 [debug] [Thread-4 (]: Began executing node model.risklake.feat_credit_util
[0m12:43:12.747322 [debug] [Thread-1 (]: Began compiling node model.risklake.feat_dti_ratio
[0m12:43:12.751335 [debug] [Thread-4 (]: Writing runtime sql for node "model.risklake.feat_credit_util"
[0m12:43:12.756792 [debug] [Thread-1 (]: Writing injected SQL for node "model.risklake.feat_dti_ratio"
[0m12:43:12.758789 [debug] [Thread-4 (]: Using postgres connection "model.risklake.feat_credit_util"
[0m12:43:12.758789 [debug] [Thread-4 (]: On model.risklake.feat_credit_util: /* {"app": "dbt", "dbt_version": "1.11.11", "profile_name": "risklake", "target_name": "dev", "node_id": "model.risklake.feat_credit_util"} */

  
    

  create  table "risklake"."silver_silver"."feat_credit_util__dbt_tmp"
  
  
    as
  
  (
    /*
  RiskLake — Silver Layer
  Model  : feat_credit_util
  Schema : silver
  Depends: stg_credit, bronze.transactions

  Purpose
  -------
  Builds a rich credit utilisation feature set per customer by combining:
    1. Bureau snapshot utilisation (point-in-time from stg_credit)
    2. Transaction-derived behavioural signals (rolling spend velocity,
       EMI payment regularity, average monthly balance)

  These features feed directly into:
    - Gold PD model (as numeric inputs)
    - ARIMA credit utilisation forecasting (as the time series target)
    - AI Credit Analyst RAG context (as explainable customer signals)

  Key features produced
  ----------------------
  bureau_utilisation_pct     — bureau point-in-time utilisation
  avg_monthly_spend_inr      — mean monthly debit spend over 12 months
  spend_volatility_inr       — std deviation of monthly spend (stability signal)
  emi_payment_count          — number of EMI payments in window
  emi_regularity_score       — ratio of months with >=1 EMI to total months
  balance_trend_flag         — 1 if avg recent balance > avg earlier balance
  txn_utilisation_estimate   — transaction-derived utilisation proxy
  utilisation_change_flag    — 1 if txn utilisation > bureau utilisation by >15%

  Grain: one row per customer.
*/



with

bureau as (

    select
        customer_id,
        bureau_pull_date,
        credit_score,
        credit_utilisation_pct              as bureau_utilisation_pct,
        total_credit_limit_inr,
        total_balance_inr                   as bureau_balance_inr,
        utilisation_band,
        high_inquiry_flag,
        delinquency_rate,
        available_credit_inr,
        credit_age_band
    from "risklake"."silver_silver"."stg_credit"

),

-- Raw transactions — keep only the last 12 months for recency
txn_raw as (

    select
        customer_id,
        cast(transaction_date as date)      as transaction_date,
        cast(amount_inr as bigint)          as amount_inr,
        lower(trim(transaction_type))       as transaction_type,
        cast(balance_after_inr as bigint)   as balance_after_inr,
        cast(is_flagged as integer)         as is_flagged,

        -- Month bucket for rolling aggregations
        date_trunc('month', cast(transaction_date as date))
                                            as txn_month

    from "risklake"."bronze"."transactions"
    where
        customer_id      is not null
        and transaction_date is not null
        -- Rolling 12-month window relative to today
        and cast(transaction_date as date) >= current_date - interval '12 months'

),

-- Monthly spend per customer (debit transactions only)
monthly_spend as (

    select
        customer_id,
        txn_month,
        sum(case when transaction_type in ('debit', 'atm_withdrawal', 'pos')
                 then amount_inr else 0 end)    as monthly_debit_spend_inr,
        sum(case when transaction_type = 'emi_payment'
                 then amount_inr else 0 end)    as monthly_emi_paid_inr,
        count(case when transaction_type = 'emi_payment'
                   then 1 end)                  as emi_payment_count,
        avg(balance_after_inr)                  as avg_balance_inr,
        sum(is_flagged)                         as flagged_txn_count,
        count(*)                                as total_txn_count
    from txn_raw
    group by customer_id, txn_month

),

-- Aggregate to customer level
customer_txn_agg as (

    select
        customer_id,

        -- Spend signals
        round(avg(monthly_debit_spend_inr), 2)  as avg_monthly_spend_inr,
        round(stddev(monthly_debit_spend_inr), 2)
                                                as spend_volatility_inr,
        round(max(monthly_debit_spend_inr), 2)  as peak_monthly_spend_inr,

        -- EMI signals
        sum(emi_payment_count)                  as emi_payment_count_12m,
        sum(monthly_emi_paid_inr)               as total_emi_paid_inr_12m,

        -- EMI regularity: how many months had at least 1 EMI payment?
        round(
            cast(count(case when emi_payment_count > 0 then 1 end) as numeric)
            / nullif(count(*), 0),
            4
        )                                       as emi_regularity_score,

        -- Balance trend: compare recent 3m avg vs earlier 9m avg
        avg(case when txn_month >= date_trunc('month', current_date) - interval '3 months'
                 then avg_balance_inr end)      as avg_balance_recent_3m,
        avg(case when txn_month < date_trunc('month', current_date) - interval '3 months'
                 then avg_balance_inr end)      as avg_balance_earlier_9m,

        -- Risk signals
        sum(flagged_txn_count)                  as total_flagged_txns,
        sum(total_txn_count)                    as total_txns_12m,
        count(distinct txn_month)               as active_months_count

    from monthly_spend
    group by customer_id

),

-- Join bureau + transaction aggregates
combined as (

    select
        b.customer_id,
        b.bureau_pull_date,
        b.credit_score,
        b.bureau_utilisation_pct,
        b.total_credit_limit_inr,
        b.bureau_balance_inr,
        b.utilisation_band,
        b.high_inquiry_flag,
        b.delinquency_rate,
        b.available_credit_inr,
        b.credit_age_band,

        -- Transaction features (null-safe for customers with no recent txns)
        coalesce(t.avg_monthly_spend_inr,   0)  as avg_monthly_spend_inr,
        coalesce(t.spend_volatility_inr,    0)  as spend_volatility_inr,
        coalesce(t.peak_monthly_spend_inr,  0)  as peak_monthly_spend_inr,
        coalesce(t.emi_payment_count_12m,   0)  as emi_payment_count_12m,
        coalesce(t.total_emi_paid_inr_12m,  0)  as total_emi_paid_inr_12m,
        coalesce(t.emi_regularity_score,    0)  as emi_regularity_score,
        coalesce(t.avg_balance_recent_3m,   0)  as avg_balance_recent_3m,
        coalesce(t.avg_balance_earlier_9m,  0)  as avg_balance_earlier_9m,
        coalesce(t.total_flagged_txns,      0)  as total_flagged_txns,
        coalesce(t.total_txns_12m,          0)  as total_txns_12m,
        coalesce(t.active_months_count,     0)  as active_months_count,

        -- Flag: no transaction history at all
        case when t.customer_id is null then 1 else 0
        end                                     as no_txn_history_flag

    from bureau b
    left join customer_txn_agg t using (customer_id)

),

enriched as (

    select
        *,

        -- ── Balance trend flag ───────────────────────────────────────────
        -- 1 = recent balance growing (potential stress signal)
        case
            when avg_balance_earlier_9m > 0
             and avg_balance_recent_3m > avg_balance_earlier_9m
            then 1
            else 0
        end                                     as balance_trend_flag,

        -- ── Transaction-derived utilisation proxy ────────────────────────
        -- Monthly spend vs credit limit as a behaviour-based utilisation
        case
            when total_credit_limit_inr > 0
            then round(
                avg_monthly_spend_inr / cast(total_credit_limit_inr as numeric),
                4
            )
            else null
        end                                     as txn_utilisation_estimate,

        -- ── Flagged transaction rate ─────────────────────────────────────
        case
            when total_txns_12m > 0
            then round(
                cast(total_flagged_txns as numeric) / total_txns_12m,
                4
            )
            else 0
        end                                     as flagged_txn_rate

    from combined

),

final as (

    select
        *,

        -- ── Utilisation divergence flag ──────────────────────────────────
        -- Flags customers whose transaction behaviour implies higher
        -- utilisation than the bureau snapshot suggests (data lag risk).
        case
            when txn_utilisation_estimate is not null
             and txn_utilisation_estimate > (bureau_utilisation_pct + 0.15)
            then 1
            else 0
        end                                     as utilisation_change_flag,

        -- ── Overall credit stress score (0–4 additive flags) ────────────
        -- Used by the AI credit analyst as a quick-read summary signal.
        (
            high_inquiry_flag
            + balance_trend_flag
            + case when emi_regularity_score < 0.5 then 1 else 0 end
            + case when flagged_txn_rate > 0.05    then 1 else 0 end
        )                                       as credit_stress_score,

        -- ── Audit ───────────────────────────────────────────────────────
        current_timestamp                       as feature_computed_at

    from enriched

)

select * from final
  );
  
[0m12:43:12.761103 [debug] [Thread-1 (]: Began executing node model.risklake.feat_dti_ratio
[0m12:43:12.761103 [debug] [Thread-4 (]: Opening a new connection, currently in state init
[0m12:43:12.761103 [debug] [Thread-1 (]: Writing runtime sql for node "model.risklake.feat_dti_ratio"
[0m12:43:12.761103 [debug] [Thread-1 (]: Using postgres connection "model.risklake.feat_dti_ratio"
[0m12:43:12.761103 [debug] [Thread-1 (]: On model.risklake.feat_dti_ratio: /* {"app": "dbt", "dbt_version": "1.11.11", "profile_name": "risklake", "target_name": "dev", "node_id": "model.risklake.feat_dti_ratio"} */

  
    

  create  table "risklake"."silver_silver"."feat_dti_ratio__dbt_tmp"
  
  
    as
  
  (
    /*
  RiskLake — Silver Layer
  Model  : feat_dti_ratio
  Schema : silver
  Depends: stg_loans, stg_credit

  Purpose
  -------
  Computes the Debt-to-Income (DTI) ratio feature for each loan application.
  DTI is one of the strongest predictors of default and is a required input
  for the Gold layer PD (Probability of Default) model.

  DTI = (estimated_monthly_debt_obligations) / (monthly_income)

  Monthly debt estimation
  -----------------------
  We don't have the customer's actual monthly outgoings from a single source,
  so we approximate from bureau + application data:

      monthly_emi_estimate  = loan_amount / loan_term_months
      bureau_monthly_burden = total_balance / 60   (assume 5-yr repayment)
      total_monthly_debt    = monthly_emi_estimate + bureau_monthly_burden

  This approximation is documented and intentional — Silver models are explicit
  about assumptions so Gold analysts can override them.

  Risk tiers (aligned with RBI prudential norms)
  -----------------------------------------------
  DTI < 0.36  →  low
  DTI < 0.43  →  moderate      (43 % is the QM threshold in many frameworks)
  DTI < 0.50  →  elevated
  DTI >= 0.50 →  high          (RBI caution zone)

  Grain: one row per loan application.
*/



with

loans as (

    select
        application_id,
        customer_id,
        application_date,
        loan_amount_inr,
        loan_term_months,
        annual_income_inr,
        employment_type,
        loan_purpose,
        credit_score,
        loan_to_income_ratio,
        collateral_coverage_ratio,
        credit_risk_tier,
        default_flag
    from "risklake"."silver_silver"."stg_loans"

),

bureau as (

    select
        customer_id,
        total_balance_inr,
        total_credit_limit_inr,
        credit_utilisation_pct,
        delinquent_accounts,
        hard_inquiries_6m,
        delinquency_rate,
        high_inquiry_flag,
        utilisation_band
    from "risklake"."silver_silver"."stg_credit"

),

joined as (

    select
        l.application_id,
        l.customer_id,
        l.application_date,
        l.annual_income_inr,
        l.loan_amount_inr,
        l.loan_term_months,
        l.employment_type,
        l.loan_purpose,
        l.credit_score,
        l.loan_to_income_ratio,
        l.collateral_coverage_ratio,
        l.credit_risk_tier,
        l.default_flag,

        -- Bureau signals (null-safe — not every applicant has a bureau record)
        coalesce(b.total_balance_inr,       0)          as bureau_total_balance_inr,
        coalesce(b.total_credit_limit_inr,  0)          as bureau_credit_limit_inr,
        coalesce(b.credit_utilisation_pct,  0)          as bureau_utilisation_pct,
        coalesce(b.delinquent_accounts,     0)          as delinquent_accounts,
        coalesce(b.hard_inquiries_6m,       0)          as hard_inquiries_6m,
        coalesce(b.delinquency_rate,        0)          as delinquency_rate,
        coalesce(b.high_inquiry_flag,       0)          as high_inquiry_flag,
        coalesce(b.utilisation_band, 'unknown')         as utilisation_band,

        -- Flag customers with no bureau record at all
        case when b.customer_id is null then 1 else 0
        end                                             as no_bureau_record_flag

    from loans l
    left join bureau b using (customer_id)

),

dti_computed as (

    select
        *,

        -- ── Monthly income ───────────────────────────────────────────────
        round(cast(annual_income_inr as numeric) / 12, 2)
                                                        as monthly_income_inr,

        -- ── New loan EMI estimate (simple flat division) ─────────────────
        case
            when loan_term_months > 0
            then round(cast(loan_amount_inr as numeric) / loan_term_months, 2)
            else null
        end                                             as estimated_monthly_emi_inr,

        -- ── Existing bureau debt monthly burden ──────────────────────────
        -- Assume outstanding balance repaid over 60 months (5 years)
        round(cast(bureau_total_balance_inr as numeric) / 60, 2)
                                                        as bureau_monthly_burden_inr

    from joined

),

dti_final as (

    select
        *,

        -- ── Total monthly debt obligation ────────────────────────────────
        coalesce(estimated_monthly_emi_inr, 0)
        + coalesce(bureau_monthly_burden_inr, 0)        as total_monthly_debt_inr,

        -- ── DTI ratio ────────────────────────────────────────────────────
        case
            when monthly_income_inr > 0
            then round(
                (
                    coalesce(estimated_monthly_emi_inr,  0)
                    + coalesce(bureau_monthly_burden_inr, 0)
                ) / monthly_income_inr,
                4
            )
            else null
        end                                             as dti_ratio

    from dti_computed

),

tiered as (

    select
        *,

        -- ── DTI risk tier ────────────────────────────────────────────────
        case
            when dti_ratio is null      then 'unknown'
            when dti_ratio < 0.36       then 'low'
            when dti_ratio < 0.43       then 'moderate'
            when dti_ratio < 0.50       then 'elevated'
            else                             'high'
        end                                             as dti_risk_tier,

        -- ── Combined risk flag: high DTI + high inquiry = red flag ───────
        case
            when dti_ratio >= 0.50 and high_inquiry_flag = 1 then 1
            else 0
        end                                             as combined_risk_flag,

        -- ── Audit ───────────────────────────────────────────────────────
        current_timestamp                               as feature_computed_at

    from dti_final

)

select * from tiered
  );
  
[0m12:43:12.769370 [debug] [Thread-1 (]: Opening a new connection, currently in state closed
[0m12:43:12.818812 [debug] [Thread-4 (]: SQL status: SELECT 1000 in 0.056 seconds
[0m12:43:12.819815 [debug] [Thread-4 (]: Using postgres connection "model.risklake.feat_credit_util"
[0m12:43:12.820814 [debug] [Thread-4 (]: On model.risklake.feat_credit_util: /* {"app": "dbt", "dbt_version": "1.11.11", "profile_name": "risklake", "target_name": "dev", "node_id": "model.risklake.feat_credit_util"} */

    create unique index if not exists
  "535f8e3178adb1ab99d406d7cf0de6c9"
  on "risklake"."silver_silver"."feat_credit_util__dbt_tmp" 
  (customer_id)
  
[0m12:43:12.820814 [debug] [Thread-1 (]: SQL status: SELECT 1000 in 0.054 seconds
[0m12:43:12.820814 [debug] [Thread-1 (]: Using postgres connection "model.risklake.feat_dti_ratio"
[0m12:43:12.825597 [debug] [Thread-4 (]: SQL status: CREATE INDEX in 0.004 seconds
[0m12:43:12.825597 [debug] [Thread-1 (]: On model.risklake.feat_dti_ratio: /* {"app": "dbt", "dbt_version": "1.11.11", "profile_name": "risklake", "target_name": "dev", "node_id": "model.risklake.feat_dti_ratio"} */

    create unique index if not exists
  "b5ae3fa93acb882628a29899c3695676"
  on "risklake"."silver_silver"."feat_dti_ratio__dbt_tmp" 
  (application_id)
  
[0m12:43:12.828153 [debug] [Thread-4 (]: Using postgres connection "model.risklake.feat_credit_util"
[0m12:43:12.828153 [debug] [Thread-4 (]: On model.risklake.feat_credit_util: /* {"app": "dbt", "dbt_version": "1.11.11", "profile_name": "risklake", "target_name": "dev", "node_id": "model.risklake.feat_credit_util"} */
alter table "risklake"."silver_silver"."feat_credit_util__dbt_tmp" rename to "feat_credit_util"
[0m12:43:12.828153 [debug] [Thread-4 (]: SQL status: ALTER TABLE in 0.000 seconds
[0m12:43:12.828153 [debug] [Thread-4 (]: On model.risklake.feat_credit_util: COMMIT
[0m12:43:12.828153 [debug] [Thread-4 (]: Using postgres connection "model.risklake.feat_credit_util"
[0m12:43:12.832418 [debug] [Thread-4 (]: On model.risklake.feat_credit_util: COMMIT
[0m12:43:12.832418 [debug] [Thread-1 (]: SQL status: CREATE INDEX in 0.003 seconds
[0m12:43:12.832418 [debug] [Thread-1 (]: Using postgres connection "model.risklake.feat_dti_ratio"
[0m12:43:12.832418 [debug] [Thread-4 (]: SQL status: COMMIT in 0.002 seconds
[0m12:43:12.832418 [debug] [Thread-1 (]: On model.risklake.feat_dti_ratio: /* {"app": "dbt", "dbt_version": "1.11.11", "profile_name": "risklake", "target_name": "dev", "node_id": "model.risklake.feat_dti_ratio"} */

    create  index if not exists
  "a5ce36627a7267d0f2ad497a45cb5ced"
  on "risklake"."silver_silver"."feat_dti_ratio__dbt_tmp" 
  (customer_id)
  
[0m12:43:12.836792 [debug] [Thread-4 (]: Applying DROP to: "risklake"."silver_silver"."feat_credit_util__dbt_backup"
[0m12:43:12.836792 [debug] [Thread-4 (]: Using postgres connection "model.risklake.feat_credit_util"
[0m12:43:12.836792 [debug] [Thread-4 (]: On model.risklake.feat_credit_util: /* {"app": "dbt", "dbt_version": "1.11.11", "profile_name": "risklake", "target_name": "dev", "node_id": "model.risklake.feat_credit_util"} */
drop table if exists "risklake"."silver_silver"."feat_credit_util__dbt_backup" cascade
[0m12:43:12.836792 [debug] [Thread-4 (]: SQL status: DROP TABLE in 0.000 seconds
[0m12:43:12.836792 [debug] [Thread-4 (]: On model.risklake.feat_credit_util: Close
[0m12:43:12.836792 [debug] [Thread-4 (]: Sending event: {'category': 'dbt', 'action': 'run_model', 'label': 'd5427028-c9cc-4204-ab13-1ab1ff0608e5', 'context': [<snowplow_tracker.self_describing_json.SelfDescribingJson object at 0x000001F2136B6190>]}
[0m12:43:12.836792 [debug] [Thread-1 (]: SQL status: CREATE INDEX in 0.004 seconds
[0m12:43:12.836792 [info ] [Thread-4 (]: 3 of 4 OK created sql table model silver_silver.feat_credit_util ............... [[32mSELECT 1000[0m in 0.10s]
[0m12:43:12.836792 [debug] [Thread-1 (]: Using postgres connection "model.risklake.feat_dti_ratio"
[0m12:43:12.836792 [debug] [Thread-4 (]: Finished running node model.risklake.feat_credit_util
[0m12:43:12.836792 [debug] [Thread-1 (]: On model.risklake.feat_dti_ratio: /* {"app": "dbt", "dbt_version": "1.11.11", "profile_name": "risklake", "target_name": "dev", "node_id": "model.risklake.feat_dti_ratio"} */
alter table "risklake"."silver_silver"."feat_dti_ratio__dbt_tmp" rename to "feat_dti_ratio"
[0m12:43:12.836792 [debug] [Thread-1 (]: SQL status: ALTER TABLE in 0.000 seconds
[0m12:43:12.836792 [debug] [Thread-1 (]: On model.risklake.feat_dti_ratio: COMMIT
[0m12:43:12.836792 [debug] [Thread-1 (]: Using postgres connection "model.risklake.feat_dti_ratio"
[0m12:43:12.836792 [debug] [Thread-1 (]: On model.risklake.feat_dti_ratio: COMMIT
[0m12:43:12.836792 [debug] [Thread-1 (]: SQL status: COMMIT in 0.001 seconds
[0m12:43:12.836792 [debug] [Thread-1 (]: Applying DROP to: "risklake"."silver_silver"."feat_dti_ratio__dbt_backup"
[0m12:43:12.836792 [debug] [Thread-1 (]: Using postgres connection "model.risklake.feat_dti_ratio"
[0m12:43:12.852746 [debug] [Thread-1 (]: On model.risklake.feat_dti_ratio: /* {"app": "dbt", "dbt_version": "1.11.11", "profile_name": "risklake", "target_name": "dev", "node_id": "model.risklake.feat_dti_ratio"} */
drop table if exists "risklake"."silver_silver"."feat_dti_ratio__dbt_backup" cascade
[0m12:43:12.853800 [debug] [Thread-1 (]: SQL status: DROP TABLE in 0.000 seconds
[0m12:43:12.855570 [debug] [Thread-1 (]: On model.risklake.feat_dti_ratio: Close
[0m12:43:12.856609 [debug] [Thread-1 (]: Sending event: {'category': 'dbt', 'action': 'run_model', 'label': 'd5427028-c9cc-4204-ab13-1ab1ff0608e5', 'context': [<snowplow_tracker.self_describing_json.SelfDescribingJson object at 0x000001F2136B5550>]}
[0m12:43:12.857605 [info ] [Thread-1 (]: 4 of 4 OK created sql table model silver_silver.feat_dti_ratio ................. [[32mSELECT 1000[0m in 0.11s]
[0m12:43:12.858417 [debug] [Thread-1 (]: Finished running node model.risklake.feat_dti_ratio
[0m12:43:12.858417 [debug] [MainThread]: On master: COMMIT
[0m12:43:12.858417 [debug] [MainThread]: Using postgres connection "master"
[0m12:43:12.858417 [debug] [MainThread]: On master: COMMIT
[0m12:43:12.863303 [debug] [MainThread]: Opening a new connection, currently in state closed
[0m12:43:12.904632 [debug] [MainThread]: SQL status: COMMIT in 0.041 seconds
[0m12:43:12.904632 [debug] [MainThread]: On master: Close
[0m12:43:12.904632 [debug] [MainThread]: Connection 'master' was properly closed.
[0m12:43:12.904632 [debug] [MainThread]: Connection 'list_risklake' was properly closed.
[0m12:43:12.904632 [debug] [MainThread]: Connection 'list_risklake_silver_silver' was properly closed.
[0m12:43:12.904632 [debug] [MainThread]: Connection 'model.risklake.feat_dti_ratio' was properly closed.
[0m12:43:12.904632 [debug] [MainThread]: Connection 'model.risklake.stg_loans' was properly closed.
[0m12:43:12.904632 [debug] [MainThread]: Connection 'model.risklake.feat_credit_util' was properly closed.
[0m12:43:12.904632 [info ] [MainThread]: 
[0m12:43:12.904632 [info ] [MainThread]: Finished running 4 table models in 0 hours 0 minutes and 0.54 seconds (0.54s).
[0m12:43:12.904632 [debug] [MainThread]: Command end result
[0m12:43:12.926510 [debug] [MainThread]: Wrote artifact WritableManifest to C:\Users\rande\OneDrive\Desktop\risklake\risklake\backend\dbt\target\manifest.json
[0m12:43:12.940657 [debug] [MainThread]: Wrote artifact SemanticManifest to C:\Users\rande\OneDrive\Desktop\risklake\risklake\backend\dbt\target\semantic_manifest.json
[0m12:43:12.945668 [debug] [MainThread]: Wrote artifact RunExecutionResult to C:\Users\rande\OneDrive\Desktop\risklake\risklake\backend\dbt\target\run_results.json
[0m12:43:12.946655 [info ] [MainThread]: 
[0m12:43:12.946655 [info ] [MainThread]: [32mCompleted successfully[0m
[0m12:43:12.947653 [info ] [MainThread]: 
[0m12:43:12.947653 [info ] [MainThread]: Done. PASS=4 WARN=0 ERROR=0 SKIP=0 NO-OP=0 TOTAL=4
[0m12:43:12.948656 [debug] [MainThread]: Command `dbt run` succeeded at 12:43:12.948656 after 1.30 seconds
[0m12:43:12.949659 [debug] [MainThread]: Sending event: {'category': 'dbt', 'action': 'invocation', 'label': 'end', 'context': [<snowplow_tracker.self_describing_json.SelfDescribingJson object at 0x000001F2115FD990>, <snowplow_tracker.self_describing_json.SelfDescribingJson object at 0x000001F20AB8A890>, <snowplow_tracker.self_describing_json.SelfDescribingJson object at 0x000001F212723D90>]}
[0m12:43:12.949659 [debug] [MainThread]: Flushing usage events
[0m12:43:14.201496 [debug] [MainThread]: An error was encountered while trying to flush usage events
[0m02:13:57.137061 [debug] [MainThread]: Sending event: {'category': 'dbt', 'action': 'invocation', 'label': 'start', 'context': [<snowplow_tracker.self_describing_json.SelfDescribingJson object at 0x00000132A6931710>, <snowplow_tracker.self_describing_json.SelfDescribingJson object at 0x00000132A69327D0>, <snowplow_tracker.self_describing_json.SelfDescribingJson object at 0x00000132A69307D0>]}


============================== 02:13:57.137061 | 385ebd99-2721-464c-827b-f0a8ad758164 ==============================
[0m02:13:57.137061 [info ] [MainThread]: Running with dbt=1.11.11
[0m02:13:57.137061 [debug] [MainThread]: running dbt with arguments {'static_parser': 'True', 'no_print': 'None', 'version_check': 'True', 'target_path': 'None', 'warn_error_options': 'WarnErrorOptionsV2(error=[], warn=[], silence=[])', 'printer_width': '80', 'write_json': 'True', 'introspect': 'True', 'log_cache_events': 'False', 'empty': 'False', 'cache_selected_only': 'False', 'fail_fast': 'False', 'debug': 'False', 'log_format': 'default', 'partial_parse': 'True', 'send_anonymous_usage_stats': 'True', 'quiet': 'False', 'warn_error': 'None', 'profiles_dir': 'C:\\Users\\rande\\OneDrive\\Desktop\\risklake\\risklake\\backend\\dbt', 'use_colors': 'True', 'indirect_selection': 'eager', 'invocation_command': 'dbt run --select tag:silver', 'use_experimental_parser': 'False', 'log_path': 'C:\\Users\\rande\\OneDrive\\Desktop\\risklake\\risklake\\backend\\dbt\\logs'}
[0m02:13:57.450115 [debug] [MainThread]: Sending event: {'category': 'dbt', 'action': 'project_id', 'label': '385ebd99-2721-464c-827b-f0a8ad758164', 'context': [<snowplow_tracker.self_describing_json.SelfDescribingJson object at 0x00000132A5958790>]}
[0m02:13:57.482407 [debug] [MainThread]: Sending event: {'category': 'dbt', 'action': 'adapter_info', 'label': '385ebd99-2721-464c-827b-f0a8ad758164', 'context': [<snowplow_tracker.self_describing_json.SelfDescribingJson object at 0x00000132A20AA710>]}
[0m02:13:57.482407 [info ] [MainThread]: Registered adapter: postgres=1.10.2
[0m02:13:57.983774 [debug] [MainThread]: checksum: 30a8cc8fdcbf66701b0944d4ccce3fa46dd04b61e5df68b9f16d57b2e0e3f0be, vars: {}, profile: , target: , version: 1.11.11
[0m02:13:58.102025 [info ] [MainThread]: Unable to do partial parsing because profile has changed
[0m02:13:58.103038 [debug] [MainThread]: Sending event: {'category': 'dbt', 'action': 'partial_parser', 'label': '385ebd99-2721-464c-827b-f0a8ad758164', 'context': [<snowplow_tracker.self_describing_json.SelfDescribingJson object at 0x00000132A495C650>]}
[0m02:14:02.183642 [warn ] [MainThread]: [[33mWARNING[0m][MissingArgumentsPropertyInGenericTestDeprecation]: Deprecated
functionality
Found top-level arguments to test `accepted_values` defined on 'stg_loans' in
package 'risklake' (models\silver\schema.yml). Arguments to generic tests should
be nested under the `arguments` property.
[0m02:14:02.183642 [debug] [MainThread]: Sending event: {'category': 'dbt', 'action': 'deprecation', 'label': '385ebd99-2721-464c-827b-f0a8ad758164', 'property_': 'warn', 'context': [<snowplow_tracker.self_describing_json.SelfDescribingJson object at 0x00000132A73292D0>]}
[0m02:14:02.325624 [warn ] [MainThread]: [[33mWARNING[0m]: Configuration paths exist in your dbt_project.yml file which do not apply to any resources.
There are 2 unused configuration paths:
- models.risklake.bronze
- models.risklake.gold
[0m02:14:02.341533 [debug] [MainThread]: Sending event: {'category': 'dbt', 'action': 'load_project', 'label': '385ebd99-2721-464c-827b-f0a8ad758164', 'context': [<snowplow_tracker.self_describing_json.SelfDescribingJson object at 0x00000132A71AF790>]}
[0m02:14:02.452929 [debug] [MainThread]: Wrote artifact WritableManifest to C:\Users\rande\OneDrive\Desktop\risklake\risklake\backend\dbt\target\manifest.json
[0m02:14:02.468723 [debug] [MainThread]: Wrote artifact SemanticManifest to C:\Users\rande\OneDrive\Desktop\risklake\risklake\backend\dbt\target\semantic_manifest.json
[0m02:14:02.484605 [debug] [MainThread]: Sending event: {'category': 'dbt', 'action': 'resource_counts', 'label': '385ebd99-2721-464c-827b-f0a8ad758164', 'context': [<snowplow_tracker.self_describing_json.SelfDescribingJson object at 0x00000132A7350810>]}
[0m02:14:02.484605 [info ] [MainThread]: Found 4 models, 45 data tests, 4 sources, 475 macros
[0m02:14:02.500498 [debug] [MainThread]: Sending event: {'category': 'dbt', 'action': 'runnable_timing', 'label': '385ebd99-2721-464c-827b-f0a8ad758164', 'context': [<snowplow_tracker.self_describing_json.SelfDescribingJson object at 0x00000132A74EF350>]}
[0m02:14:02.501952 [info ] [MainThread]: 
[0m02:14:02.501952 [info ] [MainThread]: Concurrency: 4 threads (target='dev')
[0m02:14:02.501952 [info ] [MainThread]: 
[0m02:14:02.501952 [debug] [MainThread]: Acquiring new postgres connection 'master'
[0m02:14:02.501952 [debug] [ThreadPool]: Acquiring new postgres connection 'list_risklake'
[0m02:14:03.887049 [debug] [ThreadPool]: Using postgres connection "list_risklake"
[0m02:14:03.887049 [debug] [ThreadPool]: On list_risklake: /* {"app": "dbt", "dbt_version": "1.11.11", "profile_name": "risklake", "target_name": "dev", "connection_name": "list_risklake"} */

    select distinct nspname from pg_namespace
  
[0m02:14:03.887049 [debug] [ThreadPool]: Opening a new connection, currently in state init
[0m02:14:03.943232 [debug] [ThreadPool]: SQL status: SELECT 8 in 0.059 seconds
[0m02:14:03.943232 [debug] [ThreadPool]: On list_risklake: Close
[0m02:14:03.943232 [debug] [ThreadPool]: Acquiring new postgres connection 'list_risklake_silver_silver'
[0m02:14:03.954321 [debug] [ThreadPool]: Using postgres connection "list_risklake_silver_silver"
[0m02:14:03.954321 [debug] [ThreadPool]: On list_risklake_silver_silver: /* {"app": "dbt", "dbt_version": "1.11.11", "profile_name": "risklake", "target_name": "dev", "connection_name": "list_risklake_silver_silver"} */
select
      'risklake' as database,
      tablename as name,
      schemaname as schema,
      'table' as type
    from pg_tables
    where schemaname ilike 'silver_silver'
    union all
    select
      'risklake' as database,
      viewname as name,
      schemaname as schema,
      'view' as type
    from pg_views
    where schemaname ilike 'silver_silver'
    union all
    select
      'risklake' as database,
      matviewname as name,
      schemaname as schema,
      'materialized_view' as type
    from pg_matviews
    where schemaname ilike 'silver_silver'
  
[0m02:14:03.954321 [debug] [ThreadPool]: Opening a new connection, currently in state init
[0m02:14:03.990290 [debug] [ThreadPool]: SQL status: SELECT 4 in 0.045 seconds
[0m02:14:03.990290 [debug] [ThreadPool]: On list_risklake_silver_silver: ROLLBACK
[0m02:14:03.990290 [debug] [ThreadPool]: On list_risklake_silver_silver: Close
[0m02:14:04.006459 [debug] [MainThread]: Using postgres connection "master"
[0m02:14:04.006459 [debug] [MainThread]: On master: /* {"app": "dbt", "dbt_version": "1.11.11", "profile_name": "risklake", "target_name": "dev", "connection_name": "master"} */
select distinct
        dependent_namespace.nspname as dependent_schema,
        dependent_class.relname as dependent_name,
        referenced_namespace.nspname as referenced_schema,
        referenced_class.relname as referenced_name

    -- Query for views: views are entries in pg_class with an entry in pg_rewrite, but we avoid
    -- a seq scan on pg_rewrite by leveraging the fact there is an "internal" row in pg_depend for
    -- the view...
    from pg_class as dependent_class
    join pg_namespace as dependent_namespace on dependent_namespace.oid = dependent_class.relnamespace
    join pg_depend as dependent_depend on dependent_depend.refobjid = dependent_class.oid
        and dependent_depend.classid = 'pg_rewrite'::regclass
        and dependent_depend.refclassid = 'pg_class'::regclass
        and dependent_depend.deptype = 'i'

    -- ... and via pg_depend (that has a row per column, hence the need for "distinct" above, and
    -- making sure to exclude the internal row to avoid a view appearing to depend on itself)...
    join pg_depend as joining_depend on joining_depend.objid = dependent_depend.objid
        and joining_depend.classid = 'pg_rewrite'::regclass
        and joining_depend.refclassid = 'pg_class'::regclass
        and joining_depend.refobjid != dependent_depend.refobjid

    -- ... we can find the tables they query from in pg_class, but excluding system tables. Note we
    -- don't need need to exclude _dependent_ system tables, because they only query from other
    -- system tables, and so are automatically excluded by excluding _referenced_ system tables
    join pg_class as referenced_class on referenced_class.oid = joining_depend.refobjid
    join pg_namespace as referenced_namespace on referenced_namespace.oid = referenced_class.relnamespace
        and referenced_namespace.nspname != 'information_schema'
        and referenced_namespace.nspname not like 'pg\_%'

    order by
        dependent_schema, dependent_name, referenced_schema, referenced_name;
[0m02:14:04.006459 [debug] [MainThread]: Opening a new connection, currently in state init
[0m02:14:04.038724 [debug] [MainThread]: SQL status: SELECT 0 in 0.036 seconds
[0m02:14:04.038724 [debug] [MainThread]: Sending event: {'category': 'dbt', 'action': 'runnable_timing', 'label': '385ebd99-2721-464c-827b-f0a8ad758164', 'context': [<snowplow_tracker.self_describing_json.SelfDescribingJson object at 0x00000132A736A210>]}
[0m02:14:04.038724 [debug] [MainThread]: On master: ROLLBACK
[0m02:14:04.038724 [debug] [MainThread]: On master: COMMIT
[0m02:14:04.038724 [debug] [MainThread]: Using postgres connection "master"
[0m02:14:04.038724 [debug] [MainThread]: On master: COMMIT
[0m02:14:04.038724 [debug] [MainThread]: SQL status: COMMIT in 0.000 seconds
[0m02:14:04.038724 [debug] [MainThread]: On master: Close
[0m02:14:04.054924 [debug] [Thread-1 (]: Began running node model.risklake.stg_credit
[0m02:14:04.054924 [debug] [Thread-2 (]: Began running node model.risklake.stg_loans
[0m02:14:04.054924 [info ] [Thread-1 (]: 1 of 4 START sql table model silver_silver.stg_credit .......................... [RUN]
[0m02:14:04.054924 [info ] [Thread-2 (]: 2 of 4 START sql table model silver_silver.stg_loans ........................... [RUN]
[0m02:14:04.054924 [debug] [Thread-1 (]: Acquiring new postgres connection 'model.risklake.stg_credit'
[0m02:14:04.054924 [debug] [Thread-2 (]: Acquiring new postgres connection 'model.risklake.stg_loans'
[0m02:14:04.054924 [debug] [Thread-1 (]: Began compiling node model.risklake.stg_credit
[0m02:14:04.054924 [debug] [Thread-2 (]: Began compiling node model.risklake.stg_loans
[0m02:14:04.054924 [debug] [Thread-1 (]: Writing injected SQL for node "model.risklake.stg_credit"
[0m02:14:04.054924 [debug] [Thread-2 (]: Writing injected SQL for node "model.risklake.stg_loans"
[0m02:14:04.071012 [debug] [Thread-1 (]: Began executing node model.risklake.stg_credit
[0m02:14:04.071012 [debug] [Thread-2 (]: Began executing node model.risklake.stg_loans
[0m02:14:04.106685 [debug] [Thread-1 (]: Writing runtime sql for node "model.risklake.stg_credit"
[0m02:14:04.108698 [debug] [Thread-2 (]: Writing runtime sql for node "model.risklake.stg_loans"
[0m02:14:04.110706 [debug] [Thread-1 (]: Using postgres connection "model.risklake.stg_credit"
[0m02:14:04.110706 [debug] [Thread-1 (]: On model.risklake.stg_credit: /* {"app": "dbt", "dbt_version": "1.11.11", "profile_name": "risklake", "target_name": "dev", "node_id": "model.risklake.stg_credit"} */

  
    

  create  table "risklake"."silver_silver"."stg_credit__dbt_tmp"
  
  
    as
  
  (
    /*
  RiskLake — Silver Layer
  Model  : stg_credit
  Schema : silver
  Source : bronze.credit_bureau

  Purpose
  -------
  Cleans and enriches credit bureau pull data. Adds computed signals that
  the Gold PD model and feat_credit_util feature model consume.

  Transformations
  ---------------
  1. Type casting — everything arrives as TEXT from Bronze.
  2. Utilisation band bucketing for model inputs.
  3. Inquiry velocity flag (>=3 hard inquiries in 6 months = elevated risk).
  4. Available credit headroom calculation.
  5. Deduplication — keep the most recent bureau pull per customer.

  Grain: one row per customer (most recent bureau pull).
*/



with

source as (

    select * from "risklake"."bronze"."credit_bureau"

),

cleaned as (

    select
        -- ── Keys ────────────────────────────────────────────────────────
        trim(customer_id)                                   as customer_id,
        cast(bureau_pull_date as date)                      as bureau_pull_date,

        -- ── Core bureau fields ───────────────────────────────────────────
        cast(credit_score            as integer)            as credit_score,
        cast(total_accounts          as integer)            as total_accounts,
        cast(open_accounts           as integer)            as open_accounts,
        cast(delinquent_accounts     as integer)            as delinquent_accounts,
        cast(hard_inquiries_6m       as integer)            as hard_inquiries_6m,
        cast(oldest_account_months   as integer)            as oldest_account_months,
        cast(total_credit_limit_inr  as bigint)             as total_credit_limit_inr,
        cast(total_balance_inr       as bigint)             as total_balance_inr,

        -- Utilisation — clamp to [0,1] in case of dirty upstream values
        greatest(0, least(1,
            cast(credit_utilisation_pct as numeric)
        ))                                                  as credit_utilisation_pct,

        -- ── Derived: available credit headroom ───────────────────────────
        greatest(0,
            cast(total_credit_limit_inr as bigint)
            - cast(total_balance_inr    as bigint)
        )                                                   as available_credit_inr,

        -- ── Utilisation band (used as categorical feature in Gold ML) ────
        case
            when cast(credit_utilisation_pct as numeric) < 0.30 then 'low'
            when cast(credit_utilisation_pct as numeric) < 0.60 then 'medium'
            when cast(credit_utilisation_pct as numeric) < 0.90 then 'high'
            else 'maxed_out'
        end                                                 as utilisation_band,

        -- ── Inquiry velocity flag ────────────────────────────────────────
        -- >=3 hard inquiries in 6 months signals credit-hungry behaviour
        case
            when cast(hard_inquiries_6m as integer) >= 3 then 1
            else 0
        end                                                 as high_inquiry_flag,

        -- ── Delinquency rate ─────────────────────────────────────────────
        case
            when cast(total_accounts as integer) > 0
            then round(
                cast(delinquent_accounts as numeric)
                / cast(total_accounts    as numeric),
                4
            )
            else 0
        end                                                 as delinquency_rate,

        -- ── Credit age band ──────────────────────────────────────────────
        case
            when cast(oldest_account_months as integer) < 12  then 'new'
            when cast(oldest_account_months as integer) < 36  then 'developing'
            when cast(oldest_account_months as integer) < 84  then 'established'
            else 'mature'
        end                                                 as credit_age_band,

        -- ── Audit ───────────────────────────────────────────────────────
        current_timestamp                                   as silver_processed_at

    from source
    where customer_id is not null

),

-- Most recent bureau pull per customer
deduped as (

    select distinct on (customer_id)
        *
    from cleaned
    order by customer_id, bureau_pull_date desc

)

select * from deduped
  );
  
[0m02:14:04.110706 [debug] [Thread-2 (]: Using postgres connection "model.risklake.stg_loans"
[0m02:14:04.112575 [debug] [Thread-1 (]: Opening a new connection, currently in state init
[0m02:14:04.112575 [debug] [Thread-2 (]: On model.risklake.stg_loans: /* {"app": "dbt", "dbt_version": "1.11.11", "profile_name": "risklake", "target_name": "dev", "node_id": "model.risklake.stg_loans"} */

  
    

  create  table "risklake"."silver_silver"."stg_loans__dbt_tmp"
  
  
    as
  
  (
    /*
  RiskLake — Silver Layer
  Model  : stg_loans
  Schema : silver
  Source : bronze.loan_applications

  Purpose
  -------
  Cleans and standardises the raw loan application data arriving from the
  Bronze layer. This is the canonical staging model that all downstream
  Silver feature models and Gold risk tables join against.

  Transformations applied
  -----------------------
  1. Cast columns to correct data types (Bronze lands everything as TEXT).
  2. Null-safe defaults for optional fields.
  3. Derive loan_to_income_ratio — a foundational risk signal.
  4. Standardise categorical values to lowercase snake_case.
  5. Drop internal Bronze metadata columns (_bronze_*).
  6. Add silver_processed_at audit timestamp.

  Grain: one row per loan application (application_id is the PK).
*/



with

source as (

    select * from "risklake"."bronze"."loan_applications"

),

cleaned as (

    select
        -- ── Keys ────────────────────────────────────────────────────────
        trim(application_id)                            as application_id,
        trim(customer_id)                               as customer_id,

        -- ── Dates ───────────────────────────────────────────────────────
        cast(application_date as date)                  as application_date,

        -- ── Financials ──────────────────────────────────────────────────
        cast(loan_amount_inr     as bigint)             as loan_amount_inr,
        cast(annual_income_inr   as bigint)             as annual_income_inr,
        cast(loan_term_months    as integer)            as loan_term_months,
        cast(existing_loans      as integer)            as existing_loans,
        cast(collateral_value    as bigint)             as collateral_value_inr,
        cast(credit_score        as integer)            as credit_score,

        -- ── Categoricals — lowercased & trimmed ─────────────────────────
        lower(trim(employment_type))                    as employment_type,
        lower(trim(loan_purpose))                       as loan_purpose,

        -- ── Target label ────────────────────────────────────────────────
        cast(default_flag as integer)                   as default_flag,

        -- ── Derived feature: Loan-to-Income ratio ───────────────────────
        -- Protects against division-by-zero from dirty source data.
        case
            when cast(annual_income_inr as bigint) > 0
            then round(
                cast(loan_amount_inr as numeric)
                / cast(annual_income_inr as numeric),
                4
            )
            else null
        end                                             as loan_to_income_ratio,

        -- ── Collateral coverage ratio ────────────────────────────────────
        case
            when cast(loan_amount_inr as bigint) > 0
            then round(
                cast(collateral_value as numeric)
                / cast(loan_amount_inr as numeric),
                4
            )
            else null
        end                                             as collateral_coverage_ratio,

        -- ── Credit risk tier (rule-based, overridden by Gold ML model) ───
        case
            when cast(credit_score as integer) >= 750 then 'low'
            when cast(credit_score as integer) >= 600 then 'medium'
            when cast(credit_score as integer) >= 450 then 'high'
            else 'very_high'
        end                                             as credit_risk_tier,

        -- ── Audit ───────────────────────────────────────────────────────
        current_timestamp                               as silver_processed_at

    from source

    where
        -- Hard filter: reject rows with no primary key or income
        application_id   is not null
        and customer_id  is not null
        and cast(annual_income_inr as bigint) > 0

),

deduped as (

    -- Keep the latest record per application_id in case Bronze re-ingests
    select distinct on (application_id)
        *
    from cleaned
    order by application_id, silver_processed_at desc

)

select * from deduped
  );
  
[0m02:14:04.112575 [debug] [Thread-2 (]: Opening a new connection, currently in state init
[0m02:14:04.164546 [debug] [Thread-2 (]: SQL status: SELECT 1000 in 0.053 seconds
[0m02:14:04.174253 [debug] [Thread-1 (]: SQL status: SELECT 1000 in 0.062 seconds
[0m02:14:04.174253 [debug] [Thread-2 (]: Using postgres connection "model.risklake.stg_loans"
[0m02:14:04.174253 [debug] [Thread-1 (]: Using postgres connection "model.risklake.stg_credit"
[0m02:14:04.174253 [debug] [Thread-2 (]: On model.risklake.stg_loans: /* {"app": "dbt", "dbt_version": "1.11.11", "profile_name": "risklake", "target_name": "dev", "node_id": "model.risklake.stg_loans"} */

    create unique index if not exists
  "34fa1ebff29389f30f9e25744b733a76"
  on "risklake"."silver_silver"."stg_loans__dbt_tmp" 
  (application_id)
  
[0m02:14:04.174253 [debug] [Thread-1 (]: On model.risklake.stg_credit: /* {"app": "dbt", "dbt_version": "1.11.11", "profile_name": "risklake", "target_name": "dev", "node_id": "model.risklake.stg_credit"} */

    create unique index if not exists
  "f0850e6b6632c69d2fe5aec55c61c7e3"
  on "risklake"."silver_silver"."stg_credit__dbt_tmp" 
  (customer_id)
  
[0m02:14:04.183373 [debug] [Thread-2 (]: SQL status: CREATE INDEX in 0.004 seconds
[0m02:14:04.183373 [debug] [Thread-2 (]: Using postgres connection "model.risklake.stg_loans"
[0m02:14:04.183373 [debug] [Thread-1 (]: SQL status: CREATE INDEX in 0.006 seconds
[0m02:14:04.183373 [debug] [Thread-2 (]: On model.risklake.stg_loans: /* {"app": "dbt", "dbt_version": "1.11.11", "profile_name": "risklake", "target_name": "dev", "node_id": "model.risklake.stg_loans"} */

    create  index if not exists
  "bf07586436d8b219842c742e9ea1d6c9"
  on "risklake"."silver_silver"."stg_loans__dbt_tmp" 
  (customer_id)
  
[0m02:14:04.183373 [debug] [Thread-1 (]: Using postgres connection "model.risklake.stg_credit"
[0m02:14:04.183373 [debug] [Thread-1 (]: On model.risklake.stg_credit: /* {"app": "dbt", "dbt_version": "1.11.11", "profile_name": "risklake", "target_name": "dev", "node_id": "model.risklake.stg_credit"} */

    create  index if not exists
  "90354f0c3c5aec64923dc43264fca82f"
  on "risklake"."silver_silver"."stg_credit__dbt_tmp" 
  (bureau_pull_date)
  
[0m02:14:04.190361 [debug] [Thread-1 (]: SQL status: CREATE INDEX in 0.004 seconds
[0m02:14:04.196876 [debug] [Thread-1 (]: Using postgres connection "model.risklake.stg_credit"
[0m02:14:04.196876 [debug] [Thread-2 (]: SQL status: CREATE INDEX in 0.010 seconds
[0m02:14:04.196876 [debug] [Thread-1 (]: On model.risklake.stg_credit: /* {"app": "dbt", "dbt_version": "1.11.11", "profile_name": "risklake", "target_name": "dev", "node_id": "model.risklake.stg_credit"} */
alter table "risklake"."silver_silver"."stg_credit" rename to "stg_credit__dbt_backup"
[0m02:14:04.201631 [debug] [Thread-2 (]: Using postgres connection "model.risklake.stg_loans"
[0m02:14:04.201631 [debug] [Thread-2 (]: On model.risklake.stg_loans: /* {"app": "dbt", "dbt_version": "1.11.11", "profile_name": "risklake", "target_name": "dev", "node_id": "model.risklake.stg_loans"} */

    create  index if not exists
  "be6245a4609b23110c4f51bdb8085a53"
  on "risklake"."silver_silver"."stg_loans__dbt_tmp" 
  (application_date)
  
[0m02:14:04.201631 [debug] [Thread-1 (]: SQL status: ALTER TABLE in 0.000 seconds
[0m02:14:04.201631 [debug] [Thread-1 (]: Using postgres connection "model.risklake.stg_credit"
[0m02:14:04.206273 [debug] [Thread-1 (]: On model.risklake.stg_credit: /* {"app": "dbt", "dbt_version": "1.11.11", "profile_name": "risklake", "target_name": "dev", "node_id": "model.risklake.stg_credit"} */
alter table "risklake"."silver_silver"."stg_credit__dbt_tmp" rename to "stg_credit"
[0m02:14:04.206273 [debug] [Thread-1 (]: SQL status: ALTER TABLE in 0.000 seconds
[0m02:14:04.206273 [debug] [Thread-2 (]: SQL status: CREATE INDEX in 0.005 seconds
[0m02:14:04.206273 [debug] [Thread-1 (]: On model.risklake.stg_credit: COMMIT
[0m02:14:04.221945 [debug] [Thread-2 (]: Using postgres connection "model.risklake.stg_loans"
[0m02:14:04.221945 [debug] [Thread-1 (]: Using postgres connection "model.risklake.stg_credit"
[0m02:14:04.221945 [debug] [Thread-2 (]: On model.risklake.stg_loans: /* {"app": "dbt", "dbt_version": "1.11.11", "profile_name": "risklake", "target_name": "dev", "node_id": "model.risklake.stg_loans"} */
alter table "risklake"."silver_silver"."stg_loans" rename to "stg_loans__dbt_backup"
[0m02:14:04.221945 [debug] [Thread-1 (]: On model.risklake.stg_credit: COMMIT
[0m02:14:04.221945 [debug] [Thread-2 (]: SQL status: ALTER TABLE in 0.000 seconds
[0m02:14:04.221945 [debug] [Thread-2 (]: Using postgres connection "model.risklake.stg_loans"
[0m02:14:04.221945 [debug] [Thread-1 (]: SQL status: COMMIT in 0.003 seconds
[0m02:14:04.221945 [debug] [Thread-2 (]: On model.risklake.stg_loans: /* {"app": "dbt", "dbt_version": "1.11.11", "profile_name": "risklake", "target_name": "dev", "node_id": "model.risklake.stg_loans"} */
alter table "risklake"."silver_silver"."stg_loans__dbt_tmp" rename to "stg_loans"
[0m02:14:04.221945 [debug] [Thread-1 (]: Applying DROP to: "risklake"."silver_silver"."stg_credit__dbt_backup"
[0m02:14:04.238093 [debug] [Thread-2 (]: SQL status: ALTER TABLE in 0.003 seconds
[0m02:14:04.221945 [debug] [Thread-1 (]: Using postgres connection "model.risklake.stg_credit"
[0m02:14:04.238093 [debug] [Thread-2 (]: On model.risklake.stg_loans: COMMIT
[0m02:14:04.238093 [debug] [Thread-1 (]: On model.risklake.stg_credit: /* {"app": "dbt", "dbt_version": "1.11.11", "profile_name": "risklake", "target_name": "dev", "node_id": "model.risklake.stg_credit"} */
drop table if exists "risklake"."silver_silver"."stg_credit__dbt_backup" cascade
[0m02:14:04.238093 [debug] [Thread-2 (]: Using postgres connection "model.risklake.stg_loans"
[0m02:14:04.238093 [debug] [Thread-2 (]: On model.risklake.stg_loans: COMMIT
[0m02:14:04.238093 [debug] [Thread-2 (]: SQL status: COMMIT in 0.002 seconds
[0m02:14:04.238093 [debug] [Thread-2 (]: Applying DROP to: "risklake"."silver_silver"."stg_loans__dbt_backup"
[0m02:14:04.238093 [debug] [Thread-2 (]: Using postgres connection "model.risklake.stg_loans"
[0m02:14:04.238093 [debug] [Thread-2 (]: On model.risklake.stg_loans: /* {"app": "dbt", "dbt_version": "1.11.11", "profile_name": "risklake", "target_name": "dev", "node_id": "model.risklake.stg_loans"} */
drop table if exists "risklake"."silver_silver"."stg_loans__dbt_backup" cascade
[0m02:14:04.238093 [debug] [Thread-1 (]: SQL status: DROP TABLE in 0.007 seconds
[0m02:14:04.238093 [debug] [Thread-1 (]: On model.risklake.stg_credit: Close
[0m02:14:04.255418 [debug] [Thread-1 (]: Sending event: {'category': 'dbt', 'action': 'run_model', 'label': '385ebd99-2721-464c-827b-f0a8ad758164', 'context': [<snowplow_tracker.self_describing_json.SelfDescribingJson object at 0x00000132A72FFED0>]}
[0m02:14:04.255418 [info ] [Thread-1 (]: 1 of 4 OK created sql table model silver_silver.stg_credit ..................... [[32mSELECT 1000[0m in 0.18s]
[0m02:14:04.255418 [debug] [Thread-2 (]: SQL status: DROP TABLE in 0.009 seconds
[0m02:14:04.255418 [debug] [Thread-1 (]: Finished running node model.risklake.stg_credit
[0m02:14:04.255418 [debug] [Thread-2 (]: On model.risklake.stg_loans: Close
[0m02:14:04.255418 [debug] [Thread-4 (]: Began running node model.risklake.feat_credit_util
[0m02:14:04.255418 [debug] [Thread-2 (]: Sending event: {'category': 'dbt', 'action': 'run_model', 'label': '385ebd99-2721-464c-827b-f0a8ad758164', 'context': [<snowplow_tracker.self_describing_json.SelfDescribingJson object at 0x00000132A77FEA90>]}
[0m02:14:04.255418 [info ] [Thread-4 (]: 3 of 4 START sql table model silver_silver.feat_credit_util .................... [RUN]
[0m02:14:04.255418 [info ] [Thread-2 (]: 2 of 4 OK created sql table model silver_silver.stg_loans ...................... [[32mSELECT 1000[0m in 0.20s]
[0m02:14:04.255418 [debug] [Thread-4 (]: Acquiring new postgres connection 'model.risklake.feat_credit_util'
[0m02:14:04.255418 [debug] [Thread-2 (]: Finished running node model.risklake.stg_loans
[0m02:14:04.255418 [debug] [Thread-4 (]: Began compiling node model.risklake.feat_credit_util
[0m02:14:04.269881 [debug] [Thread-4 (]: Writing injected SQL for node "model.risklake.feat_credit_util"
[0m02:14:04.269881 [debug] [Thread-1 (]: Began running node model.risklake.feat_dti_ratio
[0m02:14:04.269881 [info ] [Thread-1 (]: 4 of 4 START sql table model silver_silver.feat_dti_ratio ...................... [RUN]
[0m02:14:04.269881 [debug] [Thread-1 (]: Re-using an available connection from the pool (formerly model.risklake.stg_credit, now model.risklake.feat_dti_ratio)
[0m02:14:04.269881 [debug] [Thread-4 (]: Began executing node model.risklake.feat_credit_util
[0m02:14:04.269881 [debug] [Thread-1 (]: Began compiling node model.risklake.feat_dti_ratio
[0m02:14:04.279251 [debug] [Thread-4 (]: Writing runtime sql for node "model.risklake.feat_credit_util"
[0m02:14:04.279251 [debug] [Thread-1 (]: Writing injected SQL for node "model.risklake.feat_dti_ratio"
[0m02:14:04.285998 [debug] [Thread-4 (]: Using postgres connection "model.risklake.feat_credit_util"
[0m02:14:04.288013 [debug] [Thread-4 (]: On model.risklake.feat_credit_util: /* {"app": "dbt", "dbt_version": "1.11.11", "profile_name": "risklake", "target_name": "dev", "node_id": "model.risklake.feat_credit_util"} */

  
    

  create  table "risklake"."silver_silver"."feat_credit_util__dbt_tmp"
  
  
    as
  
  (
    /*
  RiskLake — Silver Layer
  Model  : feat_credit_util
  Schema : silver
  Depends: stg_credit, bronze.transactions

  Purpose
  -------
  Builds a rich credit utilisation feature set per customer by combining:
    1. Bureau snapshot utilisation (point-in-time from stg_credit)
    2. Transaction-derived behavioural signals (rolling spend velocity,
       EMI payment regularity, average monthly balance)

  These features feed directly into:
    - Gold PD model (as numeric inputs)
    - ARIMA credit utilisation forecasting (as the time series target)
    - AI Credit Analyst RAG context (as explainable customer signals)

  Key features produced
  ----------------------
  bureau_utilisation_pct     — bureau point-in-time utilisation
  avg_monthly_spend_inr      — mean monthly debit spend over 12 months
  spend_volatility_inr       — std deviation of monthly spend (stability signal)
  emi_payment_count          — number of EMI payments in window
  emi_regularity_score       — ratio of months with >=1 EMI to total months
  balance_trend_flag         — 1 if avg recent balance > avg earlier balance
  txn_utilisation_estimate   — transaction-derived utilisation proxy
  utilisation_change_flag    — 1 if txn utilisation > bureau utilisation by >15%

  Grain: one row per customer.
*/



with

bureau as (

    select
        customer_id,
        bureau_pull_date,
        credit_score,
        credit_utilisation_pct              as bureau_utilisation_pct,
        total_credit_limit_inr,
        total_balance_inr                   as bureau_balance_inr,
        utilisation_band,
        high_inquiry_flag,
        delinquency_rate,
        available_credit_inr,
        credit_age_band
    from "risklake"."silver_silver"."stg_credit"

),

-- Raw transactions — keep only the last 12 months for recency
txn_raw as (

    select
        customer_id,
        cast(transaction_date as date)      as transaction_date,
        cast(amount_inr as bigint)          as amount_inr,
        lower(trim(transaction_type))       as transaction_type,
        cast(balance_after_inr as bigint)   as balance_after_inr,
        cast(is_flagged as integer)         as is_flagged,

        -- Month bucket for rolling aggregations
        date_trunc('month', cast(transaction_date as date))
                                            as txn_month

    from "risklake"."bronze"."transactions"
    where
        customer_id      is not null
        and transaction_date is not null
        -- Rolling 12-month window relative to today
        and cast(transaction_date as date) >= current_date - interval '12 months'

),

-- Monthly spend per customer (debit transactions only)
monthly_spend as (

    select
        customer_id,
        txn_month,
        sum(case when transaction_type in ('debit', 'atm_withdrawal', 'pos')
                 then amount_inr else 0 end)    as monthly_debit_spend_inr,
        sum(case when transaction_type = 'emi_payment'
                 then amount_inr else 0 end)    as monthly_emi_paid_inr,
        count(case when transaction_type = 'emi_payment'
                   then 1 end)                  as emi_payment_count,
        avg(balance_after_inr)                  as avg_balance_inr,
        sum(is_flagged)                         as flagged_txn_count,
        count(*)                                as total_txn_count
    from txn_raw
    group by customer_id, txn_month

),

-- Aggregate to customer level
customer_txn_agg as (

    select
        customer_id,

        -- Spend signals
        round(avg(monthly_debit_spend_inr), 2)  as avg_monthly_spend_inr,
        round(stddev(monthly_debit_spend_inr), 2)
                                                as spend_volatility_inr,
        round(max(monthly_debit_spend_inr), 2)  as peak_monthly_spend_inr,

        -- EMI signals
        sum(emi_payment_count)                  as emi_payment_count_12m,
        sum(monthly_emi_paid_inr)               as total_emi_paid_inr_12m,

        -- EMI regularity: how many months had at least 1 EMI payment?
        round(
            cast(count(case when emi_payment_count > 0 then 1 end) as numeric)
            / nullif(count(*), 0),
            4
        )                                       as emi_regularity_score,

        -- Balance trend: compare recent 3m avg vs earlier 9m avg
        avg(case when txn_month >= date_trunc('month', current_date) - interval '3 months'
                 then avg_balance_inr end)      as avg_balance_recent_3m,
        avg(case when txn_month < date_trunc('month', current_date) - interval '3 months'
                 then avg_balance_inr end)      as avg_balance_earlier_9m,

        -- Risk signals
        sum(flagged_txn_count)                  as total_flagged_txns,
        sum(total_txn_count)                    as total_txns_12m,
        count(distinct txn_month)               as active_months_count

    from monthly_spend
    group by customer_id

),

-- Join bureau + transaction aggregates
combined as (

    select
        b.customer_id,
        b.bureau_pull_date,
        b.credit_score,
        b.bureau_utilisation_pct,
        b.total_credit_limit_inr,
        b.bureau_balance_inr,
        b.utilisation_band,
        b.high_inquiry_flag,
        b.delinquency_rate,
        b.available_credit_inr,
        b.credit_age_band,

        -- Transaction features (null-safe for customers with no recent txns)
        coalesce(t.avg_monthly_spend_inr,   0)  as avg_monthly_spend_inr,
        coalesce(t.spend_volatility_inr,    0)  as spend_volatility_inr,
        coalesce(t.peak_monthly_spend_inr,  0)  as peak_monthly_spend_inr,
        coalesce(t.emi_payment_count_12m,   0)  as emi_payment_count_12m,
        coalesce(t.total_emi_paid_inr_12m,  0)  as total_emi_paid_inr_12m,
        coalesce(t.emi_regularity_score,    0)  as emi_regularity_score,
        coalesce(t.avg_balance_recent_3m,   0)  as avg_balance_recent_3m,
        coalesce(t.avg_balance_earlier_9m,  0)  as avg_balance_earlier_9m,
        coalesce(t.total_flagged_txns,      0)  as total_flagged_txns,
        coalesce(t.total_txns_12m,          0)  as total_txns_12m,
        coalesce(t.active_months_count,     0)  as active_months_count,

        -- Flag: no transaction history at all
        case when t.customer_id is null then 1 else 0
        end                                     as no_txn_history_flag

    from bureau b
    left join customer_txn_agg t using (customer_id)

),

enriched as (

    select
        *,

        -- ── Balance trend flag ───────────────────────────────────────────
        -- 1 = recent balance growing (potential stress signal)
        case
            when avg_balance_earlier_9m > 0
             and avg_balance_recent_3m > avg_balance_earlier_9m
            then 1
            else 0
        end                                     as balance_trend_flag,

        -- ── Transaction-derived utilisation proxy ────────────────────────
        -- Monthly spend vs credit limit as a behaviour-based utilisation
        case
            when total_credit_limit_inr > 0
            then round(
                avg_monthly_spend_inr / cast(total_credit_limit_inr as numeric),
                4
            )
            else null
        end                                     as txn_utilisation_estimate,

        -- ── Flagged transaction rate ─────────────────────────────────────
        case
            when total_txns_12m > 0
            then round(
                cast(total_flagged_txns as numeric) / total_txns_12m,
                4
            )
            else 0
        end                                     as flagged_txn_rate

    from combined

),

final as (

    select
        *,

        -- ── Utilisation divergence flag ──────────────────────────────────
        -- Flags customers whose transaction behaviour implies higher
        -- utilisation than the bureau snapshot suggests (data lag risk).
        case
            when txn_utilisation_estimate is not null
             and txn_utilisation_estimate > (bureau_utilisation_pct + 0.15)
            then 1
            else 0
        end                                     as utilisation_change_flag,

        -- ── Overall credit stress score (0–4 additive flags) ────────────
        -- Used by the AI credit analyst as a quick-read summary signal.
        (
            high_inquiry_flag
            + balance_trend_flag
            + case when emi_regularity_score < 0.5 then 1 else 0 end
            + case when flagged_txn_rate > 0.05    then 1 else 0 end
        )                                       as credit_stress_score,

        -- ── Audit ───────────────────────────────────────────────────────
        current_timestamp                       as feature_computed_at

    from enriched

)

select * from final
  );
  
[0m02:14:04.288013 [debug] [Thread-1 (]: Began executing node model.risklake.feat_dti_ratio
[0m02:14:04.288013 [debug] [Thread-4 (]: Opening a new connection, currently in state init
[0m02:14:04.288013 [debug] [Thread-1 (]: Writing runtime sql for node "model.risklake.feat_dti_ratio"
[0m02:14:04.297428 [debug] [Thread-1 (]: Using postgres connection "model.risklake.feat_dti_ratio"
[0m02:14:04.297428 [debug] [Thread-1 (]: On model.risklake.feat_dti_ratio: /* {"app": "dbt", "dbt_version": "1.11.11", "profile_name": "risklake", "target_name": "dev", "node_id": "model.risklake.feat_dti_ratio"} */

  
    

  create  table "risklake"."silver_silver"."feat_dti_ratio__dbt_tmp"
  
  
    as
  
  (
    /*
  RiskLake — Silver Layer
  Model  : feat_dti_ratio
  Schema : silver
  Depends: stg_loans, stg_credit

  Purpose
  -------
  Computes the Debt-to-Income (DTI) ratio feature for each loan application.
  DTI is one of the strongest predictors of default and is a required input
  for the Gold layer PD (Probability of Default) model.

  DTI = (estimated_monthly_debt_obligations) / (monthly_income)

  Monthly debt estimation
  -----------------------
  We don't have the customer's actual monthly outgoings from a single source,
  so we approximate from bureau + application data:

      monthly_emi_estimate  = loan_amount / loan_term_months
      bureau_monthly_burden = total_balance / 60   (assume 5-yr repayment)
      total_monthly_debt    = monthly_emi_estimate + bureau_monthly_burden

  This approximation is documented and intentional — Silver models are explicit
  about assumptions so Gold analysts can override them.

  Risk tiers (aligned with RBI prudential norms)
  -----------------------------------------------
  DTI < 0.36  →  low
  DTI < 0.43  →  moderate      (43 % is the QM threshold in many frameworks)
  DTI < 0.50  →  elevated
  DTI >= 0.50 →  high          (RBI caution zone)

  Grain: one row per loan application.
*/



with

loans as (

    select
        application_id,
        customer_id,
        application_date,
        loan_amount_inr,
        loan_term_months,
        annual_income_inr,
        employment_type,
        loan_purpose,
        credit_score,
        loan_to_income_ratio,
        collateral_coverage_ratio,
        credit_risk_tier,
        default_flag
    from "risklake"."silver_silver"."stg_loans"

),

bureau as (

    select
        customer_id,
        total_balance_inr,
        total_credit_limit_inr,
        credit_utilisation_pct,
        delinquent_accounts,
        hard_inquiries_6m,
        delinquency_rate,
        high_inquiry_flag,
        utilisation_band
    from "risklake"."silver_silver"."stg_credit"

),

joined as (

    select
        l.application_id,
        l.customer_id,
        l.application_date,
        l.annual_income_inr,
        l.loan_amount_inr,
        l.loan_term_months,
        l.employment_type,
        l.loan_purpose,
        l.credit_score,
        l.loan_to_income_ratio,
        l.collateral_coverage_ratio,
        l.credit_risk_tier,
        l.default_flag,

        -- Bureau signals (null-safe — not every applicant has a bureau record)
        coalesce(b.total_balance_inr,       0)          as bureau_total_balance_inr,
        coalesce(b.total_credit_limit_inr,  0)          as bureau_credit_limit_inr,
        coalesce(b.credit_utilisation_pct,  0)          as bureau_utilisation_pct,
        coalesce(b.delinquent_accounts,     0)          as delinquent_accounts,
        coalesce(b.hard_inquiries_6m,       0)          as hard_inquiries_6m,
        coalesce(b.delinquency_rate,        0)          as delinquency_rate,
        coalesce(b.high_inquiry_flag,       0)          as high_inquiry_flag,
        coalesce(b.utilisation_band, 'unknown')         as utilisation_band,

        -- Flag customers with no bureau record at all
        case when b.customer_id is null then 1 else 0
        end                                             as no_bureau_record_flag

    from loans l
    left join bureau b using (customer_id)

),

dti_computed as (

    select
        *,

        -- ── Monthly income ───────────────────────────────────────────────
        round(cast(annual_income_inr as numeric) / 12, 2)
                                                        as monthly_income_inr,

        -- ── New loan EMI estimate (simple flat division) ─────────────────
        case
            when loan_term_months > 0
            then round(cast(loan_amount_inr as numeric) / loan_term_months, 2)
            else null
        end                                             as estimated_monthly_emi_inr,

        -- ── Existing bureau debt monthly burden ──────────────────────────
        -- Assume outstanding balance repaid over 60 months (5 years)
        round(cast(bureau_total_balance_inr as numeric) / 60, 2)
                                                        as bureau_monthly_burden_inr

    from joined

),

dti_final as (

    select
        *,

        -- ── Total monthly debt obligation ────────────────────────────────
        coalesce(estimated_monthly_emi_inr, 0)
        + coalesce(bureau_monthly_burden_inr, 0)        as total_monthly_debt_inr,

        -- ── DTI ratio ────────────────────────────────────────────────────
        case
            when monthly_income_inr > 0
            then round(
                (
                    coalesce(estimated_monthly_emi_inr,  0)
                    + coalesce(bureau_monthly_burden_inr, 0)
                ) / monthly_income_inr,
                4
            )
            else null
        end                                             as dti_ratio

    from dti_computed

),

tiered as (

    select
        *,

        -- ── DTI risk tier ────────────────────────────────────────────────
        case
            when dti_ratio is null      then 'unknown'
            when dti_ratio < 0.36       then 'low'
            when dti_ratio < 0.43       then 'moderate'
            when dti_ratio < 0.50       then 'elevated'
            else                             'high'
        end                                             as dti_risk_tier,

        -- ── Combined risk flag: high DTI + high inquiry = red flag ───────
        case
            when dti_ratio >= 0.50 and high_inquiry_flag = 1 then 1
            else 0
        end                                             as combined_risk_flag,

        -- ── Audit ───────────────────────────────────────────────────────
        current_timestamp                               as feature_computed_at

    from dti_final

)

select * from tiered
  );
  
[0m02:14:04.300888 [debug] [Thread-1 (]: Opening a new connection, currently in state closed
[0m02:14:04.367349 [debug] [Thread-4 (]: SQL status: SELECT 1000 in 0.078 seconds
[0m02:14:04.369365 [debug] [Thread-4 (]: Using postgres connection "model.risklake.feat_credit_util"
[0m02:14:04.369365 [debug] [Thread-4 (]: On model.risklake.feat_credit_util: /* {"app": "dbt", "dbt_version": "1.11.11", "profile_name": "risklake", "target_name": "dev", "node_id": "model.risklake.feat_credit_util"} */

    create unique index if not exists
  "159434a94e648f4618ebc7c5fe8f44bf"
  on "risklake"."silver_silver"."feat_credit_util__dbt_tmp" 
  (customer_id)
  
[0m02:14:04.369365 [debug] [Thread-1 (]: SQL status: SELECT 1000 in 0.071 seconds
[0m02:14:04.369365 [debug] [Thread-1 (]: Using postgres connection "model.risklake.feat_dti_ratio"
[0m02:14:04.369365 [debug] [Thread-1 (]: On model.risklake.feat_dti_ratio: /* {"app": "dbt", "dbt_version": "1.11.11", "profile_name": "risklake", "target_name": "dev", "node_id": "model.risklake.feat_dti_ratio"} */

    create unique index if not exists
  "14a381c616c38efc3c4f0338363dcb20"
  on "risklake"."silver_silver"."feat_dti_ratio__dbt_tmp" 
  (application_id)
  
[0m02:14:04.369365 [debug] [Thread-4 (]: SQL status: CREATE INDEX in 0.005 seconds
[0m02:14:04.369365 [debug] [Thread-4 (]: Using postgres connection "model.risklake.feat_credit_util"
[0m02:14:04.369365 [debug] [Thread-1 (]: SQL status: CREATE INDEX in 0.006 seconds
[0m02:14:04.369365 [debug] [Thread-4 (]: On model.risklake.feat_credit_util: /* {"app": "dbt", "dbt_version": "1.11.11", "profile_name": "risklake", "target_name": "dev", "node_id": "model.risklake.feat_credit_util"} */
alter table "risklake"."silver_silver"."feat_credit_util" rename to "feat_credit_util__dbt_backup"
[0m02:14:04.380971 [debug] [Thread-1 (]: Using postgres connection "model.risklake.feat_dti_ratio"
[0m02:14:04.380971 [debug] [Thread-1 (]: On model.risklake.feat_dti_ratio: /* {"app": "dbt", "dbt_version": "1.11.11", "profile_name": "risklake", "target_name": "dev", "node_id": "model.risklake.feat_dti_ratio"} */

    create  index if not exists
  "5604c9928368a354dcefe8c13ee60e3a"
  on "risklake"."silver_silver"."feat_dti_ratio__dbt_tmp" 
  (customer_id)
  
[0m02:14:04.380971 [debug] [Thread-4 (]: SQL status: ALTER TABLE in 0.001 seconds
[0m02:14:04.380971 [debug] [Thread-4 (]: Using postgres connection "model.risklake.feat_credit_util"
[0m02:14:04.380971 [debug] [Thread-4 (]: On model.risklake.feat_credit_util: /* {"app": "dbt", "dbt_version": "1.11.11", "profile_name": "risklake", "target_name": "dev", "node_id": "model.risklake.feat_credit_util"} */
alter table "risklake"."silver_silver"."feat_credit_util__dbt_tmp" rename to "feat_credit_util"
[0m02:14:04.387500 [debug] [Thread-4 (]: SQL status: ALTER TABLE in 0.000 seconds
[0m02:14:04.387500 [debug] [Thread-4 (]: On model.risklake.feat_credit_util: COMMIT
[0m02:14:04.387500 [debug] [Thread-1 (]: SQL status: CREATE INDEX in 0.006 seconds
[0m02:14:04.387500 [debug] [Thread-4 (]: Using postgres connection "model.risklake.feat_credit_util"
[0m02:14:04.392643 [debug] [Thread-1 (]: Using postgres connection "model.risklake.feat_dti_ratio"
[0m02:14:04.392643 [debug] [Thread-4 (]: On model.risklake.feat_credit_util: COMMIT
[0m02:14:04.392643 [debug] [Thread-1 (]: On model.risklake.feat_dti_ratio: /* {"app": "dbt", "dbt_version": "1.11.11", "profile_name": "risklake", "target_name": "dev", "node_id": "model.risklake.feat_dti_ratio"} */
alter table "risklake"."silver_silver"."feat_dti_ratio" rename to "feat_dti_ratio__dbt_backup"
[0m02:14:04.392643 [debug] [Thread-1 (]: SQL status: ALTER TABLE in 0.000 seconds
[0m02:14:04.396750 [debug] [Thread-1 (]: Using postgres connection "model.risklake.feat_dti_ratio"
[0m02:14:04.396750 [debug] [Thread-4 (]: SQL status: COMMIT in 0.004 seconds
[0m02:14:04.396750 [debug] [Thread-1 (]: On model.risklake.feat_dti_ratio: /* {"app": "dbt", "dbt_version": "1.11.11", "profile_name": "risklake", "target_name": "dev", "node_id": "model.risklake.feat_dti_ratio"} */
alter table "risklake"."silver_silver"."feat_dti_ratio__dbt_tmp" rename to "feat_dti_ratio"
[0m02:14:04.396750 [debug] [Thread-4 (]: Applying DROP to: "risklake"."silver_silver"."feat_credit_util__dbt_backup"
[0m02:14:04.396750 [debug] [Thread-4 (]: Using postgres connection "model.risklake.feat_credit_util"
[0m02:14:04.396750 [debug] [Thread-1 (]: SQL status: ALTER TABLE in 0.001 seconds
[0m02:14:04.396750 [debug] [Thread-4 (]: On model.risklake.feat_credit_util: /* {"app": "dbt", "dbt_version": "1.11.11", "profile_name": "risklake", "target_name": "dev", "node_id": "model.risklake.feat_credit_util"} */
drop table if exists "risklake"."silver_silver"."feat_credit_util__dbt_backup" cascade
[0m02:14:04.396750 [debug] [Thread-1 (]: On model.risklake.feat_dti_ratio: COMMIT
[0m02:14:04.396750 [debug] [Thread-1 (]: Using postgres connection "model.risklake.feat_dti_ratio"
[0m02:14:04.396750 [debug] [Thread-1 (]: On model.risklake.feat_dti_ratio: COMMIT
[0m02:14:04.396750 [debug] [Thread-1 (]: SQL status: COMMIT in 0.001 seconds
[0m02:14:04.396750 [debug] [Thread-1 (]: Applying DROP to: "risklake"."silver_silver"."feat_dti_ratio__dbt_backup"
[0m02:14:04.412838 [debug] [Thread-4 (]: SQL status: DROP TABLE in 0.007 seconds
[0m02:14:04.412838 [debug] [Thread-1 (]: Using postgres connection "model.risklake.feat_dti_ratio"
[0m02:14:04.412838 [debug] [Thread-4 (]: On model.risklake.feat_credit_util: Close
[0m02:14:04.412838 [debug] [Thread-1 (]: On model.risklake.feat_dti_ratio: /* {"app": "dbt", "dbt_version": "1.11.11", "profile_name": "risklake", "target_name": "dev", "node_id": "model.risklake.feat_dti_ratio"} */
drop table if exists "risklake"."silver_silver"."feat_dti_ratio__dbt_backup" cascade
[0m02:14:04.412838 [debug] [Thread-4 (]: Sending event: {'category': 'dbt', 'action': 'run_model', 'label': '385ebd99-2721-464c-827b-f0a8ad758164', 'context': [<snowplow_tracker.self_describing_json.SelfDescribingJson object at 0x00000132A783A650>]}
[0m02:14:04.412838 [info ] [Thread-4 (]: 3 of 4 OK created sql table model silver_silver.feat_credit_util ............... [[32mSELECT 1000[0m in 0.16s]
[0m02:14:04.418515 [debug] [Thread-4 (]: Finished running node model.risklake.feat_credit_util
[0m02:14:04.418515 [debug] [Thread-1 (]: SQL status: DROP TABLE in 0.007 seconds
[0m02:14:04.418515 [debug] [Thread-1 (]: On model.risklake.feat_dti_ratio: Close
[0m02:14:04.418515 [debug] [Thread-1 (]: Sending event: {'category': 'dbt', 'action': 'run_model', 'label': '385ebd99-2721-464c-827b-f0a8ad758164', 'context': [<snowplow_tracker.self_describing_json.SelfDescribingJson object at 0x00000132A78195D0>]}
[0m02:14:04.418515 [info ] [Thread-1 (]: 4 of 4 OK created sql table model silver_silver.feat_dti_ratio ................. [[32mSELECT 1000[0m in 0.15s]
[0m02:14:04.418515 [debug] [Thread-1 (]: Finished running node model.risklake.feat_dti_ratio
[0m02:14:04.430032 [debug] [MainThread]: On master: COMMIT
[0m02:14:04.430032 [debug] [MainThread]: Using postgres connection "master"
[0m02:14:04.430032 [debug] [MainThread]: On master: COMMIT
[0m02:14:04.430032 [debug] [MainThread]: Opening a new connection, currently in state closed
[0m02:14:04.476516 [debug] [MainThread]: SQL status: COMMIT in 0.056 seconds
[0m02:14:04.476516 [debug] [MainThread]: On master: Close
[0m02:14:04.476516 [debug] [MainThread]: Connection 'master' was properly closed.
[0m02:14:04.491527 [debug] [MainThread]: Connection 'list_risklake' was properly closed.
[0m02:14:04.491527 [debug] [MainThread]: Connection 'list_risklake_silver_silver' was properly closed.
[0m02:14:04.492537 [debug] [MainThread]: Connection 'model.risklake.feat_dti_ratio' was properly closed.
[0m02:14:04.493411 [debug] [MainThread]: Connection 'model.risklake.stg_loans' was properly closed.
[0m02:14:04.493411 [debug] [MainThread]: Connection 'model.risklake.feat_credit_util' was properly closed.
[0m02:14:04.493411 [info ] [MainThread]: 
[0m02:14:04.493411 [info ] [MainThread]: Finished running 4 table models in 0 hours 0 minutes and 1.99 seconds (1.99s).
[0m02:14:04.493411 [debug] [MainThread]: Command end result
[0m02:14:04.524288 [debug] [MainThread]: Wrote artifact WritableManifest to C:\Users\rande\OneDrive\Desktop\risklake\risklake\backend\dbt\target\manifest.json
[0m02:14:04.524288 [debug] [MainThread]: Wrote artifact SemanticManifest to C:\Users\rande\OneDrive\Desktop\risklake\risklake\backend\dbt\target\semantic_manifest.json
[0m02:14:04.527362 [debug] [MainThread]: Wrote artifact RunExecutionResult to C:\Users\rande\OneDrive\Desktop\risklake\risklake\backend\dbt\target\run_results.json
[0m02:14:04.527362 [info ] [MainThread]: 
[0m02:14:04.527362 [info ] [MainThread]: [32mCompleted successfully[0m
[0m02:14:04.527362 [info ] [MainThread]: 
[0m02:14:04.527362 [info ] [MainThread]: Done. PASS=4 WARN=0 ERROR=0 SKIP=0 NO-OP=0 TOTAL=4
[0m02:14:04.527362 [warn ] [MainThread]: [[33mWARNING[0m][DeprecationsSummary]: Deprecated functionality
Summary of encountered deprecations:
- MissingArgumentsPropertyInGenericTestDeprecation: 13 occurrences
To see all deprecation instances instead of just the first occurrence of each,
run command again with the `--show-all-deprecations` flag. You may also need to
run with `--no-partial-parse` as some deprecations are only encountered during
parsing.
[0m02:14:04.527362 [debug] [MainThread]: Command `dbt run` succeeded at 02:14:04.527362 after 7.53 seconds
[0m02:14:04.527362 [debug] [MainThread]: Sending event: {'category': 'dbt', 'action': 'invocation', 'label': 'end', 'context': [<snowplow_tracker.self_describing_json.SelfDescribingJson object at 0x000001329EDFEF50>, <snowplow_tracker.self_describing_json.SelfDescribingJson object at 0x00000132A58ADDD0>, <snowplow_tracker.self_describing_json.SelfDescribingJson object at 0x00000132A58AE8D0>]}
[0m02:14:04.527362 [debug] [MainThread]: Flushing usage events
[0m02:14:06.139315 [debug] [MainThread]: An error was encountered while trying to flush usage events
[0m02:14:08.129391 [debug] [MainThread]: Sending event: {'category': 'dbt', 'action': 'invocation', 'label': 'start', 'context': [<snowplow_tracker.self_describing_json.SelfDescribingJson object at 0x00000209BB1C2DD0>, <snowplow_tracker.self_describing_json.SelfDescribingJson object at 0x00000209BB1C25D0>, <snowplow_tracker.self_describing_json.SelfDescribingJson object at 0x00000209BB1C0E10>]}


============================== 02:14:08.129391 | f4ac2114-80f6-45bb-b3af-d94c8a6a4637 ==============================
[0m02:14:08.129391 [info ] [MainThread]: Running with dbt=1.11.11
[0m02:14:08.129391 [debug] [MainThread]: running dbt with arguments {'static_parser': 'True', 'no_print': 'None', 'version_check': 'True', 'warn_error_options': 'WarnErrorOptionsV2(error=[], warn=[], silence=[])', 'target_path': 'None', 'printer_width': '80', 'write_json': 'True', 'introspect': 'True', 'log_cache_events': 'False', 'empty': 'None', 'cache_selected_only': 'False', 'log_format': 'default', 'debug': 'False', 'fail_fast': 'False', 'partial_parse': 'True', 'send_anonymous_usage_stats': 'True', 'quiet': 'False', 'warn_error': 'None', 'profiles_dir': 'C:\\Users\\rande\\OneDrive\\Desktop\\risklake\\risklake\\backend\\dbt', 'indirect_selection': 'eager', 'use_colors': 'True', 'invocation_command': 'dbt test --select tag:silver', 'use_experimental_parser': 'False', 'log_path': 'C:\\Users\\rande\\OneDrive\\Desktop\\risklake\\risklake\\backend\\dbt\\logs'}
[0m02:14:08.257283 [debug] [MainThread]: Sending event: {'category': 'dbt', 'action': 'project_id', 'label': 'f4ac2114-80f6-45bb-b3af-d94c8a6a4637', 'context': [<snowplow_tracker.self_describing_json.SelfDescribingJson object at 0x00000209BB293D50>]}
[0m02:14:08.304895 [debug] [MainThread]: Sending event: {'category': 'dbt', 'action': 'adapter_info', 'label': 'f4ac2114-80f6-45bb-b3af-d94c8a6a4637', 'context': [<snowplow_tracker.self_describing_json.SelfDescribingJson object at 0x00000209BB368290>]}
[0m02:14:08.304895 [info ] [MainThread]: Registered adapter: postgres=1.10.2
[0m02:14:08.471206 [debug] [MainThread]: checksum: 30a8cc8fdcbf66701b0944d4ccce3fa46dd04b61e5df68b9f16d57b2e0e3f0be, vars: {}, profile: , target: , version: 1.11.11
[0m02:14:08.598489 [debug] [MainThread]: Partial parsing enabled: 0 files deleted, 0 files added, 0 files changed.
[0m02:14:08.598489 [debug] [MainThread]: Nothing changed, skipping partial parsing.
[0m02:14:08.598489 [debug] [MainThread]: Partial parsing enabled, no changes found, skipping parsing
[0m02:14:08.598489 [warn ] [MainThread]: [[33mWARNING[0m]: Configuration paths exist in your dbt_project.yml file which do not apply to any resources.
There are 2 unused configuration paths:
- models.risklake.gold
- models.risklake.bronze
[0m02:14:08.630827 [debug] [MainThread]: Sending event: {'category': 'dbt', 'action': 'load_project', 'label': 'f4ac2114-80f6-45bb-b3af-d94c8a6a4637', 'context': [<snowplow_tracker.self_describing_json.SelfDescribingJson object at 0x00000209BB52C850>]}
[0m02:14:08.740385 [debug] [MainThread]: Wrote artifact WritableManifest to C:\Users\rande\OneDrive\Desktop\risklake\risklake\backend\dbt\target\manifest.json
[0m02:14:08.740385 [debug] [MainThread]: Wrote artifact SemanticManifest to C:\Users\rande\OneDrive\Desktop\risklake\risklake\backend\dbt\target\semantic_manifest.json
[0m02:14:08.756140 [debug] [MainThread]: Sending event: {'category': 'dbt', 'action': 'resource_counts', 'label': 'f4ac2114-80f6-45bb-b3af-d94c8a6a4637', 'context': [<snowplow_tracker.self_describing_json.SelfDescribingJson object at 0x00000209BBA28310>]}
[0m02:14:08.756140 [info ] [MainThread]: Found 4 models, 45 data tests, 4 sources, 475 macros
[0m02:14:08.756140 [debug] [MainThread]: Sending event: {'category': 'dbt', 'action': 'runnable_timing', 'label': 'f4ac2114-80f6-45bb-b3af-d94c8a6a4637', 'context': [<snowplow_tracker.self_describing_json.SelfDescribingJson object at 0x00000209BB87E4D0>]}
[0m02:14:08.756140 [info ] [MainThread]: 
[0m02:14:08.756140 [info ] [MainThread]: Concurrency: 4 threads (target='dev')
[0m02:14:08.771949 [info ] [MainThread]: 
[0m02:14:08.771949 [debug] [MainThread]: Acquiring new postgres connection 'master'
[0m02:14:08.771949 [debug] [ThreadPool]: Acquiring new postgres connection 'list_risklake_silver_silver'
[0m02:14:08.819237 [debug] [ThreadPool]: Using postgres connection "list_risklake_silver_silver"
[0m02:14:08.819237 [debug] [ThreadPool]: On list_risklake_silver_silver: /* {"app": "dbt", "dbt_version": "1.11.11", "profile_name": "risklake", "target_name": "dev", "connection_name": "list_risklake_silver_silver"} */
select
      'risklake' as database,
      tablename as name,
      schemaname as schema,
      'table' as type
    from pg_tables
    where schemaname ilike 'silver_silver'
    union all
    select
      'risklake' as database,
      viewname as name,
      schemaname as schema,
      'view' as type
    from pg_views
    where schemaname ilike 'silver_silver'
    union all
    select
      'risklake' as database,
      matviewname as name,
      schemaname as schema,
      'materialized_view' as type
    from pg_matviews
    where schemaname ilike 'silver_silver'
  
[0m02:14:08.819237 [debug] [ThreadPool]: Opening a new connection, currently in state init
[0m02:14:08.866867 [debug] [ThreadPool]: SQL status: SELECT 4 in 0.046 seconds
[0m02:14:08.866867 [debug] [ThreadPool]: On list_risklake_silver_silver: ROLLBACK
[0m02:14:08.866867 [debug] [ThreadPool]: On list_risklake_silver_silver: Close
[0m02:14:08.878167 [debug] [MainThread]: Using postgres connection "master"
[0m02:14:08.878167 [debug] [MainThread]: On master: /* {"app": "dbt", "dbt_version": "1.11.11", "profile_name": "risklake", "target_name": "dev", "connection_name": "master"} */
select distinct
        dependent_namespace.nspname as dependent_schema,
        dependent_class.relname as dependent_name,
        referenced_namespace.nspname as referenced_schema,
        referenced_class.relname as referenced_name

    -- Query for views: views are entries in pg_class with an entry in pg_rewrite, but we avoid
    -- a seq scan on pg_rewrite by leveraging the fact there is an "internal" row in pg_depend for
    -- the view...
    from pg_class as dependent_class
    join pg_namespace as dependent_namespace on dependent_namespace.oid = dependent_class.relnamespace
    join pg_depend as dependent_depend on dependent_depend.refobjid = dependent_class.oid
        and dependent_depend.classid = 'pg_rewrite'::regclass
        and dependent_depend.refclassid = 'pg_class'::regclass
        and dependent_depend.deptype = 'i'

    -- ... and via pg_depend (that has a row per column, hence the need for "distinct" above, and
    -- making sure to exclude the internal row to avoid a view appearing to depend on itself)...
    join pg_depend as joining_depend on joining_depend.objid = dependent_depend.objid
        and joining_depend.classid = 'pg_rewrite'::regclass
        and joining_depend.refclassid = 'pg_class'::regclass
        and joining_depend.refobjid != dependent_depend.refobjid

    -- ... we can find the tables they query from in pg_class, but excluding system tables. Note we
    -- don't need need to exclude _dependent_ system tables, because they only query from other
    -- system tables, and so are automatically excluded by excluding _referenced_ system tables
    join pg_class as referenced_class on referenced_class.oid = joining_depend.refobjid
    join pg_namespace as referenced_namespace on referenced_namespace.oid = referenced_class.relnamespace
        and referenced_namespace.nspname != 'information_schema'
        and referenced_namespace.nspname not like 'pg\_%'

    order by
        dependent_schema, dependent_name, referenced_schema, referenced_name;
[0m02:14:08.878167 [debug] [MainThread]: Opening a new connection, currently in state init
[0m02:14:08.915083 [debug] [MainThread]: SQL status: SELECT 0 in 0.041 seconds
[0m02:14:08.915083 [debug] [MainThread]: Sending event: {'category': 'dbt', 'action': 'runnable_timing', 'label': 'f4ac2114-80f6-45bb-b3af-d94c8a6a4637', 'context': [<snowplow_tracker.self_describing_json.SelfDescribingJson object at 0x00000209BB514A50>]}
[0m02:14:08.915083 [debug] [MainThread]: On master: ROLLBACK
[0m02:14:08.915083 [debug] [MainThread]: On master: COMMIT
[0m02:14:08.915083 [debug] [MainThread]: Using postgres connection "master"
[0m02:14:08.915083 [debug] [MainThread]: On master: COMMIT
[0m02:14:08.915083 [debug] [MainThread]: SQL status: COMMIT in 0.000 seconds
[0m02:14:08.915083 [debug] [MainThread]: On master: Close
[0m02:14:08.930344 [debug] [Thread-1 (]: Began running node test.risklake.accepted_values_feat_credit_util_balance_trend_flag__0__1.7c45b1b58a
[0m02:14:08.930344 [debug] [Thread-2 (]: Began running node test.risklake.accepted_values_feat_credit_util_utilisation_change_flag__0__1.8f9afad0c1
[0m02:14:08.931323 [debug] [Thread-3 (]: Began running node test.risklake.accepted_values_feat_dti_ratio_combined_risk_flag__0__1.6ed231a942
[0m02:14:08.931323 [debug] [Thread-4 (]: Began running node test.risklake.accepted_values_feat_dti_ratio_dti_risk_tier__low__moderate__elevated__high__unknown.1a84f67997
[0m02:14:08.931323 [info ] [Thread-1 (]: 1 of 28 START test accepted_values_feat_credit_util_balance_trend_flag__0__1 ... [RUN]
[0m02:14:08.932366 [info ] [Thread-2 (]: 2 of 28 START test accepted_values_feat_credit_util_utilisation_change_flag__0__1  [RUN]
[0m02:14:08.932366 [info ] [Thread-3 (]: 3 of 28 START test accepted_values_feat_dti_ratio_combined_risk_flag__0__1 ..... [RUN]
[0m02:14:08.932366 [info ] [Thread-4 (]: 4 of 28 START test accepted_values_feat_dti_ratio_dti_risk_tier__low__moderate__elevated__high__unknown  [RUN]
[0m02:14:08.933350 [debug] [Thread-1 (]: Acquiring new postgres connection 'test.risklake.accepted_values_feat_credit_util_balance_trend_flag__0__1.7c45b1b58a'
[0m02:14:08.934378 [debug] [Thread-2 (]: Acquiring new postgres connection 'test.risklake.accepted_values_feat_credit_util_utilisation_change_flag__0__1.8f9afad0c1'
[0m02:14:08.934378 [debug] [Thread-3 (]: Acquiring new postgres connection 'test.risklake.accepted_values_feat_dti_ratio_combined_risk_flag__0__1.6ed231a942'
[0m02:14:08.935349 [debug] [Thread-4 (]: Acquiring new postgres connection 'test.risklake.accepted_values_feat_dti_ratio_dti_risk_tier__low__moderate__elevated__high__unknown.1a84f67997'
[0m02:14:08.935349 [debug] [Thread-1 (]: Began compiling node test.risklake.accepted_values_feat_credit_util_balance_trend_flag__0__1.7c45b1b58a
[0m02:14:08.936379 [debug] [Thread-2 (]: Began compiling node test.risklake.accepted_values_feat_credit_util_utilisation_change_flag__0__1.8f9afad0c1
[0m02:14:08.936379 [debug] [Thread-3 (]: Began compiling node test.risklake.accepted_values_feat_dti_ratio_combined_risk_flag__0__1.6ed231a942
[0m02:14:08.937377 [debug] [Thread-4 (]: Began compiling node test.risklake.accepted_values_feat_dti_ratio_dti_risk_tier__low__moderate__elevated__high__unknown.1a84f67997
[0m02:14:08.941895 [debug] [Thread-1 (]: Writing injected SQL for node "test.risklake.accepted_values_feat_credit_util_balance_trend_flag__0__1.7c45b1b58a"
[0m02:14:08.941895 [debug] [Thread-2 (]: Writing injected SQL for node "test.risklake.accepted_values_feat_credit_util_utilisation_change_flag__0__1.8f9afad0c1"
[0m02:14:08.941895 [debug] [Thread-3 (]: Writing injected SQL for node "test.risklake.accepted_values_feat_dti_ratio_combined_risk_flag__0__1.6ed231a942"
[0m02:14:08.957559 [debug] [Thread-4 (]: Writing injected SQL for node "test.risklake.accepted_values_feat_dti_ratio_dti_risk_tier__low__moderate__elevated__high__unknown.1a84f67997"
[0m02:14:08.957559 [debug] [Thread-1 (]: Began executing node test.risklake.accepted_values_feat_credit_util_balance_trend_flag__0__1.7c45b1b58a
[0m02:14:08.973427 [debug] [Thread-2 (]: Began executing node test.risklake.accepted_values_feat_credit_util_utilisation_change_flag__0__1.8f9afad0c1
[0m02:14:08.973427 [debug] [Thread-1 (]: Writing runtime sql for node "test.risklake.accepted_values_feat_credit_util_balance_trend_flag__0__1.7c45b1b58a"
[0m02:14:08.973427 [debug] [Thread-2 (]: Writing runtime sql for node "test.risklake.accepted_values_feat_credit_util_utilisation_change_flag__0__1.8f9afad0c1"
[0m02:14:08.973427 [debug] [Thread-4 (]: Began executing node test.risklake.accepted_values_feat_dti_ratio_dti_risk_tier__low__moderate__elevated__high__unknown.1a84f67997
[0m02:14:08.973427 [debug] [Thread-3 (]: Began executing node test.risklake.accepted_values_feat_dti_ratio_combined_risk_flag__0__1.6ed231a942
[0m02:14:08.973427 [debug] [Thread-1 (]: Using postgres connection "test.risklake.accepted_values_feat_credit_util_balance_trend_flag__0__1.7c45b1b58a"
[0m02:14:08.973427 [debug] [Thread-4 (]: Writing runtime sql for node "test.risklake.accepted_values_feat_dti_ratio_dti_risk_tier__low__moderate__elevated__high__unknown.1a84f67997"
[0m02:14:08.973427 [debug] [Thread-2 (]: Using postgres connection "test.risklake.accepted_values_feat_credit_util_utilisation_change_flag__0__1.8f9afad0c1"
[0m02:14:08.973427 [debug] [Thread-3 (]: Writing runtime sql for node "test.risklake.accepted_values_feat_dti_ratio_combined_risk_flag__0__1.6ed231a942"
[0m02:14:08.973427 [debug] [Thread-1 (]: On test.risklake.accepted_values_feat_credit_util_balance_trend_flag__0__1.7c45b1b58a: /* {"app": "dbt", "dbt_version": "1.11.11", "profile_name": "risklake", "target_name": "dev", "node_id": "test.risklake.accepted_values_feat_credit_util_balance_trend_flag__0__1.7c45b1b58a"} */

    
    select
      count(*) as failures,
      count(*) != 0 as should_warn,
      count(*) != 0 as should_error
    from (
      
    
  
    
    

with all_values as (

    select
        balance_trend_flag as value_field,
        count(*) as n_records

    from "risklake"."silver_silver"."feat_credit_util"
    group by balance_trend_flag

)

select *
from all_values
where value_field not in (
    '0','1'
)



  
  
      
    ) dbt_internal_test
[0m02:14:08.973427 [debug] [Thread-4 (]: Using postgres connection "test.risklake.accepted_values_feat_dti_ratio_dti_risk_tier__low__moderate__elevated__high__unknown.1a84f67997"
[0m02:14:08.973427 [debug] [Thread-2 (]: On test.risklake.accepted_values_feat_credit_util_utilisation_change_flag__0__1.8f9afad0c1: /* {"app": "dbt", "dbt_version": "1.11.11", "profile_name": "risklake", "target_name": "dev", "node_id": "test.risklake.accepted_values_feat_credit_util_utilisation_change_flag__0__1.8f9afad0c1"} */

    
    select
      count(*) as failures,
      count(*) != 0 as should_warn,
      count(*) != 0 as should_error
    from (
      
    
  
    
    

with all_values as (

    select
        utilisation_change_flag as value_field,
        count(*) as n_records

    from "risklake"."silver_silver"."feat_credit_util"
    group by utilisation_change_flag

)

select *
from all_values
where value_field not in (
    '0','1'
)



  
  
      
    ) dbt_internal_test
[0m02:14:08.973427 [debug] [Thread-1 (]: Opening a new connection, currently in state init
[0m02:14:08.989570 [debug] [Thread-4 (]: On test.risklake.accepted_values_feat_dti_ratio_dti_risk_tier__low__moderate__elevated__high__unknown.1a84f67997: /* {"app": "dbt", "dbt_version": "1.11.11", "profile_name": "risklake", "target_name": "dev", "node_id": "test.risklake.accepted_values_feat_dti_ratio_dti_risk_tier__low__moderate__elevated__high__unknown.1a84f67997"} */

    
    select
      count(*) as failures,
      count(*) != 0 as should_warn,
      count(*) != 0 as should_error
    from (
      
    
  
    
    

with all_values as (

    select
        dti_risk_tier as value_field,
        count(*) as n_records

    from "risklake"."silver_silver"."feat_dti_ratio"
    group by dti_risk_tier

)

select *
from all_values
where value_field not in (
    'low','moderate','elevated','high','unknown'
)



  
  
      
    ) dbt_internal_test
[0m02:14:08.991106 [debug] [Thread-3 (]: Using postgres connection "test.risklake.accepted_values_feat_dti_ratio_combined_risk_flag__0__1.6ed231a942"
[0m02:14:08.991106 [debug] [Thread-2 (]: Opening a new connection, currently in state init
[0m02:14:08.991106 [debug] [Thread-4 (]: Opening a new connection, currently in state init
[0m02:14:08.991106 [debug] [Thread-3 (]: On test.risklake.accepted_values_feat_dti_ratio_combined_risk_flag__0__1.6ed231a942: /* {"app": "dbt", "dbt_version": "1.11.11", "profile_name": "risklake", "target_name": "dev", "node_id": "test.risklake.accepted_values_feat_dti_ratio_combined_risk_flag__0__1.6ed231a942"} */

    
    select
      count(*) as failures,
      count(*) != 0 as should_warn,
      count(*) != 0 as should_error
    from (
      
    
  
    
    

with all_values as (

    select
        combined_risk_flag as value_field,
        count(*) as n_records

    from "risklake"."silver_silver"."feat_dti_ratio"
    group by combined_risk_flag

)

select *
from all_values
where value_field not in (
    '0','1'
)



  
  
      
    ) dbt_internal_test
[0m02:14:08.991106 [debug] [Thread-3 (]: Opening a new connection, currently in state init
[0m02:14:09.040759 [debug] [Thread-1 (]: SQL status: SELECT 1 in 0.060 seconds
[0m02:14:09.052323 [debug] [Thread-1 (]: On test.risklake.accepted_values_feat_credit_util_balance_trend_flag__0__1.7c45b1b58a: ROLLBACK
[0m02:14:09.052323 [debug] [Thread-1 (]: On test.risklake.accepted_values_feat_credit_util_balance_trend_flag__0__1.7c45b1b58a: Close
[0m02:14:09.052323 [info ] [Thread-1 (]: 1 of 28 PASS accepted_values_feat_credit_util_balance_trend_flag__0__1 ......... [[32mPASS[0m in 0.12s]
[0m02:14:09.052323 [debug] [Thread-1 (]: Finished running node test.risklake.accepted_values_feat_credit_util_balance_trend_flag__0__1.7c45b1b58a
[0m02:14:09.052323 [debug] [Thread-1 (]: Began running node test.risklake.accepted_values_stg_credit_credit_age_band__new__developing__established__mature.0cee583a2e
[0m02:14:09.052323 [debug] [Thread-2 (]: SQL status: SELECT 1 in 0.066 seconds
[0m02:14:09.052323 [info ] [Thread-1 (]: 5 of 28 START test accepted_values_stg_credit_credit_age_band__new__developing__established__mature  [RUN]
[0m02:14:09.052323 [debug] [Thread-2 (]: On test.risklake.accepted_values_feat_credit_util_utilisation_change_flag__0__1.8f9afad0c1: ROLLBACK
[0m02:14:09.061056 [debug] [Thread-1 (]: Re-using an available connection from the pool (formerly test.risklake.accepted_values_feat_credit_util_balance_trend_flag__0__1.7c45b1b58a, now test.risklake.accepted_values_stg_credit_credit_age_band__new__developing__established__mature.0cee583a2e)
[0m02:14:09.061563 [debug] [Thread-2 (]: On test.risklake.accepted_values_feat_credit_util_utilisation_change_flag__0__1.8f9afad0c1: Close
[0m02:14:09.061563 [debug] [Thread-1 (]: Began compiling node test.risklake.accepted_values_stg_credit_credit_age_band__new__developing__established__mature.0cee583a2e
[0m02:14:09.061563 [info ] [Thread-2 (]: 2 of 28 PASS accepted_values_feat_credit_util_utilisation_change_flag__0__1 .... [[32mPASS[0m in 0.13s]
[0m02:14:09.068002 [debug] [Thread-4 (]: SQL status: SELECT 1 in 0.074 seconds
[0m02:14:09.068002 [debug] [Thread-1 (]: Writing injected SQL for node "test.risklake.accepted_values_stg_credit_credit_age_band__new__developing__established__mature.0cee583a2e"
[0m02:14:09.068002 [debug] [Thread-2 (]: Finished running node test.risklake.accepted_values_feat_credit_util_utilisation_change_flag__0__1.8f9afad0c1
[0m02:14:09.068002 [debug] [Thread-3 (]: SQL status: SELECT 1 in 0.073 seconds
[0m02:14:09.068002 [debug] [Thread-4 (]: On test.risklake.accepted_values_feat_dti_ratio_dti_risk_tier__low__moderate__elevated__high__unknown.1a84f67997: ROLLBACK
[0m02:14:09.068002 [debug] [Thread-2 (]: Began running node test.risklake.accepted_values_stg_credit_high_inquiry_flag__0__1.86c90870b2
[0m02:14:09.068002 [debug] [Thread-1 (]: Began executing node test.risklake.accepted_values_stg_credit_credit_age_band__new__developing__established__mature.0cee583a2e
[0m02:14:09.068002 [debug] [Thread-3 (]: On test.risklake.accepted_values_feat_dti_ratio_combined_risk_flag__0__1.6ed231a942: ROLLBACK
[0m02:14:09.074959 [debug] [Thread-4 (]: On test.risklake.accepted_values_feat_dti_ratio_dti_risk_tier__low__moderate__elevated__high__unknown.1a84f67997: Close
[0m02:14:09.074959 [info ] [Thread-2 (]: 6 of 28 START test accepted_values_stg_credit_high_inquiry_flag__0__1 .......... [RUN]
[0m02:14:09.074959 [debug] [Thread-1 (]: Writing runtime sql for node "test.risklake.accepted_values_stg_credit_credit_age_band__new__developing__established__mature.0cee583a2e"
[0m02:14:09.074959 [debug] [Thread-3 (]: On test.risklake.accepted_values_feat_dti_ratio_combined_risk_flag__0__1.6ed231a942: Close
[0m02:14:09.074959 [info ] [Thread-4 (]: 4 of 28 PASS accepted_values_feat_dti_ratio_dti_risk_tier__low__moderate__elevated__high__unknown  [[32mPASS[0m in 0.14s]
[0m02:14:09.074959 [debug] [Thread-2 (]: Re-using an available connection from the pool (formerly test.risklake.accepted_values_feat_credit_util_utilisation_change_flag__0__1.8f9afad0c1, now test.risklake.accepted_values_stg_credit_high_inquiry_flag__0__1.86c90870b2)
[0m02:14:09.074959 [info ] [Thread-3 (]: 3 of 28 PASS accepted_values_feat_dti_ratio_combined_risk_flag__0__1 ........... [[32mPASS[0m in 0.14s]
[0m02:14:09.074959 [debug] [Thread-4 (]: Finished running node test.risklake.accepted_values_feat_dti_ratio_dti_risk_tier__low__moderate__elevated__high__unknown.1a84f67997
[0m02:14:09.082217 [debug] [Thread-1 (]: Using postgres connection "test.risklake.accepted_values_stg_credit_credit_age_band__new__developing__established__mature.0cee583a2e"
[0m02:14:09.082217 [debug] [Thread-2 (]: Began compiling node test.risklake.accepted_values_stg_credit_high_inquiry_flag__0__1.86c90870b2
[0m02:14:09.083938 [debug] [Thread-3 (]: Finished running node test.risklake.accepted_values_feat_dti_ratio_combined_risk_flag__0__1.6ed231a942
[0m02:14:09.083938 [debug] [Thread-4 (]: Began running node test.risklake.accepted_values_stg_credit_utilisation_band__low__medium__high__maxed_out.c667dd2874
[0m02:14:09.083938 [debug] [Thread-1 (]: On test.risklake.accepted_values_stg_credit_credit_age_band__new__developing__established__mature.0cee583a2e: /* {"app": "dbt", "dbt_version": "1.11.11", "profile_name": "risklake", "target_name": "dev", "node_id": "test.risklake.accepted_values_stg_credit_credit_age_band__new__developing__established__mature.0cee583a2e"} */

    
    select
      count(*) as failures,
      count(*) != 0 as should_warn,
      count(*) != 0 as should_error
    from (
      
    
  
    
    

with all_values as (

    select
        credit_age_band as value_field,
        count(*) as n_records

    from "risklake"."silver_silver"."stg_credit"
    group by credit_age_band

)

select *
from all_values
where value_field not in (
    'new','developing','established','mature'
)



  
  
      
    ) dbt_internal_test
[0m02:14:09.083938 [debug] [Thread-2 (]: Writing injected SQL for node "test.risklake.accepted_values_stg_credit_high_inquiry_flag__0__1.86c90870b2"
[0m02:14:09.083938 [debug] [Thread-3 (]: Began running node test.risklake.accepted_values_stg_loans_credit_risk_tier__low__medium__high__very_high.7cc0bfe0fb
[0m02:14:09.083938 [info ] [Thread-4 (]: 7 of 28 START test accepted_values_stg_credit_utilisation_band__low__medium__high__maxed_out  [RUN]
[0m02:14:09.083938 [debug] [Thread-1 (]: Opening a new connection, currently in state closed
[0m02:14:09.083938 [info ] [Thread-3 (]: 8 of 28 START test accepted_values_stg_loans_credit_risk_tier__low__medium__high__very_high  [RUN]
[0m02:14:09.083938 [debug] [Thread-2 (]: Began executing node test.risklake.accepted_values_stg_credit_high_inquiry_flag__0__1.86c90870b2
[0m02:14:09.083938 [debug] [Thread-4 (]: Re-using an available connection from the pool (formerly test.risklake.accepted_values_feat_dti_ratio_dti_risk_tier__low__moderate__elevated__high__unknown.1a84f67997, now test.risklake.accepted_values_stg_credit_utilisation_band__low__medium__high__maxed_out.c667dd2874)
[0m02:14:09.083938 [debug] [Thread-3 (]: Re-using an available connection from the pool (formerly test.risklake.accepted_values_feat_dti_ratio_combined_risk_flag__0__1.6ed231a942, now test.risklake.accepted_values_stg_loans_credit_risk_tier__low__medium__high__very_high.7cc0bfe0fb)
[0m02:14:09.095691 [debug] [Thread-2 (]: Writing runtime sql for node "test.risklake.accepted_values_stg_credit_high_inquiry_flag__0__1.86c90870b2"
[0m02:14:09.095691 [debug] [Thread-4 (]: Began compiling node test.risklake.accepted_values_stg_credit_utilisation_band__low__medium__high__maxed_out.c667dd2874
[0m02:14:09.095691 [debug] [Thread-3 (]: Began compiling node test.risklake.accepted_values_stg_loans_credit_risk_tier__low__medium__high__very_high.7cc0bfe0fb
[0m02:14:09.104577 [debug] [Thread-4 (]: Writing injected SQL for node "test.risklake.accepted_values_stg_credit_utilisation_band__low__medium__high__maxed_out.c667dd2874"
[0m02:14:09.104577 [debug] [Thread-2 (]: Using postgres connection "test.risklake.accepted_values_stg_credit_high_inquiry_flag__0__1.86c90870b2"
[0m02:14:09.111405 [debug] [Thread-3 (]: Writing injected SQL for node "test.risklake.accepted_values_stg_loans_credit_risk_tier__low__medium__high__very_high.7cc0bfe0fb"
[0m02:14:09.111405 [debug] [Thread-2 (]: On test.risklake.accepted_values_stg_credit_high_inquiry_flag__0__1.86c90870b2: /* {"app": "dbt", "dbt_version": "1.11.11", "profile_name": "risklake", "target_name": "dev", "node_id": "test.risklake.accepted_values_stg_credit_high_inquiry_flag__0__1.86c90870b2"} */

    
    select
      count(*) as failures,
      count(*) != 0 as should_warn,
      count(*) != 0 as should_error
    from (
      
    
  
    
    

with all_values as (

    select
        high_inquiry_flag as value_field,
        count(*) as n_records

    from "risklake"."silver_silver"."stg_credit"
    group by high_inquiry_flag

)

select *
from all_values
where value_field not in (
    '0','1'
)



  
  
      
    ) dbt_internal_test
[0m02:14:09.111405 [debug] [Thread-4 (]: Began executing node test.risklake.accepted_values_stg_credit_utilisation_band__low__medium__high__maxed_out.c667dd2874
[0m02:14:09.111405 [debug] [Thread-2 (]: Opening a new connection, currently in state closed
[0m02:14:09.116536 [debug] [Thread-4 (]: Writing runtime sql for node "test.risklake.accepted_values_stg_credit_utilisation_band__low__medium__high__maxed_out.c667dd2874"
[0m02:14:09.116536 [debug] [Thread-3 (]: Began executing node test.risklake.accepted_values_stg_loans_credit_risk_tier__low__medium__high__very_high.7cc0bfe0fb
[0m02:14:09.116536 [debug] [Thread-4 (]: Using postgres connection "test.risklake.accepted_values_stg_credit_utilisation_band__low__medium__high__maxed_out.c667dd2874"
[0m02:14:09.116536 [debug] [Thread-3 (]: Writing runtime sql for node "test.risklake.accepted_values_stg_loans_credit_risk_tier__low__medium__high__very_high.7cc0bfe0fb"
[0m02:14:09.116536 [debug] [Thread-4 (]: On test.risklake.accepted_values_stg_credit_utilisation_band__low__medium__high__maxed_out.c667dd2874: /* {"app": "dbt", "dbt_version": "1.11.11", "profile_name": "risklake", "target_name": "dev", "node_id": "test.risklake.accepted_values_stg_credit_utilisation_band__low__medium__high__maxed_out.c667dd2874"} */

    
    select
      count(*) as failures,
      count(*) != 0 as should_warn,
      count(*) != 0 as should_error
    from (
      
    
  
    
    

with all_values as (

    select
        utilisation_band as value_field,
        count(*) as n_records

    from "risklake"."silver_silver"."stg_credit"
    group by utilisation_band

)

select *
from all_values
where value_field not in (
    'low','medium','high','maxed_out'
)



  
  
      
    ) dbt_internal_test
[0m02:14:09.116536 [debug] [Thread-4 (]: Opening a new connection, currently in state closed
[0m02:14:09.116536 [debug] [Thread-3 (]: Using postgres connection "test.risklake.accepted_values_stg_loans_credit_risk_tier__low__medium__high__very_high.7cc0bfe0fb"
[0m02:14:09.116536 [debug] [Thread-3 (]: On test.risklake.accepted_values_stg_loans_credit_risk_tier__low__medium__high__very_high.7cc0bfe0fb: /* {"app": "dbt", "dbt_version": "1.11.11", "profile_name": "risklake", "target_name": "dev", "node_id": "test.risklake.accepted_values_stg_loans_credit_risk_tier__low__medium__high__very_high.7cc0bfe0fb"} */

    
    select
      count(*) as failures,
      count(*) != 0 as should_warn,
      count(*) != 0 as should_error
    from (
      
    
  
    
    

with all_values as (

    select
        credit_risk_tier as value_field,
        count(*) as n_records

    from "risklake"."silver_silver"."stg_loans"
    group by credit_risk_tier

)

select *
from all_values
where value_field not in (
    'low','medium','high','very_high'
)



  
  
      
    ) dbt_internal_test
[0m02:14:09.116536 [debug] [Thread-3 (]: Opening a new connection, currently in state closed
[0m02:14:09.153619 [debug] [Thread-2 (]: SQL status: SELECT 1 in 0.045 seconds
[0m02:14:09.153619 [debug] [Thread-2 (]: On test.risklake.accepted_values_stg_credit_high_inquiry_flag__0__1.86c90870b2: ROLLBACK
[0m02:14:09.153619 [debug] [Thread-2 (]: On test.risklake.accepted_values_stg_credit_high_inquiry_flag__0__1.86c90870b2: Close
[0m02:14:09.153619 [debug] [Thread-4 (]: SQL status: SELECT 1 in 0.040 seconds
[0m02:14:09.153619 [info ] [Thread-2 (]: 6 of 28 PASS accepted_values_stg_credit_high_inquiry_flag__0__1 ................ [[32mPASS[0m in 0.08s]
[0m02:14:09.163410 [debug] [Thread-4 (]: On test.risklake.accepted_values_stg_credit_utilisation_band__low__medium__high__maxed_out.c667dd2874: ROLLBACK
[0m02:14:09.163410 [debug] [Thread-2 (]: Finished running node test.risklake.accepted_values_stg_credit_high_inquiry_flag__0__1.86c90870b2
[0m02:14:09.163410 [debug] [Thread-4 (]: On test.risklake.accepted_values_stg_credit_utilisation_band__low__medium__high__maxed_out.c667dd2874: Close
[0m02:14:09.167161 [debug] [Thread-2 (]: Began running node test.risklake.accepted_values_stg_loans_default_flag__0__1.b7c24e5dcc
[0m02:14:09.167161 [info ] [Thread-4 (]: 7 of 28 PASS accepted_values_stg_credit_utilisation_band__low__medium__high__maxed_out  [[32mPASS[0m in 0.08s]
[0m02:14:09.167161 [info ] [Thread-2 (]: 9 of 28 START test accepted_values_stg_loans_default_flag__0__1 ................ [RUN]
[0m02:14:09.167161 [debug] [Thread-3 (]: SQL status: SELECT 1 in 0.045 seconds
[0m02:14:09.167161 [debug] [Thread-4 (]: Finished running node test.risklake.accepted_values_stg_credit_utilisation_band__low__medium__high__maxed_out.c667dd2874
[0m02:14:09.167161 [debug] [Thread-2 (]: Re-using an available connection from the pool (formerly test.risklake.accepted_values_stg_credit_high_inquiry_flag__0__1.86c90870b2, now test.risklake.accepted_values_stg_loans_default_flag__0__1.b7c24e5dcc)
[0m02:14:09.167161 [debug] [Thread-3 (]: On test.risklake.accepted_values_stg_loans_credit_risk_tier__low__medium__high__very_high.7cc0bfe0fb: ROLLBACK
[0m02:14:09.167161 [debug] [Thread-4 (]: Began running node test.risklake.accepted_values_stg_loans_employment_type__salaried__self_employed__contract__unemployed.af73b38ac0
[0m02:14:09.167161 [debug] [Thread-2 (]: Began compiling node test.risklake.accepted_values_stg_loans_default_flag__0__1.b7c24e5dcc
[0m02:14:09.167161 [info ] [Thread-4 (]: 10 of 28 START test accepted_values_stg_loans_employment_type__salaried__self_employed__contract__unemployed  [RUN]
[0m02:14:09.167161 [debug] [Thread-3 (]: On test.risklake.accepted_values_stg_loans_credit_risk_tier__low__medium__high__very_high.7cc0bfe0fb: Close
[0m02:14:09.176086 [debug] [Thread-2 (]: Writing injected SQL for node "test.risklake.accepted_values_stg_loans_default_flag__0__1.b7c24e5dcc"
[0m02:14:09.179143 [debug] [Thread-4 (]: Re-using an available connection from the pool (formerly test.risklake.accepted_values_stg_credit_utilisation_band__low__medium__high__maxed_out.c667dd2874, now test.risklake.accepted_values_stg_loans_employment_type__salaried__self_employed__contract__unemployed.af73b38ac0)
[0m02:14:09.179143 [info ] [Thread-3 (]: 8 of 28 PASS accepted_values_stg_loans_credit_risk_tier__low__medium__high__very_high  [[32mPASS[0m in 0.10s]
[0m02:14:09.179143 [debug] [Thread-4 (]: Began compiling node test.risklake.accepted_values_stg_loans_employment_type__salaried__self_employed__contract__unemployed.af73b38ac0
[0m02:14:09.179143 [debug] [Thread-2 (]: Began executing node test.risklake.accepted_values_stg_loans_default_flag__0__1.b7c24e5dcc
[0m02:14:09.179143 [debug] [Thread-3 (]: Finished running node test.risklake.accepted_values_stg_loans_credit_risk_tier__low__medium__high__very_high.7cc0bfe0fb
[0m02:14:09.179143 [debug] [Thread-4 (]: Writing injected SQL for node "test.risklake.accepted_values_stg_loans_employment_type__salaried__self_employed__contract__unemployed.af73b38ac0"
[0m02:14:09.179143 [debug] [Thread-2 (]: Writing runtime sql for node "test.risklake.accepted_values_stg_loans_default_flag__0__1.b7c24e5dcc"
[0m02:14:09.179143 [debug] [Thread-3 (]: Began running node test.risklake.not_null_feat_credit_util_customer_id.a2bde8c2b4
[0m02:14:09.179143 [debug] [Thread-4 (]: Began executing node test.risklake.accepted_values_stg_loans_employment_type__salaried__self_employed__contract__unemployed.af73b38ac0
[0m02:14:09.179143 [info ] [Thread-3 (]: 11 of 28 START test not_null_feat_credit_util_customer_id ...................... [RUN]
[0m02:14:09.179143 [debug] [Thread-4 (]: Writing runtime sql for node "test.risklake.accepted_values_stg_loans_employment_type__salaried__self_employed__contract__unemployed.af73b38ac0"
[0m02:14:09.179143 [debug] [Thread-2 (]: Using postgres connection "test.risklake.accepted_values_stg_loans_default_flag__0__1.b7c24e5dcc"
[0m02:14:09.195043 [debug] [Thread-3 (]: Re-using an available connection from the pool (formerly test.risklake.accepted_values_stg_loans_credit_risk_tier__low__medium__high__very_high.7cc0bfe0fb, now test.risklake.not_null_feat_credit_util_customer_id.a2bde8c2b4)
[0m02:14:09.195043 [debug] [Thread-2 (]: On test.risklake.accepted_values_stg_loans_default_flag__0__1.b7c24e5dcc: /* {"app": "dbt", "dbt_version": "1.11.11", "profile_name": "risklake", "target_name": "dev", "node_id": "test.risklake.accepted_values_stg_loans_default_flag__0__1.b7c24e5dcc"} */

    
    select
      count(*) as failures,
      count(*) != 0 as should_warn,
      count(*) != 0 as should_error
    from (
      
    
  
    
    

with all_values as (

    select
        default_flag as value_field,
        count(*) as n_records

    from "risklake"."silver_silver"."stg_loans"
    group by default_flag

)

select *
from all_values
where value_field not in (
    '0','1'
)



  
  
      
    ) dbt_internal_test
[0m02:14:09.195043 [debug] [Thread-3 (]: Began compiling node test.risklake.not_null_feat_credit_util_customer_id.a2bde8c2b4
[0m02:14:09.195043 [debug] [Thread-4 (]: Using postgres connection "test.risklake.accepted_values_stg_loans_employment_type__salaried__self_employed__contract__unemployed.af73b38ac0"
[0m02:14:09.195043 [debug] [Thread-2 (]: Opening a new connection, currently in state closed
[0m02:14:09.202717 [debug] [Thread-3 (]: Writing injected SQL for node "test.risklake.not_null_feat_credit_util_customer_id.a2bde8c2b4"
[0m02:14:09.202717 [debug] [Thread-4 (]: On test.risklake.accepted_values_stg_loans_employment_type__salaried__self_employed__contract__unemployed.af73b38ac0: /* {"app": "dbt", "dbt_version": "1.11.11", "profile_name": "risklake", "target_name": "dev", "node_id": "test.risklake.accepted_values_stg_loans_employment_type__salaried__self_employed__contract__unemployed.af73b38ac0"} */

    
    select
      count(*) as failures,
      count(*) != 0 as should_warn,
      count(*) != 0 as should_error
    from (
      
    
  
    
    

with all_values as (

    select
        employment_type as value_field,
        count(*) as n_records

    from "risklake"."silver_silver"."stg_loans"
    group by employment_type

)

select *
from all_values
where value_field not in (
    'salaried','self_employed','contract','unemployed'
)



  
  
      
    ) dbt_internal_test
[0m02:14:09.204726 [debug] [Thread-3 (]: Began executing node test.risklake.not_null_feat_credit_util_customer_id.a2bde8c2b4
[0m02:14:09.205715 [debug] [Thread-4 (]: Opening a new connection, currently in state closed
[0m02:14:09.210781 [debug] [Thread-3 (]: Writing runtime sql for node "test.risklake.not_null_feat_credit_util_customer_id.a2bde8c2b4"
[0m02:14:09.213918 [debug] [Thread-3 (]: Using postgres connection "test.risklake.not_null_feat_credit_util_customer_id.a2bde8c2b4"
[0m02:14:09.213918 [debug] [Thread-3 (]: On test.risklake.not_null_feat_credit_util_customer_id.a2bde8c2b4: /* {"app": "dbt", "dbt_version": "1.11.11", "profile_name": "risklake", "target_name": "dev", "node_id": "test.risklake.not_null_feat_credit_util_customer_id.a2bde8c2b4"} */

    
    select
      count(*) as failures,
      count(*) != 0 as should_warn,
      count(*) != 0 as should_error
    from (
      
    
  
    
    



select customer_id
from "risklake"."silver_silver"."feat_credit_util"
where customer_id is null



  
  
      
    ) dbt_internal_test
[0m02:14:09.215939 [debug] [Thread-3 (]: Opening a new connection, currently in state closed
[0m02:14:09.242311 [debug] [Thread-1 (]: SQL status: SELECT 1 in 0.153 seconds
[0m02:14:09.242311 [debug] [Thread-1 (]: On test.risklake.accepted_values_stg_credit_credit_age_band__new__developing__established__mature.0cee583a2e: ROLLBACK
[0m02:14:09.245216 [debug] [Thread-1 (]: On test.risklake.accepted_values_stg_credit_credit_age_band__new__developing__established__mature.0cee583a2e: Close
[0m02:14:09.245216 [info ] [Thread-1 (]: 5 of 28 PASS accepted_values_stg_credit_credit_age_band__new__developing__established__mature  [[32mPASS[0m in 0.18s]
[0m02:14:09.245216 [debug] [Thread-1 (]: Finished running node test.risklake.accepted_values_stg_credit_credit_age_band__new__developing__established__mature.0cee583a2e
[0m02:14:09.248168 [debug] [Thread-1 (]: Began running node test.risklake.not_null_feat_credit_util_feature_computed_at.675da6a8f7
[0m02:14:09.248168 [info ] [Thread-1 (]: 12 of 28 START test not_null_feat_credit_util_feature_computed_at .............. [RUN]
[0m02:14:09.250178 [debug] [Thread-1 (]: Re-using an available connection from the pool (formerly test.risklake.accepted_values_stg_credit_credit_age_band__new__developing__established__mature.0cee583a2e, now test.risklake.not_null_feat_credit_util_feature_computed_at.675da6a8f7)
[0m02:14:09.250178 [debug] [Thread-2 (]: SQL status: SELECT 1 in 0.053 seconds
[0m02:14:09.250178 [debug] [Thread-1 (]: Began compiling node test.risklake.not_null_feat_credit_util_feature_computed_at.675da6a8f7
[0m02:14:09.250178 [debug] [Thread-2 (]: On test.risklake.accepted_values_stg_loans_default_flag__0__1.b7c24e5dcc: ROLLBACK
[0m02:14:09.258145 [debug] [Thread-4 (]: SQL status: SELECT 1 in 0.053 seconds
[0m02:14:09.258145 [debug] [Thread-1 (]: Writing injected SQL for node "test.risklake.not_null_feat_credit_util_feature_computed_at.675da6a8f7"
[0m02:14:09.258145 [debug] [Thread-3 (]: SQL status: SELECT 1 in 0.043 seconds
[0m02:14:09.258145 [debug] [Thread-2 (]: On test.risklake.accepted_values_stg_loans_default_flag__0__1.b7c24e5dcc: Close
[0m02:14:09.258145 [debug] [Thread-4 (]: On test.risklake.accepted_values_stg_loans_employment_type__salaried__self_employed__contract__unemployed.af73b38ac0: ROLLBACK
[0m02:14:09.258145 [debug] [Thread-3 (]: On test.risklake.not_null_feat_credit_util_customer_id.a2bde8c2b4: ROLLBACK
[0m02:14:09.258145 [debug] [Thread-1 (]: Began executing node test.risklake.not_null_feat_credit_util_feature_computed_at.675da6a8f7
[0m02:14:09.262714 [info ] [Thread-2 (]: 9 of 28 PASS accepted_values_stg_loans_default_flag__0__1 ...................... [[32mPASS[0m in 0.10s]
[0m02:14:09.263222 [debug] [Thread-4 (]: On test.risklake.accepted_values_stg_loans_employment_type__salaried__self_employed__contract__unemployed.af73b38ac0: Close
[0m02:14:09.263222 [debug] [Thread-3 (]: On test.risklake.not_null_feat_credit_util_customer_id.a2bde8c2b4: Close
[0m02:14:09.263222 [debug] [Thread-1 (]: Writing runtime sql for node "test.risklake.not_null_feat_credit_util_feature_computed_at.675da6a8f7"
[0m02:14:09.267080 [debug] [Thread-2 (]: Finished running node test.risklake.accepted_values_stg_loans_default_flag__0__1.b7c24e5dcc
[0m02:14:09.267080 [info ] [Thread-4 (]: 10 of 28 PASS accepted_values_stg_loans_employment_type__salaried__self_employed__contract__unemployed  [[32mPASS[0m in 0.09s]
[0m02:14:09.269099 [info ] [Thread-3 (]: 11 of 28 PASS not_null_feat_credit_util_customer_id ............................ [[32mPASS[0m in 0.07s]
[0m02:14:09.269608 [debug] [Thread-2 (]: Began running node test.risklake.not_null_feat_dti_ratio_application_id.306c27e0f1
[0m02:14:09.271011 [debug] [Thread-1 (]: Using postgres connection "test.risklake.not_null_feat_credit_util_feature_computed_at.675da6a8f7"
[0m02:14:09.271011 [debug] [Thread-4 (]: Finished running node test.risklake.accepted_values_stg_loans_employment_type__salaried__self_employed__contract__unemployed.af73b38ac0
[0m02:14:09.271011 [debug] [Thread-3 (]: Finished running node test.risklake.not_null_feat_credit_util_customer_id.a2bde8c2b4
[0m02:14:09.273022 [info ] [Thread-2 (]: 13 of 28 START test not_null_feat_dti_ratio_application_id ..................... [RUN]
[0m02:14:09.274040 [debug] [Thread-1 (]: On test.risklake.not_null_feat_credit_util_feature_computed_at.675da6a8f7: /* {"app": "dbt", "dbt_version": "1.11.11", "profile_name": "risklake", "target_name": "dev", "node_id": "test.risklake.not_null_feat_credit_util_feature_computed_at.675da6a8f7"} */

    
    select
      count(*) as failures,
      count(*) != 0 as should_warn,
      count(*) != 0 as should_error
    from (
      
    
  
    
    



select feature_computed_at
from "risklake"."silver_silver"."feat_credit_util"
where feature_computed_at is null



  
  
      
    ) dbt_internal_test
[0m02:14:09.274040 [debug] [Thread-4 (]: Began running node test.risklake.not_null_feat_dti_ratio_customer_id.eb2b071f6a
[0m02:14:09.274040 [debug] [Thread-3 (]: Began running node test.risklake.not_null_feat_dti_ratio_feature_computed_at.2c23814059
[0m02:14:09.274040 [debug] [Thread-2 (]: Re-using an available connection from the pool (formerly test.risklake.accepted_values_stg_loans_default_flag__0__1.b7c24e5dcc, now test.risklake.not_null_feat_dti_ratio_application_id.306c27e0f1)
[0m02:14:09.274040 [debug] [Thread-1 (]: Opening a new connection, currently in state closed
[0m02:14:09.274040 [info ] [Thread-4 (]: 14 of 28 START test not_null_feat_dti_ratio_customer_id ........................ [RUN]
[0m02:14:09.274040 [info ] [Thread-3 (]: 15 of 28 START test not_null_feat_dti_ratio_feature_computed_at ................ [RUN]
[0m02:14:09.274040 [debug] [Thread-2 (]: Began compiling node test.risklake.not_null_feat_dti_ratio_application_id.306c27e0f1
[0m02:14:09.274040 [debug] [Thread-4 (]: Re-using an available connection from the pool (formerly test.risklake.accepted_values_stg_loans_employment_type__salaried__self_employed__contract__unemployed.af73b38ac0, now test.risklake.not_null_feat_dti_ratio_customer_id.eb2b071f6a)
[0m02:14:09.274040 [debug] [Thread-3 (]: Re-using an available connection from the pool (formerly test.risklake.not_null_feat_credit_util_customer_id.a2bde8c2b4, now test.risklake.not_null_feat_dti_ratio_feature_computed_at.2c23814059)
[0m02:14:09.274040 [debug] [Thread-2 (]: Writing injected SQL for node "test.risklake.not_null_feat_dti_ratio_application_id.306c27e0f1"
[0m02:14:09.274040 [debug] [Thread-4 (]: Began compiling node test.risklake.not_null_feat_dti_ratio_customer_id.eb2b071f6a
[0m02:14:09.274040 [debug] [Thread-3 (]: Began compiling node test.risklake.not_null_feat_dti_ratio_feature_computed_at.2c23814059
[0m02:14:09.288431 [debug] [Thread-4 (]: Writing injected SQL for node "test.risklake.not_null_feat_dti_ratio_customer_id.eb2b071f6a"
[0m02:14:09.289565 [debug] [Thread-2 (]: Began executing node test.risklake.not_null_feat_dti_ratio_application_id.306c27e0f1
[0m02:14:09.291588 [debug] [Thread-3 (]: Writing injected SQL for node "test.risklake.not_null_feat_dti_ratio_feature_computed_at.2c23814059"
[0m02:14:09.295559 [debug] [Thread-2 (]: Writing runtime sql for node "test.risklake.not_null_feat_dti_ratio_application_id.306c27e0f1"
[0m02:14:09.297575 [debug] [Thread-4 (]: Began executing node test.risklake.not_null_feat_dti_ratio_customer_id.eb2b071f6a
[0m02:14:09.297575 [debug] [Thread-3 (]: Began executing node test.risklake.not_null_feat_dti_ratio_feature_computed_at.2c23814059
[0m02:14:09.299597 [debug] [Thread-4 (]: Writing runtime sql for node "test.risklake.not_null_feat_dti_ratio_customer_id.eb2b071f6a"
[0m02:14:09.299597 [debug] [Thread-2 (]: Using postgres connection "test.risklake.not_null_feat_dti_ratio_application_id.306c27e0f1"
[0m02:14:09.301609 [debug] [Thread-3 (]: Writing runtime sql for node "test.risklake.not_null_feat_dti_ratio_feature_computed_at.2c23814059"
[0m02:14:09.303630 [debug] [Thread-2 (]: On test.risklake.not_null_feat_dti_ratio_application_id.306c27e0f1: /* {"app": "dbt", "dbt_version": "1.11.11", "profile_name": "risklake", "target_name": "dev", "node_id": "test.risklake.not_null_feat_dti_ratio_application_id.306c27e0f1"} */

    
    select
      count(*) as failures,
      count(*) != 0 as should_warn,
      count(*) != 0 as should_error
    from (
      
    
  
    
    



select application_id
from "risklake"."silver_silver"."feat_dti_ratio"
where application_id is null



  
  
      
    ) dbt_internal_test
[0m02:14:09.305388 [debug] [Thread-4 (]: Using postgres connection "test.risklake.not_null_feat_dti_ratio_customer_id.eb2b071f6a"
[0m02:14:09.305388 [debug] [Thread-2 (]: Opening a new connection, currently in state closed
[0m02:14:09.305388 [debug] [Thread-4 (]: On test.risklake.not_null_feat_dti_ratio_customer_id.eb2b071f6a: /* {"app": "dbt", "dbt_version": "1.11.11", "profile_name": "risklake", "target_name": "dev", "node_id": "test.risklake.not_null_feat_dti_ratio_customer_id.eb2b071f6a"} */

    
    select
      count(*) as failures,
      count(*) != 0 as should_warn,
      count(*) != 0 as should_error
    from (
      
    
  
    
    



select customer_id
from "risklake"."silver_silver"."feat_dti_ratio"
where customer_id is null



  
  
      
    ) dbt_internal_test
[0m02:14:09.305388 [debug] [Thread-3 (]: Using postgres connection "test.risklake.not_null_feat_dti_ratio_feature_computed_at.2c23814059"
[0m02:14:09.307410 [debug] [Thread-4 (]: Opening a new connection, currently in state closed
[0m02:14:09.307410 [debug] [Thread-3 (]: On test.risklake.not_null_feat_dti_ratio_feature_computed_at.2c23814059: /* {"app": "dbt", "dbt_version": "1.11.11", "profile_name": "risklake", "target_name": "dev", "node_id": "test.risklake.not_null_feat_dti_ratio_feature_computed_at.2c23814059"} */

    
    select
      count(*) as failures,
      count(*) != 0 as should_warn,
      count(*) != 0 as should_error
    from (
      
    
  
    
    



select feature_computed_at
from "risklake"."silver_silver"."feat_dti_ratio"
where feature_computed_at is null



  
  
      
    ) dbt_internal_test
[0m02:14:09.307410 [debug] [Thread-3 (]: Opening a new connection, currently in state closed
[0m02:14:09.312167 [debug] [Thread-1 (]: SQL status: SELECT 1 in 0.037 seconds
[0m02:14:09.315543 [debug] [Thread-1 (]: On test.risklake.not_null_feat_credit_util_feature_computed_at.675da6a8f7: ROLLBACK
[0m02:14:09.315543 [debug] [Thread-1 (]: On test.risklake.not_null_feat_credit_util_feature_computed_at.675da6a8f7: Close
[0m02:14:09.317555 [info ] [Thread-1 (]: 12 of 28 PASS not_null_feat_credit_util_feature_computed_at .................... [[32mPASS[0m in 0.07s]
[0m02:14:09.318745 [debug] [Thread-1 (]: Finished running node test.risklake.not_null_feat_credit_util_feature_computed_at.675da6a8f7
[0m02:14:09.320280 [debug] [Thread-1 (]: Began running node test.risklake.not_null_stg_credit_credit_utilisation_pct.eb67c9b652
[0m02:14:09.321414 [info ] [Thread-1 (]: 16 of 28 START test not_null_stg_credit_credit_utilisation_pct ................. [RUN]
[0m02:14:09.322303 [debug] [Thread-1 (]: Re-using an available connection from the pool (formerly test.risklake.not_null_feat_credit_util_feature_computed_at.675da6a8f7, now test.risklake.not_null_stg_credit_credit_utilisation_pct.eb67c9b652)
[0m02:14:09.322930 [debug] [Thread-1 (]: Began compiling node test.risklake.not_null_stg_credit_credit_utilisation_pct.eb67c9b652
[0m02:14:09.327432 [debug] [Thread-1 (]: Writing injected SQL for node "test.risklake.not_null_stg_credit_credit_utilisation_pct.eb67c9b652"
[0m02:14:09.329452 [debug] [Thread-1 (]: Began executing node test.risklake.not_null_stg_credit_credit_utilisation_pct.eb67c9b652
[0m02:14:09.329452 [debug] [Thread-1 (]: Writing runtime sql for node "test.risklake.not_null_stg_credit_credit_utilisation_pct.eb67c9b652"
[0m02:14:09.329452 [debug] [Thread-1 (]: Using postgres connection "test.risklake.not_null_stg_credit_credit_utilisation_pct.eb67c9b652"
[0m02:14:09.337529 [debug] [Thread-1 (]: On test.risklake.not_null_stg_credit_credit_utilisation_pct.eb67c9b652: /* {"app": "dbt", "dbt_version": "1.11.11", "profile_name": "risklake", "target_name": "dev", "node_id": "test.risklake.not_null_stg_credit_credit_utilisation_pct.eb67c9b652"} */

    
    select
      count(*) as failures,
      count(*) != 0 as should_warn,
      count(*) != 0 as should_error
    from (
      
    
  
    
    



select credit_utilisation_pct
from "risklake"."silver_silver"."stg_credit"
where credit_utilisation_pct is null



  
  
      
    ) dbt_internal_test
[0m02:14:09.338041 [debug] [Thread-1 (]: Opening a new connection, currently in state closed
[0m02:14:09.338041 [debug] [Thread-2 (]: SQL status: SELECT 1 in 0.042 seconds
[0m02:14:09.338041 [debug] [Thread-2 (]: On test.risklake.not_null_feat_dti_ratio_application_id.306c27e0f1: ROLLBACK
[0m02:14:09.349984 [debug] [Thread-2 (]: On test.risklake.not_null_feat_dti_ratio_application_id.306c27e0f1: Close
[0m02:14:09.350873 [info ] [Thread-2 (]: 13 of 28 PASS not_null_feat_dti_ratio_application_id ........................... [[32mPASS[0m in 0.08s]
[0m02:14:09.350873 [debug] [Thread-4 (]: SQL status: SELECT 1 in 0.044 seconds
[0m02:14:09.352941 [debug] [Thread-2 (]: Finished running node test.risklake.not_null_feat_dti_ratio_application_id.306c27e0f1
[0m02:14:09.352941 [debug] [Thread-3 (]: SQL status: SELECT 1 in 0.043 seconds
[0m02:14:09.352941 [debug] [Thread-4 (]: On test.risklake.not_null_feat_dti_ratio_customer_id.eb2b071f6a: ROLLBACK
[0m02:14:09.352941 [debug] [Thread-2 (]: Began running node test.risklake.not_null_stg_credit_customer_id.da248c5519
[0m02:14:09.352941 [debug] [Thread-3 (]: On test.risklake.not_null_feat_dti_ratio_feature_computed_at.2c23814059: ROLLBACK
[0m02:14:09.357964 [debug] [Thread-4 (]: On test.risklake.not_null_feat_dti_ratio_customer_id.eb2b071f6a: Close
[0m02:14:09.357964 [info ] [Thread-2 (]: 17 of 28 START test not_null_stg_credit_customer_id ............................ [RUN]
[0m02:14:09.357964 [debug] [Thread-3 (]: On test.risklake.not_null_feat_dti_ratio_feature_computed_at.2c23814059: Close
[0m02:14:09.357964 [info ] [Thread-4 (]: 14 of 28 PASS not_null_feat_dti_ratio_customer_id .............................. [[32mPASS[0m in 0.08s]
[0m02:14:09.357964 [debug] [Thread-2 (]: Re-using an available connection from the pool (formerly test.risklake.not_null_feat_dti_ratio_application_id.306c27e0f1, now test.risklake.not_null_stg_credit_customer_id.da248c5519)
[0m02:14:09.357964 [info ] [Thread-3 (]: 15 of 28 PASS not_null_feat_dti_ratio_feature_computed_at ...................... [[32mPASS[0m in 0.08s]
[0m02:14:09.357964 [debug] [Thread-4 (]: Finished running node test.risklake.not_null_feat_dti_ratio_customer_id.eb2b071f6a
[0m02:14:09.364117 [debug] [Thread-2 (]: Began compiling node test.risklake.not_null_stg_credit_customer_id.da248c5519
[0m02:14:09.364117 [debug] [Thread-3 (]: Finished running node test.risklake.not_null_feat_dti_ratio_feature_computed_at.2c23814059
[0m02:14:09.364117 [debug] [Thread-4 (]: Began running node test.risklake.not_null_stg_credit_silver_processed_at.8555002a73
[0m02:14:09.369016 [debug] [Thread-2 (]: Writing injected SQL for node "test.risklake.not_null_stg_credit_customer_id.da248c5519"
[0m02:14:09.369016 [debug] [Thread-3 (]: Began running node test.risklake.not_null_stg_loans_annual_income_inr.baef0ecaae
[0m02:14:09.369016 [info ] [Thread-4 (]: 18 of 28 START test not_null_stg_credit_silver_processed_at .................... [RUN]
[0m02:14:09.369016 [debug] [Thread-2 (]: Began executing node test.risklake.not_null_stg_credit_customer_id.da248c5519
[0m02:14:09.369016 [info ] [Thread-3 (]: 19 of 28 START test not_null_stg_loans_annual_income_inr ....................... [RUN]
[0m02:14:09.369016 [debug] [Thread-4 (]: Re-using an available connection from the pool (formerly test.risklake.not_null_feat_dti_ratio_customer_id.eb2b071f6a, now test.risklake.not_null_stg_credit_silver_processed_at.8555002a73)
[0m02:14:09.369016 [debug] [Thread-2 (]: Writing runtime sql for node "test.risklake.not_null_stg_credit_customer_id.da248c5519"
[0m02:14:09.369016 [debug] [Thread-1 (]: SQL status: SELECT 1 in 0.038 seconds
[0m02:14:09.369016 [debug] [Thread-3 (]: Re-using an available connection from the pool (formerly test.risklake.not_null_feat_dti_ratio_feature_computed_at.2c23814059, now test.risklake.not_null_stg_loans_annual_income_inr.baef0ecaae)
[0m02:14:09.369016 [debug] [Thread-4 (]: Began compiling node test.risklake.not_null_stg_credit_silver_processed_at.8555002a73
[0m02:14:09.369016 [debug] [Thread-1 (]: On test.risklake.not_null_stg_credit_credit_utilisation_pct.eb67c9b652: ROLLBACK
[0m02:14:09.369016 [debug] [Thread-2 (]: Using postgres connection "test.risklake.not_null_stg_credit_customer_id.da248c5519"
[0m02:14:09.369016 [debug] [Thread-3 (]: Began compiling node test.risklake.not_null_stg_loans_annual_income_inr.baef0ecaae
[0m02:14:09.369016 [debug] [Thread-4 (]: Writing injected SQL for node "test.risklake.not_null_stg_credit_silver_processed_at.8555002a73"
[0m02:14:09.369016 [debug] [Thread-1 (]: On test.risklake.not_null_stg_credit_credit_utilisation_pct.eb67c9b652: Close
[0m02:14:09.369016 [debug] [Thread-2 (]: On test.risklake.not_null_stg_credit_customer_id.da248c5519: /* {"app": "dbt", "dbt_version": "1.11.11", "profile_name": "risklake", "target_name": "dev", "node_id": "test.risklake.not_null_stg_credit_customer_id.da248c5519"} */

    
    select
      count(*) as failures,
      count(*) != 0 as should_warn,
      count(*) != 0 as should_error
    from (
      
    
  
    
    



select customer_id
from "risklake"."silver_silver"."stg_credit"
where customer_id is null



  
  
      
    ) dbt_internal_test
[0m02:14:09.384847 [debug] [Thread-3 (]: Writing injected SQL for node "test.risklake.not_null_stg_loans_annual_income_inr.baef0ecaae"
[0m02:14:09.384847 [info ] [Thread-1 (]: 16 of 28 PASS not_null_stg_credit_credit_utilisation_pct ....................... [[32mPASS[0m in 0.06s]
[0m02:14:09.388707 [debug] [Thread-2 (]: Opening a new connection, currently in state closed
[0m02:14:09.388707 [debug] [Thread-4 (]: Began executing node test.risklake.not_null_stg_credit_silver_processed_at.8555002a73
[0m02:14:09.388707 [debug] [Thread-1 (]: Finished running node test.risklake.not_null_stg_credit_credit_utilisation_pct.eb67c9b652
[0m02:14:09.388707 [debug] [Thread-3 (]: Began executing node test.risklake.not_null_stg_loans_annual_income_inr.baef0ecaae
[0m02:14:09.391442 [debug] [Thread-4 (]: Writing runtime sql for node "test.risklake.not_null_stg_credit_silver_processed_at.8555002a73"
[0m02:14:09.391442 [debug] [Thread-1 (]: Began running node test.risklake.not_null_stg_loans_application_date.96f62398d4
[0m02:14:09.391442 [debug] [Thread-3 (]: Writing runtime sql for node "test.risklake.not_null_stg_loans_annual_income_inr.baef0ecaae"
[0m02:14:09.391442 [info ] [Thread-1 (]: 20 of 28 START test not_null_stg_loans_application_date ........................ [RUN]
[0m02:14:09.397821 [debug] [Thread-4 (]: Using postgres connection "test.risklake.not_null_stg_credit_silver_processed_at.8555002a73"
[0m02:14:09.398532 [debug] [Thread-1 (]: Re-using an available connection from the pool (formerly test.risklake.not_null_stg_credit_credit_utilisation_pct.eb67c9b652, now test.risklake.not_null_stg_loans_application_date.96f62398d4)
[0m02:14:09.400827 [debug] [Thread-1 (]: Began compiling node test.risklake.not_null_stg_loans_application_date.96f62398d4
[0m02:14:09.398532 [debug] [Thread-3 (]: Using postgres connection "test.risklake.not_null_stg_loans_annual_income_inr.baef0ecaae"
[0m02:14:09.398532 [debug] [Thread-4 (]: On test.risklake.not_null_stg_credit_silver_processed_at.8555002a73: /* {"app": "dbt", "dbt_version": "1.11.11", "profile_name": "risklake", "target_name": "dev", "node_id": "test.risklake.not_null_stg_credit_silver_processed_at.8555002a73"} */

    
    select
      count(*) as failures,
      count(*) != 0 as should_warn,
      count(*) != 0 as should_error
    from (
      
    
  
    
    



select silver_processed_at
from "risklake"."silver_silver"."stg_credit"
where silver_processed_at is null



  
  
      
    ) dbt_internal_test
[0m02:14:09.402266 [debug] [Thread-1 (]: Writing injected SQL for node "test.risklake.not_null_stg_loans_application_date.96f62398d4"
[0m02:14:09.402266 [debug] [Thread-3 (]: On test.risklake.not_null_stg_loans_annual_income_inr.baef0ecaae: /* {"app": "dbt", "dbt_version": "1.11.11", "profile_name": "risklake", "target_name": "dev", "node_id": "test.risklake.not_null_stg_loans_annual_income_inr.baef0ecaae"} */

    
    select
      count(*) as failures,
      count(*) != 0 as should_warn,
      count(*) != 0 as should_error
    from (
      
    
  
    
    



select annual_income_inr
from "risklake"."silver_silver"."stg_loans"
where annual_income_inr is null



  
  
      
    ) dbt_internal_test
[0m02:14:09.405147 [debug] [Thread-4 (]: Opening a new connection, currently in state closed
[0m02:14:09.405147 [debug] [Thread-1 (]: Began executing node test.risklake.not_null_stg_loans_application_date.96f62398d4
[0m02:14:09.405147 [debug] [Thread-3 (]: Opening a new connection, currently in state closed
[0m02:14:09.405147 [debug] [Thread-1 (]: Writing runtime sql for node "test.risklake.not_null_stg_loans_application_date.96f62398d4"
[0m02:14:09.412565 [debug] [Thread-1 (]: Using postgres connection "test.risklake.not_null_stg_loans_application_date.96f62398d4"
[0m02:14:09.412565 [debug] [Thread-1 (]: On test.risklake.not_null_stg_loans_application_date.96f62398d4: /* {"app": "dbt", "dbt_version": "1.11.11", "profile_name": "risklake", "target_name": "dev", "node_id": "test.risklake.not_null_stg_loans_application_date.96f62398d4"} */

    
    select
      count(*) as failures,
      count(*) != 0 as should_warn,
      count(*) != 0 as should_error
    from (
      
    
  
    
    



select application_date
from "risklake"."silver_silver"."stg_loans"
where application_date is null



  
  
      
    ) dbt_internal_test
[0m02:14:09.412565 [debug] [Thread-1 (]: Opening a new connection, currently in state closed
[0m02:14:09.425823 [debug] [Thread-2 (]: SQL status: SELECT 1 in 0.038 seconds
[0m02:14:09.427837 [debug] [Thread-2 (]: On test.risklake.not_null_stg_credit_customer_id.da248c5519: ROLLBACK
[0m02:14:09.427837 [debug] [Thread-2 (]: On test.risklake.not_null_stg_credit_customer_id.da248c5519: Close
[0m02:14:09.429846 [info ] [Thread-2 (]: 17 of 28 PASS not_null_stg_credit_customer_id .................................. [[32mPASS[0m in 0.07s]
[0m02:14:09.429846 [debug] [Thread-2 (]: Finished running node test.risklake.not_null_stg_credit_customer_id.da248c5519
[0m02:14:09.429846 [debug] [Thread-2 (]: Began running node test.risklake.not_null_stg_loans_application_id.9410a81f88
[0m02:14:09.429846 [info ] [Thread-2 (]: 21 of 28 START test not_null_stg_loans_application_id .......................... [RUN]
[0m02:14:09.432830 [debug] [Thread-2 (]: Re-using an available connection from the pool (formerly test.risklake.not_null_stg_credit_customer_id.da248c5519, now test.risklake.not_null_stg_loans_application_id.9410a81f88)
[0m02:14:09.432830 [debug] [Thread-2 (]: Began compiling node test.risklake.not_null_stg_loans_application_id.9410a81f88
[0m02:14:09.436315 [debug] [Thread-2 (]: Writing injected SQL for node "test.risklake.not_null_stg_loans_application_id.9410a81f88"
[0m02:14:09.439035 [debug] [Thread-2 (]: Began executing node test.risklake.not_null_stg_loans_application_id.9410a81f88
[0m02:14:09.439035 [debug] [Thread-2 (]: Writing runtime sql for node "test.risklake.not_null_stg_loans_application_id.9410a81f88"
[0m02:14:09.439035 [debug] [Thread-2 (]: Using postgres connection "test.risklake.not_null_stg_loans_application_id.9410a81f88"
[0m02:14:09.439035 [debug] [Thread-2 (]: On test.risklake.not_null_stg_loans_application_id.9410a81f88: /* {"app": "dbt", "dbt_version": "1.11.11", "profile_name": "risklake", "target_name": "dev", "node_id": "test.risklake.not_null_stg_loans_application_id.9410a81f88"} */

    
    select
      count(*) as failures,
      count(*) != 0 as should_warn,
      count(*) != 0 as should_error
    from (
      
    
  
    
    



select application_id
from "risklake"."silver_silver"."stg_loans"
where application_id is null



  
  
      
    ) dbt_internal_test
[0m02:14:09.444294 [debug] [Thread-2 (]: Opening a new connection, currently in state closed
[0m02:14:09.445647 [debug] [Thread-4 (]: SQL status: SELECT 1 in 0.042 seconds
[0m02:14:09.448931 [debug] [Thread-4 (]: On test.risklake.not_null_stg_credit_silver_processed_at.8555002a73: ROLLBACK
[0m02:14:09.448931 [debug] [Thread-4 (]: On test.risklake.not_null_stg_credit_silver_processed_at.8555002a73: Close
[0m02:14:09.448931 [info ] [Thread-4 (]: 18 of 28 PASS not_null_stg_credit_silver_processed_at .......................... [[32mPASS[0m in 0.08s]
[0m02:14:09.448931 [debug] [Thread-4 (]: Finished running node test.risklake.not_null_stg_credit_silver_processed_at.8555002a73
[0m02:14:09.448931 [debug] [Thread-4 (]: Began running node test.risklake.not_null_stg_loans_customer_id.3c9bd19729
[0m02:14:09.455008 [info ] [Thread-4 (]: 22 of 28 START test not_null_stg_loans_customer_id ............................. [RUN]
[0m02:14:09.456318 [debug] [Thread-4 (]: Re-using an available connection from the pool (formerly test.risklake.not_null_stg_credit_silver_processed_at.8555002a73, now test.risklake.not_null_stg_loans_customer_id.3c9bd19729)
[0m02:14:09.457290 [debug] [Thread-4 (]: Began compiling node test.risklake.not_null_stg_loans_customer_id.3c9bd19729
[0m02:14:09.461546 [debug] [Thread-4 (]: Writing injected SQL for node "test.risklake.not_null_stg_loans_customer_id.3c9bd19729"
[0m02:14:09.462547 [debug] [Thread-3 (]: SQL status: SELECT 1 in 0.055 seconds
[0m02:14:09.462547 [debug] [Thread-1 (]: SQL status: SELECT 1 in 0.049 seconds
[0m02:14:09.464551 [debug] [Thread-3 (]: On test.risklake.not_null_stg_loans_annual_income_inr.baef0ecaae: ROLLBACK
[0m02:14:09.466551 [debug] [Thread-1 (]: On test.risklake.not_null_stg_loans_application_date.96f62398d4: ROLLBACK
[0m02:14:09.467550 [debug] [Thread-4 (]: Began executing node test.risklake.not_null_stg_loans_customer_id.3c9bd19729
[0m02:14:09.467550 [debug] [Thread-3 (]: On test.risklake.not_null_stg_loans_annual_income_inr.baef0ecaae: Close
[0m02:14:09.468541 [debug] [Thread-1 (]: On test.risklake.not_null_stg_loans_application_date.96f62398d4: Close
[0m02:14:09.470540 [debug] [Thread-4 (]: Writing runtime sql for node "test.risklake.not_null_stg_loans_customer_id.3c9bd19729"
[0m02:14:09.471544 [info ] [Thread-3 (]: 19 of 28 PASS not_null_stg_loans_annual_income_inr ............................. [[32mPASS[0m in 0.10s]
[0m02:14:09.472541 [info ] [Thread-1 (]: 20 of 28 PASS not_null_stg_loans_application_date .............................. [[32mPASS[0m in 0.07s]
[0m02:14:09.473542 [debug] [Thread-3 (]: Finished running node test.risklake.not_null_stg_loans_annual_income_inr.baef0ecaae
[0m02:14:09.474542 [debug] [Thread-1 (]: Finished running node test.risklake.not_null_stg_loans_application_date.96f62398d4
[0m02:14:09.475542 [debug] [Thread-4 (]: Using postgres connection "test.risklake.not_null_stg_loans_customer_id.3c9bd19729"
[0m02:14:09.476487 [debug] [Thread-3 (]: Began running node test.risklake.not_null_stg_loans_loan_amount_inr.a5d743fe75
[0m02:14:09.476487 [debug] [Thread-1 (]: Began running node test.risklake.not_null_stg_loans_silver_processed_at.f59cade4be
[0m02:14:09.476487 [debug] [Thread-4 (]: On test.risklake.not_null_stg_loans_customer_id.3c9bd19729: /* {"app": "dbt", "dbt_version": "1.11.11", "profile_name": "risklake", "target_name": "dev", "node_id": "test.risklake.not_null_stg_loans_customer_id.3c9bd19729"} */

    
    select
      count(*) as failures,
      count(*) != 0 as should_warn,
      count(*) != 0 as should_error
    from (
      
    
  
    
    



select customer_id
from "risklake"."silver_silver"."stg_loans"
where customer_id is null



  
  
      
    ) dbt_internal_test
[0m02:14:09.476487 [info ] [Thread-3 (]: 23 of 28 START test not_null_stg_loans_loan_amount_inr ......................... [RUN]
[0m02:14:09.478582 [info ] [Thread-1 (]: 24 of 28 START test not_null_stg_loans_silver_processed_at ..................... [RUN]
[0m02:14:09.478582 [debug] [Thread-4 (]: Opening a new connection, currently in state closed
[0m02:14:09.478582 [debug] [Thread-3 (]: Re-using an available connection from the pool (formerly test.risklake.not_null_stg_loans_annual_income_inr.baef0ecaae, now test.risklake.not_null_stg_loans_loan_amount_inr.a5d743fe75)
[0m02:14:09.478582 [debug] [Thread-1 (]: Re-using an available connection from the pool (formerly test.risklake.not_null_stg_loans_application_date.96f62398d4, now test.risklake.not_null_stg_loans_silver_processed_at.f59cade4be)
[0m02:14:09.478582 [debug] [Thread-2 (]: SQL status: SELECT 1 in 0.037 seconds
[0m02:14:09.478582 [debug] [Thread-3 (]: Began compiling node test.risklake.not_null_stg_loans_loan_amount_inr.a5d743fe75
[0m02:14:09.478582 [debug] [Thread-1 (]: Began compiling node test.risklake.not_null_stg_loans_silver_processed_at.f59cade4be
[0m02:14:09.483623 [debug] [Thread-2 (]: On test.risklake.not_null_stg_loans_application_id.9410a81f88: ROLLBACK
[0m02:14:09.485649 [debug] [Thread-3 (]: Writing injected SQL for node "test.risklake.not_null_stg_loans_loan_amount_inr.a5d743fe75"
[0m02:14:09.489698 [debug] [Thread-1 (]: Writing injected SQL for node "test.risklake.not_null_stg_loans_silver_processed_at.f59cade4be"
[0m02:14:09.489698 [debug] [Thread-2 (]: On test.risklake.not_null_stg_loans_application_id.9410a81f88: Close
[0m02:14:09.492541 [debug] [Thread-3 (]: Began executing node test.risklake.not_null_stg_loans_loan_amount_inr.a5d743fe75
[0m02:14:09.494302 [debug] [Thread-1 (]: Began executing node test.risklake.not_null_stg_loans_silver_processed_at.f59cade4be
[0m02:14:09.493627 [info ] [Thread-2 (]: 21 of 28 PASS not_null_stg_loans_application_id ................................ [[32mPASS[0m in 0.06s]
[0m02:14:09.496309 [debug] [Thread-3 (]: Writing runtime sql for node "test.risklake.not_null_stg_loans_loan_amount_inr.a5d743fe75"
[0m02:14:09.496309 [debug] [Thread-1 (]: Writing runtime sql for node "test.risklake.not_null_stg_loans_silver_processed_at.f59cade4be"
[0m02:14:09.496309 [debug] [Thread-2 (]: Finished running node test.risklake.not_null_stg_loans_application_id.9410a81f88
[0m02:14:09.496309 [debug] [Thread-2 (]: Began running node test.risklake.unique_feat_credit_util_customer_id.ef1de08528
[0m02:14:09.502179 [debug] [Thread-3 (]: Using postgres connection "test.risklake.not_null_stg_loans_loan_amount_inr.a5d743fe75"
[0m02:14:09.502179 [info ] [Thread-2 (]: 25 of 28 START test unique_feat_credit_util_customer_id ........................ [RUN]
[0m02:14:09.502179 [debug] [Thread-1 (]: Using postgres connection "test.risklake.not_null_stg_loans_silver_processed_at.f59cade4be"
[0m02:14:09.502179 [debug] [Thread-3 (]: On test.risklake.not_null_stg_loans_loan_amount_inr.a5d743fe75: /* {"app": "dbt", "dbt_version": "1.11.11", "profile_name": "risklake", "target_name": "dev", "node_id": "test.risklake.not_null_stg_loans_loan_amount_inr.a5d743fe75"} */

    
    select
      count(*) as failures,
      count(*) != 0 as should_warn,
      count(*) != 0 as should_error
    from (
      
    
  
    
    



select loan_amount_inr
from "risklake"."silver_silver"."stg_loans"
where loan_amount_inr is null



  
  
      
    ) dbt_internal_test
[0m02:14:09.504198 [debug] [Thread-2 (]: Re-using an available connection from the pool (formerly test.risklake.not_null_stg_loans_application_id.9410a81f88, now test.risklake.unique_feat_credit_util_customer_id.ef1de08528)
[0m02:14:09.504198 [debug] [Thread-1 (]: On test.risklake.not_null_stg_loans_silver_processed_at.f59cade4be: /* {"app": "dbt", "dbt_version": "1.11.11", "profile_name": "risklake", "target_name": "dev", "node_id": "test.risklake.not_null_stg_loans_silver_processed_at.f59cade4be"} */

    
    select
      count(*) as failures,
      count(*) != 0 as should_warn,
      count(*) != 0 as should_error
    from (
      
    
  
    
    



select silver_processed_at
from "risklake"."silver_silver"."stg_loans"
where silver_processed_at is null



  
  
      
    ) dbt_internal_test
[0m02:14:09.504198 [debug] [Thread-3 (]: Opening a new connection, currently in state closed
[0m02:14:09.504198 [debug] [Thread-2 (]: Began compiling node test.risklake.unique_feat_credit_util_customer_id.ef1de08528
[0m02:14:09.504198 [debug] [Thread-1 (]: Opening a new connection, currently in state closed
[0m02:14:09.511369 [debug] [Thread-2 (]: Writing injected SQL for node "test.risklake.unique_feat_credit_util_customer_id.ef1de08528"
[0m02:14:09.514662 [debug] [Thread-2 (]: Began executing node test.risklake.unique_feat_credit_util_customer_id.ef1de08528
[0m02:14:09.516682 [debug] [Thread-2 (]: Writing runtime sql for node "test.risklake.unique_feat_credit_util_customer_id.ef1de08528"
[0m02:14:09.519423 [debug] [Thread-2 (]: Using postgres connection "test.risklake.unique_feat_credit_util_customer_id.ef1de08528"
[0m02:14:09.520090 [debug] [Thread-2 (]: On test.risklake.unique_feat_credit_util_customer_id.ef1de08528: /* {"app": "dbt", "dbt_version": "1.11.11", "profile_name": "risklake", "target_name": "dev", "node_id": "test.risklake.unique_feat_credit_util_customer_id.ef1de08528"} */

    
    select
      count(*) as failures,
      count(*) != 0 as should_warn,
      count(*) != 0 as should_error
    from (
      
    
  
    
    

select
    customer_id as unique_field,
    count(*) as n_records

from "risklake"."silver_silver"."feat_credit_util"
where customer_id is not null
group by customer_id
having count(*) > 1



  
  
      
    ) dbt_internal_test
[0m02:14:09.520090 [debug] [Thread-4 (]: SQL status: SELECT 1 in 0.042 seconds
[0m02:14:09.520090 [debug] [Thread-2 (]: Opening a new connection, currently in state closed
[0m02:14:09.523350 [debug] [Thread-4 (]: On test.risklake.not_null_stg_loans_customer_id.3c9bd19729: ROLLBACK
[0m02:14:09.523920 [debug] [Thread-4 (]: On test.risklake.not_null_stg_loans_customer_id.3c9bd19729: Close
[0m02:14:09.525931 [info ] [Thread-4 (]: 22 of 28 PASS not_null_stg_loans_customer_id ................................... [[32mPASS[0m in 0.07s]
[0m02:14:09.525931 [debug] [Thread-4 (]: Finished running node test.risklake.not_null_stg_loans_customer_id.3c9bd19729
[0m02:14:09.525931 [debug] [Thread-4 (]: Began running node test.risklake.unique_feat_dti_ratio_application_id.7a43e19405
[0m02:14:09.525931 [info ] [Thread-4 (]: 26 of 28 START test unique_feat_dti_ratio_application_id ....................... [RUN]
[0m02:14:09.528854 [debug] [Thread-4 (]: Re-using an available connection from the pool (formerly test.risklake.not_null_stg_loans_customer_id.3c9bd19729, now test.risklake.unique_feat_dti_ratio_application_id.7a43e19405)
[0m02:14:09.528854 [debug] [Thread-4 (]: Began compiling node test.risklake.unique_feat_dti_ratio_application_id.7a43e19405
[0m02:14:09.534532 [debug] [Thread-4 (]: Writing injected SQL for node "test.risklake.unique_feat_dti_ratio_application_id.7a43e19405"
[0m02:14:09.534532 [debug] [Thread-4 (]: Began executing node test.risklake.unique_feat_dti_ratio_application_id.7a43e19405
[0m02:14:09.539025 [debug] [Thread-4 (]: Writing runtime sql for node "test.risklake.unique_feat_dti_ratio_application_id.7a43e19405"
[0m02:14:09.539751 [debug] [Thread-4 (]: Using postgres connection "test.risklake.unique_feat_dti_ratio_application_id.7a43e19405"
[0m02:14:09.539751 [debug] [Thread-4 (]: On test.risklake.unique_feat_dti_ratio_application_id.7a43e19405: /* {"app": "dbt", "dbt_version": "1.11.11", "profile_name": "risklake", "target_name": "dev", "node_id": "test.risklake.unique_feat_dti_ratio_application_id.7a43e19405"} */

    
    select
      count(*) as failures,
      count(*) != 0 as should_warn,
      count(*) != 0 as should_error
    from (
      
    
  
    
    

select
    application_id as unique_field,
    count(*) as n_records

from "risklake"."silver_silver"."feat_dti_ratio"
where application_id is not null
group by application_id
having count(*) > 1



  
  
      
    ) dbt_internal_test
[0m02:14:09.539751 [debug] [Thread-4 (]: Opening a new connection, currently in state closed
[0m02:14:09.549222 [debug] [Thread-3 (]: SQL status: SELECT 1 in 0.045 seconds
[0m02:14:09.552194 [debug] [Thread-3 (]: On test.risklake.not_null_stg_loans_loan_amount_inr.a5d743fe75: ROLLBACK
[0m02:14:09.552194 [debug] [Thread-1 (]: SQL status: SELECT 1 in 0.046 seconds
[0m02:14:09.553192 [debug] [Thread-3 (]: On test.risklake.not_null_stg_loans_loan_amount_inr.a5d743fe75: Close
[0m02:14:09.554201 [debug] [Thread-1 (]: On test.risklake.not_null_stg_loans_silver_processed_at.f59cade4be: ROLLBACK
[0m02:14:09.554201 [info ] [Thread-3 (]: 23 of 28 PASS not_null_stg_loans_loan_amount_inr ............................... [[32mPASS[0m in 0.08s]
[0m02:14:09.554201 [debug] [Thread-1 (]: On test.risklake.not_null_stg_loans_silver_processed_at.f59cade4be: Close
[0m02:14:09.554201 [debug] [Thread-3 (]: Finished running node test.risklake.not_null_stg_loans_loan_amount_inr.a5d743fe75
[0m02:14:09.554201 [info ] [Thread-1 (]: 24 of 28 PASS not_null_stg_loans_silver_processed_at ........................... [[32mPASS[0m in 0.08s]
[0m02:14:09.554201 [debug] [Thread-3 (]: Began running node test.risklake.unique_stg_credit_customer_id.38985125e0
[0m02:14:09.554201 [debug] [Thread-1 (]: Finished running node test.risklake.not_null_stg_loans_silver_processed_at.f59cade4be
[0m02:14:09.554201 [info ] [Thread-3 (]: 27 of 28 START test unique_stg_credit_customer_id .............................. [RUN]
[0m02:14:09.554201 [debug] [Thread-2 (]: SQL status: SELECT 1 in 0.043 seconds
[0m02:14:09.554201 [debug] [Thread-1 (]: Began running node test.risklake.unique_stg_loans_application_id.3e1a1b844a
[0m02:14:09.554201 [debug] [Thread-3 (]: Re-using an available connection from the pool (formerly test.risklake.not_null_stg_loans_loan_amount_inr.a5d743fe75, now test.risklake.unique_stg_credit_customer_id.38985125e0)
[0m02:14:09.554201 [debug] [Thread-2 (]: On test.risklake.unique_feat_credit_util_customer_id.ef1de08528: ROLLBACK
[0m02:14:09.554201 [info ] [Thread-1 (]: 28 of 28 START test unique_stg_loans_application_id ............................ [RUN]
[0m02:14:09.554201 [debug] [Thread-3 (]: Began compiling node test.risklake.unique_stg_credit_customer_id.38985125e0
[0m02:14:09.569843 [debug] [Thread-2 (]: On test.risklake.unique_feat_credit_util_customer_id.ef1de08528: Close
[0m02:14:09.570887 [debug] [Thread-1 (]: Re-using an available connection from the pool (formerly test.risklake.not_null_stg_loans_silver_processed_at.f59cade4be, now test.risklake.unique_stg_loans_application_id.3e1a1b844a)
[0m02:14:09.570887 [debug] [Thread-3 (]: Writing injected SQL for node "test.risklake.unique_stg_credit_customer_id.38985125e0"
[0m02:14:09.570887 [info ] [Thread-2 (]: 25 of 28 PASS unique_feat_credit_util_customer_id .............................. [[32mPASS[0m in 0.07s]
[0m02:14:09.570887 [debug] [Thread-1 (]: Began compiling node test.risklake.unique_stg_loans_application_id.3e1a1b844a
[0m02:14:09.577796 [debug] [Thread-2 (]: Finished running node test.risklake.unique_feat_credit_util_customer_id.ef1de08528
[0m02:14:09.577796 [debug] [Thread-1 (]: Writing injected SQL for node "test.risklake.unique_stg_loans_application_id.3e1a1b844a"
[0m02:14:09.583000 [debug] [Thread-3 (]: Began executing node test.risklake.unique_stg_credit_customer_id.38985125e0
[0m02:14:09.583000 [debug] [Thread-4 (]: SQL status: SELECT 1 in 0.041 seconds
[0m02:14:09.583000 [debug] [Thread-1 (]: Began executing node test.risklake.unique_stg_loans_application_id.3e1a1b844a
[0m02:14:09.585020 [debug] [Thread-3 (]: Writing runtime sql for node "test.risklake.unique_stg_credit_customer_id.38985125e0"
[0m02:14:09.587039 [debug] [Thread-4 (]: On test.risklake.unique_feat_dti_ratio_application_id.7a43e19405: ROLLBACK
[0m02:14:09.589062 [debug] [Thread-1 (]: Writing runtime sql for node "test.risklake.unique_stg_loans_application_id.3e1a1b844a"
[0m02:14:09.589062 [debug] [Thread-4 (]: On test.risklake.unique_feat_dti_ratio_application_id.7a43e19405: Close
[0m02:14:09.589062 [debug] [Thread-3 (]: Using postgres connection "test.risklake.unique_stg_credit_customer_id.38985125e0"
[0m02:14:09.592326 [info ] [Thread-4 (]: 26 of 28 PASS unique_feat_dti_ratio_application_id ............................. [[32mPASS[0m in 0.06s]
[0m02:14:09.592326 [debug] [Thread-3 (]: On test.risklake.unique_stg_credit_customer_id.38985125e0: /* {"app": "dbt", "dbt_version": "1.11.11", "profile_name": "risklake", "target_name": "dev", "node_id": "test.risklake.unique_stg_credit_customer_id.38985125e0"} */

    
    select
      count(*) as failures,
      count(*) != 0 as should_warn,
      count(*) != 0 as should_error
    from (
      
    
  
    
    

select
    customer_id as unique_field,
    count(*) as n_records

from "risklake"."silver_silver"."stg_credit"
where customer_id is not null
group by customer_id
having count(*) > 1



  
  
      
    ) dbt_internal_test
[0m02:14:09.592326 [debug] [Thread-1 (]: Using postgres connection "test.risklake.unique_stg_loans_application_id.3e1a1b844a"
[0m02:14:09.594341 [debug] [Thread-4 (]: Finished running node test.risklake.unique_feat_dti_ratio_application_id.7a43e19405
[0m02:14:09.594341 [debug] [Thread-3 (]: Opening a new connection, currently in state closed
[0m02:14:09.594341 [debug] [Thread-1 (]: On test.risklake.unique_stg_loans_application_id.3e1a1b844a: /* {"app": "dbt", "dbt_version": "1.11.11", "profile_name": "risklake", "target_name": "dev", "node_id": "test.risklake.unique_stg_loans_application_id.3e1a1b844a"} */

    
    select
      count(*) as failures,
      count(*) != 0 as should_warn,
      count(*) != 0 as should_error
    from (
      
    
  
    
    

select
    application_id as unique_field,
    count(*) as n_records

from "risklake"."silver_silver"."stg_loans"
where application_id is not null
group by application_id
having count(*) > 1



  
  
      
    ) dbt_internal_test
[0m02:14:09.596362 [debug] [Thread-1 (]: Opening a new connection, currently in state closed
[0m02:14:09.632447 [debug] [Thread-3 (]: SQL status: SELECT 1 in 0.041 seconds
[0m02:14:09.632447 [debug] [Thread-3 (]: On test.risklake.unique_stg_credit_customer_id.38985125e0: ROLLBACK
[0m02:14:09.632447 [debug] [Thread-3 (]: On test.risklake.unique_stg_credit_customer_id.38985125e0: Close
[0m02:14:09.632447 [info ] [Thread-3 (]: 27 of 28 PASS unique_stg_credit_customer_id .................................... [[32mPASS[0m in 0.08s]
[0m02:14:09.638678 [debug] [Thread-3 (]: Finished running node test.risklake.unique_stg_credit_customer_id.38985125e0
[0m02:14:09.641588 [debug] [Thread-1 (]: SQL status: SELECT 1 in 0.046 seconds
[0m02:14:09.643609 [debug] [Thread-1 (]: On test.risklake.unique_stg_loans_application_id.3e1a1b844a: ROLLBACK
[0m02:14:09.643609 [debug] [Thread-1 (]: On test.risklake.unique_stg_loans_application_id.3e1a1b844a: Close
[0m02:14:09.643609 [info ] [Thread-1 (]: 28 of 28 PASS unique_stg_loans_application_id .................................. [[32mPASS[0m in 0.07s]
[0m02:14:09.645627 [debug] [Thread-1 (]: Finished running node test.risklake.unique_stg_loans_application_id.3e1a1b844a
[0m02:14:09.645627 [debug] [MainThread]: On master: COMMIT
[0m02:14:09.648125 [debug] [MainThread]: Using postgres connection "master"
[0m02:14:09.648125 [debug] [MainThread]: On master: COMMIT
[0m02:14:09.648125 [debug] [MainThread]: Opening a new connection, currently in state closed
[0m02:14:09.683213 [debug] [MainThread]: SQL status: COMMIT in 0.034 seconds
[0m02:14:09.683213 [debug] [MainThread]: On master: Close
[0m02:14:09.683213 [debug] [MainThread]: Connection 'master' was properly closed.
[0m02:14:09.685225 [debug] [MainThread]: Connection 'list_risklake_silver_silver' was properly closed.
[0m02:14:09.685225 [debug] [MainThread]: Connection 'test.risklake.unique_stg_loans_application_id.3e1a1b844a' was properly closed.
[0m02:14:09.685225 [debug] [MainThread]: Connection 'test.risklake.unique_feat_credit_util_customer_id.ef1de08528' was properly closed.
[0m02:14:09.687246 [debug] [MainThread]: Connection 'test.risklake.unique_stg_credit_customer_id.38985125e0' was properly closed.
[0m02:14:09.687246 [debug] [MainThread]: Connection 'test.risklake.unique_feat_dti_ratio_application_id.7a43e19405' was properly closed.
[0m02:14:09.687246 [info ] [MainThread]: 
[0m02:14:09.687246 [info ] [MainThread]: Finished running 28 data tests in 0 hours 0 minutes and 0.92 seconds (0.92s).
[0m02:14:09.691281 [debug] [MainThread]: Command end result
[0m02:14:09.712271 [debug] [MainThread]: Wrote artifact WritableManifest to C:\Users\rande\OneDrive\Desktop\risklake\risklake\backend\dbt\target\manifest.json
[0m02:14:09.726932 [debug] [MainThread]: Wrote artifact SemanticManifest to C:\Users\rande\OneDrive\Desktop\risklake\risklake\backend\dbt\target\semantic_manifest.json
[0m02:14:09.736019 [debug] [MainThread]: Wrote artifact RunExecutionResult to C:\Users\rande\OneDrive\Desktop\risklake\risklake\backend\dbt\target\run_results.json
[0m02:14:09.739983 [info ] [MainThread]: 
[0m02:14:09.739983 [info ] [MainThread]: [32mCompleted successfully[0m
[0m02:14:09.743011 [info ] [MainThread]: 
[0m02:14:09.743011 [info ] [MainThread]: Done. PASS=28 WARN=0 ERROR=0 SKIP=0 NO-OP=0 TOTAL=28
[0m02:14:09.746072 [debug] [MainThread]: Command `dbt test` succeeded at 02:14:09.746072 after 1.73 seconds
[0m02:14:09.746727 [debug] [MainThread]: Sending event: {'category': 'dbt', 'action': 'invocation', 'label': 'end', 'context': [<snowplow_tracker.self_describing_json.SelfDescribingJson object at 0x00000209BA13E850>, <snowplow_tracker.self_describing_json.SelfDescribingJson object at 0x00000209B367EF50>, <snowplow_tracker.self_describing_json.SelfDescribingJson object at 0x00000209BB29D150>]}
[0m02:14:09.746727 [debug] [MainThread]: Flushing usage events
[0m02:14:11.216864 [debug] [MainThread]: An error was encountered while trying to flush usage events
[0m02:22:32.326869 [debug] [MainThread]: Sending event: {'category': 'dbt', 'action': 'invocation', 'label': 'start', 'context': [<snowplow_tracker.self_describing_json.SelfDescribingJson object at 0x0000022257C54110>, <snowplow_tracker.self_describing_json.SelfDescribingJson object at 0x0000022256A262D0>, <snowplow_tracker.self_describing_json.SelfDescribingJson object at 0x0000022256A25E90>]}


============================== 02:22:32.335402 | 03ea5d37-3a1d-4324-a76d-758a5028ffc8 ==============================
[0m02:22:32.335402 [info ] [MainThread]: Running with dbt=1.11.11
[0m02:22:32.335402 [debug] [MainThread]: running dbt with arguments {'static_parser': 'True', 'no_print': 'None', 'version_check': 'True', 'warn_error_options': 'WarnErrorOptionsV2(error=[], warn=[], silence=[])', 'target_path': 'None', 'printer_width': '80', 'write_json': 'True', 'introspect': 'True', 'log_cache_events': 'False', 'empty': 'False', 'cache_selected_only': 'False', 'fail_fast': 'False', 'debug': 'False', 'log_format': 'default', 'profiles_dir': 'C:\\Users\\rande\\OneDrive\\Desktop\\risklake\\risklake\\backend\\dbt', 'send_anonymous_usage_stats': 'True', 'quiet': 'False', 'warn_error': 'None', 'partial_parse': 'True', 'invocation_command': 'dbt run --select tag:silver', 'indirect_selection': 'eager', 'use_colors': 'True', 'use_experimental_parser': 'False', 'log_path': 'C:\\Users\\rande\\OneDrive\\Desktop\\risklake\\risklake\\backend\\dbt\\logs'}
[0m02:22:32.453146 [debug] [MainThread]: Sending event: {'category': 'dbt', 'action': 'project_id', 'label': '03ea5d37-3a1d-4324-a76d-758a5028ffc8', 'context': [<snowplow_tracker.self_describing_json.SelfDescribingJson object at 0x0000022257D2BE90>]}
[0m02:22:32.500757 [debug] [MainThread]: Sending event: {'category': 'dbt', 'action': 'adapter_info', 'label': '03ea5d37-3a1d-4324-a76d-758a5028ffc8', 'context': [<snowplow_tracker.self_describing_json.SelfDescribingJson object at 0x00000222533B3650>]}
[0m02:22:32.500757 [info ] [MainThread]: Registered adapter: postgres=1.10.2
[0m02:22:32.643884 [debug] [MainThread]: checksum: 30a8cc8fdcbf66701b0944d4ccce3fa46dd04b61e5df68b9f16d57b2e0e3f0be, vars: {}, profile: , target: , version: 1.11.11
[0m02:22:32.739147 [debug] [MainThread]: Partial parsing enabled: 0 files deleted, 0 files added, 0 files changed.
[0m02:22:32.739147 [debug] [MainThread]: Nothing changed, skipping partial parsing.
[0m02:22:32.739147 [debug] [MainThread]: Partial parsing enabled, no changes found, skipping parsing
[0m02:22:32.755069 [warn ] [MainThread]: [[33mWARNING[0m]: Configuration paths exist in your dbt_project.yml file which do not apply to any resources.
There are 2 unused configuration paths:
- models.risklake.gold
- models.risklake.bronze
[0m02:22:32.771029 [debug] [MainThread]: Sending event: {'category': 'dbt', 'action': 'load_project', 'label': '03ea5d37-3a1d-4324-a76d-758a5028ffc8', 'context': [<snowplow_tracker.self_describing_json.SelfDescribingJson object at 0x0000022258168DD0>]}
[0m02:22:32.890181 [debug] [MainThread]: Wrote artifact WritableManifest to C:\Users\rande\OneDrive\Desktop\risklake\risklake\backend\dbt\target\manifest.json
[0m02:22:32.890181 [debug] [MainThread]: Wrote artifact SemanticManifest to C:\Users\rande\OneDrive\Desktop\risklake\risklake\backend\dbt\target\semantic_manifest.json
[0m02:22:32.907271 [debug] [MainThread]: Sending event: {'category': 'dbt', 'action': 'resource_counts', 'label': '03ea5d37-3a1d-4324-a76d-758a5028ffc8', 'context': [<snowplow_tracker.self_describing_json.SelfDescribingJson object at 0x0000022257F46CD0>]}
[0m02:22:32.907271 [info ] [MainThread]: Found 4 models, 45 data tests, 4 sources, 475 macros
[0m02:22:32.907271 [debug] [MainThread]: Sending event: {'category': 'dbt', 'action': 'runnable_timing', 'label': '03ea5d37-3a1d-4324-a76d-758a5028ffc8', 'context': [<snowplow_tracker.self_describing_json.SelfDescribingJson object at 0x0000022256B9BC50>]}
[0m02:22:32.907271 [info ] [MainThread]: 
[0m02:22:32.907271 [info ] [MainThread]: Concurrency: 4 threads (target='dev')
[0m02:22:32.907271 [info ] [MainThread]: 
[0m02:22:32.907271 [debug] [MainThread]: Acquiring new postgres connection 'master'
[0m02:22:32.907271 [debug] [ThreadPool]: Acquiring new postgres connection 'list_risklake'
[0m02:22:32.969270 [debug] [ThreadPool]: Using postgres connection "list_risklake"
[0m02:22:32.969270 [debug] [ThreadPool]: On list_risklake: /* {"app": "dbt", "dbt_version": "1.11.11", "profile_name": "risklake", "target_name": "dev", "connection_name": "list_risklake"} */

    select distinct nspname from pg_namespace
  
[0m02:22:32.969270 [debug] [ThreadPool]: Opening a new connection, currently in state init
[0m02:22:33.001088 [debug] [ThreadPool]: SQL status: SELECT 8 in 0.041 seconds
[0m02:22:33.001088 [debug] [ThreadPool]: On list_risklake: Close
[0m02:22:33.001088 [debug] [ThreadPool]: Acquiring new postgres connection 'list_risklake_silver_silver'
[0m02:22:33.016847 [debug] [ThreadPool]: Using postgres connection "list_risklake_silver_silver"
[0m02:22:33.016847 [debug] [ThreadPool]: On list_risklake_silver_silver: /* {"app": "dbt", "dbt_version": "1.11.11", "profile_name": "risklake", "target_name": "dev", "connection_name": "list_risklake_silver_silver"} */
select
      'risklake' as database,
      tablename as name,
      schemaname as schema,
      'table' as type
    from pg_tables
    where schemaname ilike 'silver_silver'
    union all
    select
      'risklake' as database,
      viewname as name,
      schemaname as schema,
      'view' as type
    from pg_views
    where schemaname ilike 'silver_silver'
    union all
    select
      'risklake' as database,
      matviewname as name,
      schemaname as schema,
      'materialized_view' as type
    from pg_matviews
    where schemaname ilike 'silver_silver'
  
[0m02:22:33.016847 [debug] [ThreadPool]: Opening a new connection, currently in state init
[0m02:22:33.048763 [debug] [ThreadPool]: SQL status: SELECT 4 in 0.040 seconds
[0m02:22:33.048763 [debug] [ThreadPool]: On list_risklake_silver_silver: ROLLBACK
[0m02:22:33.048763 [debug] [ThreadPool]: On list_risklake_silver_silver: Close
[0m02:22:33.064605 [debug] [MainThread]: Using postgres connection "master"
[0m02:22:33.064605 [debug] [MainThread]: On master: /* {"app": "dbt", "dbt_version": "1.11.11", "profile_name": "risklake", "target_name": "dev", "connection_name": "master"} */
select distinct
        dependent_namespace.nspname as dependent_schema,
        dependent_class.relname as dependent_name,
        referenced_namespace.nspname as referenced_schema,
        referenced_class.relname as referenced_name

    -- Query for views: views are entries in pg_class with an entry in pg_rewrite, but we avoid
    -- a seq scan on pg_rewrite by leveraging the fact there is an "internal" row in pg_depend for
    -- the view...
    from pg_class as dependent_class
    join pg_namespace as dependent_namespace on dependent_namespace.oid = dependent_class.relnamespace
    join pg_depend as dependent_depend on dependent_depend.refobjid = dependent_class.oid
        and dependent_depend.classid = 'pg_rewrite'::regclass
        and dependent_depend.refclassid = 'pg_class'::regclass
        and dependent_depend.deptype = 'i'

    -- ... and via pg_depend (that has a row per column, hence the need for "distinct" above, and
    -- making sure to exclude the internal row to avoid a view appearing to depend on itself)...
    join pg_depend as joining_depend on joining_depend.objid = dependent_depend.objid
        and joining_depend.classid = 'pg_rewrite'::regclass
        and joining_depend.refclassid = 'pg_class'::regclass
        and joining_depend.refobjid != dependent_depend.refobjid

    -- ... we can find the tables they query from in pg_class, but excluding system tables. Note we
    -- don't need need to exclude _dependent_ system tables, because they only query from other
    -- system tables, and so are automatically excluded by excluding _referenced_ system tables
    join pg_class as referenced_class on referenced_class.oid = joining_depend.refobjid
    join pg_namespace as referenced_namespace on referenced_namespace.oid = referenced_class.relnamespace
        and referenced_namespace.nspname != 'information_schema'
        and referenced_namespace.nspname not like 'pg\_%'

    order by
        dependent_schema, dependent_name, referenced_schema, referenced_name;
[0m02:22:33.064605 [debug] [MainThread]: Opening a new connection, currently in state init
[0m02:22:33.100014 [debug] [MainThread]: SQL status: SELECT 0 in 0.035 seconds
[0m02:22:33.100014 [debug] [MainThread]: Sending event: {'category': 'dbt', 'action': 'runnable_timing', 'label': '03ea5d37-3a1d-4324-a76d-758a5028ffc8', 'context': [<snowplow_tracker.self_describing_json.SelfDescribingJson object at 0x0000022256402190>]}
[0m02:22:33.100014 [debug] [MainThread]: On master: ROLLBACK
[0m02:22:33.100014 [debug] [MainThread]: On master: COMMIT
[0m02:22:33.100014 [debug] [MainThread]: Using postgres connection "master"
[0m02:22:33.100014 [debug] [MainThread]: On master: COMMIT
[0m02:22:33.108836 [debug] [MainThread]: SQL status: COMMIT in 0.000 seconds
[0m02:22:33.108836 [debug] [MainThread]: On master: Close
[0m02:22:33.112658 [debug] [Thread-1 (]: Began running node model.risklake.stg_credit
[0m02:22:33.112658 [debug] [Thread-2 (]: Began running node model.risklake.stg_loans
[0m02:22:33.112658 [info ] [Thread-1 (]: 1 of 4 START sql table model silver_silver.stg_credit .......................... [RUN]
[0m02:22:33.112658 [info ] [Thread-2 (]: 2 of 4 START sql table model silver_silver.stg_loans ........................... [RUN]
[0m02:22:33.112658 [debug] [Thread-1 (]: Acquiring new postgres connection 'model.risklake.stg_credit'
[0m02:22:33.112658 [debug] [Thread-2 (]: Acquiring new postgres connection 'model.risklake.stg_loans'
[0m02:22:33.112658 [debug] [Thread-1 (]: Began compiling node model.risklake.stg_credit
[0m02:22:33.112658 [debug] [Thread-2 (]: Began compiling node model.risklake.stg_loans
[0m02:22:33.112658 [debug] [Thread-1 (]: Writing injected SQL for node "model.risklake.stg_credit"
[0m02:22:33.128424 [debug] [Thread-2 (]: Writing injected SQL for node "model.risklake.stg_loans"
[0m02:22:33.128424 [debug] [Thread-1 (]: Began executing node model.risklake.stg_credit
[0m02:22:33.144334 [debug] [Thread-2 (]: Began executing node model.risklake.stg_loans
[0m02:22:33.144334 [debug] [Thread-1 (]: Writing runtime sql for node "model.risklake.stg_credit"
[0m02:22:33.144334 [debug] [Thread-2 (]: Writing runtime sql for node "model.risklake.stg_loans"
[0m02:22:33.144334 [debug] [Thread-1 (]: Using postgres connection "model.risklake.stg_credit"
[0m02:22:33.144334 [debug] [Thread-1 (]: On model.risklake.stg_credit: /* {"app": "dbt", "dbt_version": "1.11.11", "profile_name": "risklake", "target_name": "dev", "node_id": "model.risklake.stg_credit"} */

  
    

  create  table "risklake"."silver_silver"."stg_credit__dbt_tmp"
  
  
    as
  
  (
    /*
  RiskLake — Silver Layer
  Model  : stg_credit
  Schema : silver
  Source : bronze.credit_bureau

  Purpose
  -------
  Cleans and enriches credit bureau pull data. Adds computed signals that
  the Gold PD model and feat_credit_util feature model consume.

  Transformations
  ---------------
  1. Type casting — everything arrives as TEXT from Bronze.
  2. Utilisation band bucketing for model inputs.
  3. Inquiry velocity flag (>=3 hard inquiries in 6 months = elevated risk).
  4. Available credit headroom calculation.
  5. Deduplication — keep the most recent bureau pull per customer.

  Grain: one row per customer (most recent bureau pull).
*/



with

source as (

    select * from "risklake"."bronze"."credit_bureau"

),

cleaned as (

    select
        -- ── Keys ────────────────────────────────────────────────────────
        trim(customer_id)                                   as customer_id,
        cast(bureau_pull_date as date)                      as bureau_pull_date,

        -- ── Core bureau fields ───────────────────────────────────────────
        cast(credit_score            as integer)            as credit_score,
        cast(total_accounts          as integer)            as total_accounts,
        cast(open_accounts           as integer)            as open_accounts,
        cast(delinquent_accounts     as integer)            as delinquent_accounts,
        cast(hard_inquiries_6m       as integer)            as hard_inquiries_6m,
        cast(oldest_account_months   as integer)            as oldest_account_months,
        cast(total_credit_limit_inr  as bigint)             as total_credit_limit_inr,
        cast(total_balance_inr       as bigint)             as total_balance_inr,

        -- Utilisation — clamp to [0,1] in case of dirty upstream values
        greatest(0, least(1,
            cast(credit_utilisation_pct as numeric)
        ))                                                  as credit_utilisation_pct,

        -- ── Derived: available credit headroom ───────────────────────────
        greatest(0,
            cast(total_credit_limit_inr as bigint)
            - cast(total_balance_inr    as bigint)
        )                                                   as available_credit_inr,

        -- ── Utilisation band (used as categorical feature in Gold ML) ────
        case
            when cast(credit_utilisation_pct as numeric) < 0.30 then 'low'
            when cast(credit_utilisation_pct as numeric) < 0.60 then 'medium'
            when cast(credit_utilisation_pct as numeric) < 0.90 then 'high'
            else 'maxed_out'
        end                                                 as utilisation_band,

        -- ── Inquiry velocity flag ────────────────────────────────────────
        -- >=3 hard inquiries in 6 months signals credit-hungry behaviour
        case
            when cast(hard_inquiries_6m as integer) >= 3 then 1
            else 0
        end                                                 as high_inquiry_flag,

        -- ── Delinquency rate ─────────────────────────────────────────────
        case
            when cast(total_accounts as integer) > 0
            then round(
                cast(delinquent_accounts as numeric)
                / cast(total_accounts    as numeric),
                4
            )
            else 0
        end                                                 as delinquency_rate,

        -- ── Credit age band ──────────────────────────────────────────────
        case
            when cast(oldest_account_months as integer) < 12  then 'new'
            when cast(oldest_account_months as integer) < 36  then 'developing'
            when cast(oldest_account_months as integer) < 84  then 'established'
            else 'mature'
        end                                                 as credit_age_band,

        -- ── Audit ───────────────────────────────────────────────────────
        current_timestamp                                   as silver_processed_at

    from source
    where customer_id is not null

),

-- Most recent bureau pull per customer
deduped as (

    select distinct on (customer_id)
        *
    from cleaned
    order by customer_id, bureau_pull_date desc

)

select * from deduped
  );
  
[0m02:22:33.144334 [debug] [Thread-2 (]: Using postgres connection "model.risklake.stg_loans"
[0m02:22:33.160365 [debug] [Thread-1 (]: Opening a new connection, currently in state init
[0m02:22:33.160365 [debug] [Thread-2 (]: On model.risklake.stg_loans: /* {"app": "dbt", "dbt_version": "1.11.11", "profile_name": "risklake", "target_name": "dev", "node_id": "model.risklake.stg_loans"} */

  
    

  create  table "risklake"."silver_silver"."stg_loans__dbt_tmp"
  
  
    as
  
  (
    /*
  RiskLake — Silver Layer
  Model  : stg_loans
  Schema : silver
  Source : bronze.loan_applications

  Purpose
  -------
  Cleans and standardises the raw loan application data arriving from the
  Bronze layer. This is the canonical staging model that all downstream
  Silver feature models and Gold risk tables join against.

  Transformations applied
  -----------------------
  1. Cast columns to correct data types (Bronze lands everything as TEXT).
  2. Null-safe defaults for optional fields.
  3. Derive loan_to_income_ratio — a foundational risk signal.
  4. Standardise categorical values to lowercase snake_case.
  5. Drop internal Bronze metadata columns (_bronze_*).
  6. Add silver_processed_at audit timestamp.

  Grain: one row per loan application (application_id is the PK).
*/



with

source as (

    select * from "risklake"."bronze"."loan_applications"

),

cleaned as (

    select
        -- ── Keys ────────────────────────────────────────────────────────
        trim(application_id)                            as application_id,
        trim(customer_id)                               as customer_id,

        -- ── Dates ───────────────────────────────────────────────────────
        cast(application_date as date)                  as application_date,

        -- ── Financials ──────────────────────────────────────────────────
        cast(loan_amount_inr     as bigint)             as loan_amount_inr,
        cast(annual_income_inr   as bigint)             as annual_income_inr,
        cast(loan_term_months    as integer)            as loan_term_months,
        cast(existing_loans      as integer)            as existing_loans,
        cast(collateral_value    as bigint)             as collateral_value_inr,
        cast(credit_score        as integer)            as credit_score,

        -- ── Categoricals — lowercased & trimmed ─────────────────────────
        lower(trim(employment_type))                    as employment_type,
        lower(trim(loan_purpose))                       as loan_purpose,

        -- ── Target label ────────────────────────────────────────────────
        cast(default_flag as integer)                   as default_flag,

        -- ── Derived feature: Loan-to-Income ratio ───────────────────────
        -- Protects against division-by-zero from dirty source data.
        case
            when cast(annual_income_inr as bigint) > 0
            then round(
                cast(loan_amount_inr as numeric)
                / cast(annual_income_inr as numeric),
                4
            )
            else null
        end                                             as loan_to_income_ratio,

        -- ── Collateral coverage ratio ────────────────────────────────────
        case
            when cast(loan_amount_inr as bigint) > 0
            then round(
                cast(collateral_value as numeric)
                / cast(loan_amount_inr as numeric),
                4
            )
            else null
        end                                             as collateral_coverage_ratio,

        -- ── Credit risk tier (rule-based, overridden by Gold ML model) ───
        case
            when cast(credit_score as integer) >= 750 then 'low'
            when cast(credit_score as integer) >= 600 then 'medium'
            when cast(credit_score as integer) >= 450 then 'high'
            else 'very_high'
        end                                             as credit_risk_tier,

        -- ── Audit ───────────────────────────────────────────────────────
        current_timestamp                               as silver_processed_at

    from source

    where
        -- Hard filter: reject rows with no primary key or income
        application_id   is not null
        and customer_id  is not null
        and cast(annual_income_inr as bigint) > 0

),

deduped as (

    -- Keep the latest record per application_id in case Bronze re-ingests
    select distinct on (application_id)
        *
    from cleaned
    order by application_id, silver_processed_at desc

)

select * from deduped
  );
  
[0m02:22:33.160365 [debug] [Thread-2 (]: Opening a new connection, currently in state init
[0m02:22:33.224514 [debug] [Thread-1 (]: SQL status: SELECT 1000 in 0.065 seconds
[0m02:22:33.224514 [debug] [Thread-1 (]: Using postgres connection "model.risklake.stg_credit"
[0m02:22:33.224514 [debug] [Thread-2 (]: SQL status: SELECT 1000 in 0.073 seconds
[0m02:22:33.224514 [debug] [Thread-1 (]: On model.risklake.stg_credit: /* {"app": "dbt", "dbt_version": "1.11.11", "profile_name": "risklake", "target_name": "dev", "node_id": "model.risklake.stg_credit"} */

    create unique index if not exists
  "928ac03d508d0d77bfcca368fbb4707e"
  on "risklake"."silver_silver"."stg_credit__dbt_tmp" 
  (customer_id)
  
[0m02:22:33.224514 [debug] [Thread-2 (]: Using postgres connection "model.risklake.stg_loans"
[0m02:22:33.224514 [debug] [Thread-2 (]: On model.risklake.stg_loans: /* {"app": "dbt", "dbt_version": "1.11.11", "profile_name": "risklake", "target_name": "dev", "node_id": "model.risklake.stg_loans"} */

    create unique index if not exists
  "3b9e256627a278a13af2e4bf0042b3eb"
  on "risklake"."silver_silver"."stg_loans__dbt_tmp" 
  (application_id)
  
[0m02:22:33.240264 [debug] [Thread-1 (]: SQL status: CREATE INDEX in 0.003 seconds
[0m02:22:33.240264 [debug] [Thread-1 (]: Using postgres connection "model.risklake.stg_credit"
[0m02:22:33.240264 [debug] [Thread-2 (]: SQL status: CREATE INDEX in 0.005 seconds
[0m02:22:33.240264 [debug] [Thread-1 (]: On model.risklake.stg_credit: /* {"app": "dbt", "dbt_version": "1.11.11", "profile_name": "risklake", "target_name": "dev", "node_id": "model.risklake.stg_credit"} */

    create  index if not exists
  "262700c6c5c6918b4ca67621d148a8f3"
  on "risklake"."silver_silver"."stg_credit__dbt_tmp" 
  (bureau_pull_date)
  
[0m02:22:33.240264 [debug] [Thread-2 (]: Using postgres connection "model.risklake.stg_loans"
[0m02:22:33.240264 [debug] [Thread-2 (]: On model.risklake.stg_loans: /* {"app": "dbt", "dbt_version": "1.11.11", "profile_name": "risklake", "target_name": "dev", "node_id": "model.risklake.stg_loans"} */

    create  index if not exists
  "d435c22cb6ff6436f1ca58dd3cc8d5ca"
  on "risklake"."silver_silver"."stg_loans__dbt_tmp" 
  (customer_id)
  
[0m02:22:33.240264 [debug] [Thread-1 (]: SQL status: CREATE INDEX in 0.003 seconds
[0m02:22:33.240264 [debug] [Thread-1 (]: Using postgres connection "model.risklake.stg_credit"
[0m02:22:33.240264 [debug] [Thread-2 (]: SQL status: CREATE INDEX in 0.007 seconds
[0m02:22:33.240264 [debug] [Thread-1 (]: On model.risklake.stg_credit: /* {"app": "dbt", "dbt_version": "1.11.11", "profile_name": "risklake", "target_name": "dev", "node_id": "model.risklake.stg_credit"} */
alter table "risklake"."silver_silver"."stg_credit" rename to "stg_credit__dbt_backup"
[0m02:22:33.256296 [debug] [Thread-2 (]: Using postgres connection "model.risklake.stg_loans"
[0m02:22:33.256296 [debug] [Thread-2 (]: On model.risklake.stg_loans: /* {"app": "dbt", "dbt_version": "1.11.11", "profile_name": "risklake", "target_name": "dev", "node_id": "model.risklake.stg_loans"} */

    create  index if not exists
  "e568a2fbece9c027f6666e59a96f67c8"
  on "risklake"."silver_silver"."stg_loans__dbt_tmp" 
  (application_date)
  
[0m02:22:33.256296 [debug] [Thread-1 (]: SQL status: ALTER TABLE in 0.001 seconds
[0m02:22:33.256296 [debug] [Thread-1 (]: Using postgres connection "model.risklake.stg_credit"
[0m02:22:33.256296 [debug] [Thread-1 (]: On model.risklake.stg_credit: /* {"app": "dbt", "dbt_version": "1.11.11", "profile_name": "risklake", "target_name": "dev", "node_id": "model.risklake.stg_credit"} */
alter table "risklake"."silver_silver"."stg_credit__dbt_tmp" rename to "stg_credit"
[0m02:22:33.256296 [debug] [Thread-2 (]: SQL status: CREATE INDEX in 0.005 seconds
[0m02:22:33.256296 [debug] [Thread-2 (]: Using postgres connection "model.risklake.stg_loans"
[0m02:22:33.256296 [debug] [Thread-1 (]: SQL status: ALTER TABLE in 0.003 seconds
[0m02:22:33.256296 [debug] [Thread-2 (]: On model.risklake.stg_loans: /* {"app": "dbt", "dbt_version": "1.11.11", "profile_name": "risklake", "target_name": "dev", "node_id": "model.risklake.stg_loans"} */
alter table "risklake"."silver_silver"."stg_loans" rename to "stg_loans__dbt_backup"
[0m02:22:33.272037 [debug] [Thread-1 (]: On model.risklake.stg_credit: COMMIT
[0m02:22:33.272037 [debug] [Thread-1 (]: Using postgres connection "model.risklake.stg_credit"
[0m02:22:33.272037 [debug] [Thread-2 (]: SQL status: ALTER TABLE in 0.001 seconds
[0m02:22:33.272037 [debug] [Thread-1 (]: On model.risklake.stg_credit: COMMIT
[0m02:22:33.282243 [debug] [Thread-2 (]: Using postgres connection "model.risklake.stg_loans"
[0m02:22:33.282243 [debug] [Thread-2 (]: On model.risklake.stg_loans: /* {"app": "dbt", "dbt_version": "1.11.11", "profile_name": "risklake", "target_name": "dev", "node_id": "model.risklake.stg_loans"} */
alter table "risklake"."silver_silver"."stg_loans__dbt_tmp" rename to "stg_loans"
[0m02:22:33.282243 [debug] [Thread-2 (]: SQL status: ALTER TABLE in 0.000 seconds
[0m02:22:33.282243 [debug] [Thread-2 (]: On model.risklake.stg_loans: COMMIT
[0m02:22:33.282243 [debug] [Thread-1 (]: SQL status: COMMIT in 0.004 seconds
[0m02:22:33.282243 [debug] [Thread-2 (]: Using postgres connection "model.risklake.stg_loans"
[0m02:22:33.287839 [debug] [Thread-1 (]: Applying DROP to: "risklake"."silver_silver"."stg_credit__dbt_backup"
[0m02:22:33.287839 [debug] [Thread-2 (]: On model.risklake.stg_loans: COMMIT
[0m02:22:33.287839 [debug] [Thread-1 (]: Using postgres connection "model.risklake.stg_credit"
[0m02:22:33.287839 [debug] [Thread-1 (]: On model.risklake.stg_credit: /* {"app": "dbt", "dbt_version": "1.11.11", "profile_name": "risklake", "target_name": "dev", "node_id": "model.risklake.stg_credit"} */
drop table if exists "risklake"."silver_silver"."stg_credit__dbt_backup" cascade
[0m02:22:33.287839 [debug] [Thread-2 (]: SQL status: COMMIT in 0.001 seconds
[0m02:22:33.287839 [debug] [Thread-2 (]: Applying DROP to: "risklake"."silver_silver"."stg_loans__dbt_backup"
[0m02:22:33.287839 [debug] [Thread-2 (]: Using postgres connection "model.risklake.stg_loans"
[0m02:22:33.303654 [debug] [Thread-2 (]: On model.risklake.stg_loans: /* {"app": "dbt", "dbt_version": "1.11.11", "profile_name": "risklake", "target_name": "dev", "node_id": "model.risklake.stg_loans"} */
drop table if exists "risklake"."silver_silver"."stg_loans__dbt_backup" cascade
[0m02:22:33.303654 [debug] [Thread-1 (]: SQL status: DROP TABLE in 0.008 seconds
[0m02:22:33.303654 [debug] [Thread-1 (]: On model.risklake.stg_credit: Close
[0m02:22:33.303654 [debug] [Thread-1 (]: Sending event: {'category': 'dbt', 'action': 'run_model', 'label': '03ea5d37-3a1d-4324-a76d-758a5028ffc8', 'context': [<snowplow_tracker.self_describing_json.SelfDescribingJson object at 0x00000222534A3690>]}
[0m02:22:33.303654 [debug] [Thread-2 (]: SQL status: DROP TABLE in 0.008 seconds
[0m02:22:33.303654 [info ] [Thread-1 (]: 1 of 4 OK created sql table model silver_silver.stg_credit ..................... [[32mSELECT 1000[0m in 0.19s]
[0m02:22:33.303654 [debug] [Thread-2 (]: On model.risklake.stg_loans: Close
[0m02:22:33.303654 [debug] [Thread-1 (]: Finished running node model.risklake.stg_credit
[0m02:22:33.303654 [debug] [Thread-4 (]: Began running node model.risklake.feat_credit_util
[0m02:22:33.303654 [debug] [Thread-2 (]: Sending event: {'category': 'dbt', 'action': 'run_model', 'label': '03ea5d37-3a1d-4324-a76d-758a5028ffc8', 'context': [<snowplow_tracker.self_describing_json.SelfDescribingJson object at 0x00000222587B6D50>]}
[0m02:22:33.303654 [info ] [Thread-4 (]: 3 of 4 START sql table model silver_silver.feat_credit_util .................... [RUN]
[0m02:22:33.320131 [info ] [Thread-2 (]: 2 of 4 OK created sql table model silver_silver.stg_loans ...................... [[32mSELECT 1000[0m in 0.19s]
[0m02:22:33.320966 [debug] [Thread-4 (]: Acquiring new postgres connection 'model.risklake.feat_credit_util'
[0m02:22:33.320966 [debug] [Thread-2 (]: Finished running node model.risklake.stg_loans
[0m02:22:33.320966 [debug] [Thread-4 (]: Began compiling node model.risklake.feat_credit_util
[0m02:22:33.320966 [debug] [Thread-1 (]: Began running node model.risklake.feat_dti_ratio
[0m02:22:33.320966 [debug] [Thread-4 (]: Writing injected SQL for node "model.risklake.feat_credit_util"
[0m02:22:33.320966 [info ] [Thread-1 (]: 4 of 4 START sql table model silver_silver.feat_dti_ratio ...................... [RUN]
[0m02:22:33.320966 [debug] [Thread-1 (]: Re-using an available connection from the pool (formerly model.risklake.stg_credit, now model.risklake.feat_dti_ratio)
[0m02:22:33.320966 [debug] [Thread-1 (]: Began compiling node model.risklake.feat_dti_ratio
[0m02:22:33.320966 [debug] [Thread-4 (]: Began executing node model.risklake.feat_credit_util
[0m02:22:33.333812 [debug] [Thread-1 (]: Writing injected SQL for node "model.risklake.feat_dti_ratio"
[0m02:22:33.337587 [debug] [Thread-4 (]: Writing runtime sql for node "model.risklake.feat_credit_util"
[0m02:22:33.337587 [debug] [Thread-1 (]: Began executing node model.risklake.feat_dti_ratio
[0m02:22:33.340181 [debug] [Thread-4 (]: Using postgres connection "model.risklake.feat_credit_util"
[0m02:22:33.340688 [debug] [Thread-1 (]: Writing runtime sql for node "model.risklake.feat_dti_ratio"
[0m02:22:33.340688 [debug] [Thread-4 (]: On model.risklake.feat_credit_util: /* {"app": "dbt", "dbt_version": "1.11.11", "profile_name": "risklake", "target_name": "dev", "node_id": "model.risklake.feat_credit_util"} */

  
    

  create  table "risklake"."silver_silver"."feat_credit_util__dbt_tmp"
  
  
    as
  
  (
    /*
  RiskLake — Silver Layer
  Model  : feat_credit_util
  Schema : silver
  Depends: stg_credit, bronze.transactions

  Purpose
  -------
  Builds a rich credit utilisation feature set per customer by combining:
    1. Bureau snapshot utilisation (point-in-time from stg_credit)
    2. Transaction-derived behavioural signals (rolling spend velocity,
       EMI payment regularity, average monthly balance)

  These features feed directly into:
    - Gold PD model (as numeric inputs)
    - ARIMA credit utilisation forecasting (as the time series target)
    - AI Credit Analyst RAG context (as explainable customer signals)

  Key features produced
  ----------------------
  bureau_utilisation_pct     — bureau point-in-time utilisation
  avg_monthly_spend_inr      — mean monthly debit spend over 12 months
  spend_volatility_inr       — std deviation of monthly spend (stability signal)
  emi_payment_count          — number of EMI payments in window
  emi_regularity_score       — ratio of months with >=1 EMI to total months
  balance_trend_flag         — 1 if avg recent balance > avg earlier balance
  txn_utilisation_estimate   — transaction-derived utilisation proxy
  utilisation_change_flag    — 1 if txn utilisation > bureau utilisation by >15%

  Grain: one row per customer.
*/



with

bureau as (

    select
        customer_id,
        bureau_pull_date,
        credit_score,
        credit_utilisation_pct              as bureau_utilisation_pct,
        total_credit_limit_inr,
        total_balance_inr                   as bureau_balance_inr,
        utilisation_band,
        high_inquiry_flag,
        delinquency_rate,
        available_credit_inr,
        credit_age_band
    from "risklake"."silver_silver"."stg_credit"

),

-- Raw transactions — keep only the last 12 months for recency
txn_raw as (

    select
        customer_id,
        cast(transaction_date as date)      as transaction_date,
        cast(amount_inr as bigint)          as amount_inr,
        lower(trim(transaction_type))       as transaction_type,
        cast(balance_after_inr as bigint)   as balance_after_inr,
        cast(is_flagged as integer)         as is_flagged,

        -- Month bucket for rolling aggregations
        date_trunc('month', cast(transaction_date as date))
                                            as txn_month

    from "risklake"."bronze"."transactions"
    where
        customer_id      is not null
        and transaction_date is not null
        -- Rolling 12-month window relative to today
        and cast(transaction_date as date) >= current_date - interval '12 months'

),

-- Monthly spend per customer (debit transactions only)
monthly_spend as (

    select
        customer_id,
        txn_month,
        sum(case when transaction_type in ('debit', 'atm_withdrawal', 'pos')
                 then amount_inr else 0 end)    as monthly_debit_spend_inr,
        sum(case when transaction_type = 'emi_payment'
                 then amount_inr else 0 end)    as monthly_emi_paid_inr,
        count(case when transaction_type = 'emi_payment'
                   then 1 end)                  as emi_payment_count,
        avg(balance_after_inr)                  as avg_balance_inr,
        sum(is_flagged)                         as flagged_txn_count,
        count(*)                                as total_txn_count
    from txn_raw
    group by customer_id, txn_month

),

-- Aggregate to customer level
customer_txn_agg as (

    select
        customer_id,

        -- Spend signals
        round(avg(monthly_debit_spend_inr), 2)  as avg_monthly_spend_inr,
        round(stddev(monthly_debit_spend_inr), 2)
                                                as spend_volatility_inr,
        round(max(monthly_debit_spend_inr), 2)  as peak_monthly_spend_inr,

        -- EMI signals
        sum(emi_payment_count)                  as emi_payment_count_12m,
        sum(monthly_emi_paid_inr)               as total_emi_paid_inr_12m,

        -- EMI regularity: how many months had at least 1 EMI payment?
        round(
            cast(count(case when emi_payment_count > 0 then 1 end) as numeric)
            / nullif(count(*), 0),
            4
        )                                       as emi_regularity_score,

        -- Balance trend: compare recent 3m avg vs earlier 9m avg
        avg(case when txn_month >= date_trunc('month', current_date) - interval '3 months'
                 then avg_balance_inr end)      as avg_balance_recent_3m,
        avg(case when txn_month < date_trunc('month', current_date) - interval '3 months'
                 then avg_balance_inr end)      as avg_balance_earlier_9m,

        -- Risk signals
        sum(flagged_txn_count)                  as total_flagged_txns,
        sum(total_txn_count)                    as total_txns_12m,
        count(distinct txn_month)               as active_months_count

    from monthly_spend
    group by customer_id

),

-- Join bureau + transaction aggregates
combined as (

    select
        b.customer_id,
        b.bureau_pull_date,
        b.credit_score,
        b.bureau_utilisation_pct,
        b.total_credit_limit_inr,
        b.bureau_balance_inr,
        b.utilisation_band,
        b.high_inquiry_flag,
        b.delinquency_rate,
        b.available_credit_inr,
        b.credit_age_band,

        -- Transaction features (null-safe for customers with no recent txns)
        coalesce(t.avg_monthly_spend_inr,   0)  as avg_monthly_spend_inr,
        coalesce(t.spend_volatility_inr,    0)  as spend_volatility_inr,
        coalesce(t.peak_monthly_spend_inr,  0)  as peak_monthly_spend_inr,
        coalesce(t.emi_payment_count_12m,   0)  as emi_payment_count_12m,
        coalesce(t.total_emi_paid_inr_12m,  0)  as total_emi_paid_inr_12m,
        coalesce(t.emi_regularity_score,    0)  as emi_regularity_score,
        coalesce(t.avg_balance_recent_3m,   0)  as avg_balance_recent_3m,
        coalesce(t.avg_balance_earlier_9m,  0)  as avg_balance_earlier_9m,
        coalesce(t.total_flagged_txns,      0)  as total_flagged_txns,
        coalesce(t.total_txns_12m,          0)  as total_txns_12m,
        coalesce(t.active_months_count,     0)  as active_months_count,

        -- Flag: no transaction history at all
        case when t.customer_id is null then 1 else 0
        end                                     as no_txn_history_flag

    from bureau b
    left join customer_txn_agg t using (customer_id)

),

enriched as (

    select
        *,

        -- ── Balance trend flag ───────────────────────────────────────────
        -- 1 = recent balance growing (potential stress signal)
        case
            when avg_balance_earlier_9m > 0
             and avg_balance_recent_3m > avg_balance_earlier_9m
            then 1
            else 0
        end                                     as balance_trend_flag,

        -- ── Transaction-derived utilisation proxy ────────────────────────
        -- Monthly spend vs credit limit as a behaviour-based utilisation
        case
            when total_credit_limit_inr > 0
            then round(
                avg_monthly_spend_inr / cast(total_credit_limit_inr as numeric),
                4
            )
            else null
        end                                     as txn_utilisation_estimate,

        -- ── Flagged transaction rate ─────────────────────────────────────
        case
            when total_txns_12m > 0
            then round(
                cast(total_flagged_txns as numeric) / total_txns_12m,
                4
            )
            else 0
        end                                     as flagged_txn_rate

    from combined

),

final as (

    select
        *,

        -- ── Utilisation divergence flag ──────────────────────────────────
        -- Flags customers whose transaction behaviour implies higher
        -- utilisation than the bureau snapshot suggests (data lag risk).
        case
            when txn_utilisation_estimate is not null
             and txn_utilisation_estimate > (bureau_utilisation_pct + 0.15)
            then 1
            else 0
        end                                     as utilisation_change_flag,

        -- ── Overall credit stress score (0–4 additive flags) ────────────
        -- Used by the AI credit analyst as a quick-read summary signal.
        (
            high_inquiry_flag
            + balance_trend_flag
            + case when emi_regularity_score < 0.5 then 1 else 0 end
            + case when flagged_txn_rate > 0.05    then 1 else 0 end
        )                                       as credit_stress_score,

        -- ── Audit ───────────────────────────────────────────────────────
        current_timestamp                       as feature_computed_at

    from enriched

)

select * from final
  );
  
[0m02:22:33.340688 [debug] [Thread-4 (]: Opening a new connection, currently in state init
[0m02:22:33.347297 [debug] [Thread-1 (]: Using postgres connection "model.risklake.feat_dti_ratio"
[0m02:22:33.347954 [debug] [Thread-1 (]: On model.risklake.feat_dti_ratio: /* {"app": "dbt", "dbt_version": "1.11.11", "profile_name": "risklake", "target_name": "dev", "node_id": "model.risklake.feat_dti_ratio"} */

  
    

  create  table "risklake"."silver_silver"."feat_dti_ratio__dbt_tmp"
  
  
    as
  
  (
    /*
  RiskLake — Silver Layer
  Model  : feat_dti_ratio
  Schema : silver
  Depends: stg_loans, stg_credit

  Purpose
  -------
  Computes the Debt-to-Income (DTI) ratio feature for each loan application.
  DTI is one of the strongest predictors of default and is a required input
  for the Gold layer PD (Probability of Default) model.

  DTI = (estimated_monthly_debt_obligations) / (monthly_income)

  Monthly debt estimation
  -----------------------
  We don't have the customer's actual monthly outgoings from a single source,
  so we approximate from bureau + application data:

      monthly_emi_estimate  = loan_amount / loan_term_months
      bureau_monthly_burden = total_balance / 60   (assume 5-yr repayment)
      total_monthly_debt    = monthly_emi_estimate + bureau_monthly_burden

  This approximation is documented and intentional — Silver models are explicit
  about assumptions so Gold analysts can override them.

  Risk tiers (aligned with RBI prudential norms)
  -----------------------------------------------
  DTI < 0.36  →  low
  DTI < 0.43  →  moderate      (43 % is the QM threshold in many frameworks)
  DTI < 0.50  →  elevated
  DTI >= 0.50 →  high          (RBI caution zone)

  Grain: one row per loan application.
*/



with

loans as (

    select
        application_id,
        customer_id,
        application_date,
        loan_amount_inr,
        loan_term_months,
        annual_income_inr,
        employment_type,
        loan_purpose,
        credit_score,
        loan_to_income_ratio,
        collateral_coverage_ratio,
        credit_risk_tier,
        default_flag
    from "risklake"."silver_silver"."stg_loans"

),

bureau as (

    select
        customer_id,
        total_balance_inr,
        total_credit_limit_inr,
        credit_utilisation_pct,
        delinquent_accounts,
        hard_inquiries_6m,
        delinquency_rate,
        high_inquiry_flag,
        utilisation_band
    from "risklake"."silver_silver"."stg_credit"

),

joined as (

    select
        l.application_id,
        l.customer_id,
        l.application_date,
        l.annual_income_inr,
        l.loan_amount_inr,
        l.loan_term_months,
        l.employment_type,
        l.loan_purpose,
        l.credit_score,
        l.loan_to_income_ratio,
        l.collateral_coverage_ratio,
        l.credit_risk_tier,
        l.default_flag,

        -- Bureau signals (null-safe — not every applicant has a bureau record)
        coalesce(b.total_balance_inr,       0)          as bureau_total_balance_inr,
        coalesce(b.total_credit_limit_inr,  0)          as bureau_credit_limit_inr,
        coalesce(b.credit_utilisation_pct,  0)          as bureau_utilisation_pct,
        coalesce(b.delinquent_accounts,     0)          as delinquent_accounts,
        coalesce(b.hard_inquiries_6m,       0)          as hard_inquiries_6m,
        coalesce(b.delinquency_rate,        0)          as delinquency_rate,
        coalesce(b.high_inquiry_flag,       0)          as high_inquiry_flag,
        coalesce(b.utilisation_band, 'unknown')         as utilisation_band,

        -- Flag customers with no bureau record at all
        case when b.customer_id is null then 1 else 0
        end                                             as no_bureau_record_flag

    from loans l
    left join bureau b using (customer_id)

),

dti_computed as (

    select
        *,

        -- ── Monthly income ───────────────────────────────────────────────
        round(cast(annual_income_inr as numeric) / 12, 2)
                                                        as monthly_income_inr,

        -- ── New loan EMI estimate (simple flat division) ─────────────────
        case
            when loan_term_months > 0
            then round(cast(loan_amount_inr as numeric) / loan_term_months, 2)
            else null
        end                                             as estimated_monthly_emi_inr,

        -- ── Existing bureau debt monthly burden ──────────────────────────
        -- Assume outstanding balance repaid over 60 months (5 years)
        round(cast(bureau_total_balance_inr as numeric) / 60, 2)
                                                        as bureau_monthly_burden_inr

    from joined

),

dti_final as (

    select
        *,

        -- ── Total monthly debt obligation ────────────────────────────────
        coalesce(estimated_monthly_emi_inr, 0)
        + coalesce(bureau_monthly_burden_inr, 0)        as total_monthly_debt_inr,

        -- ── DTI ratio ────────────────────────────────────────────────────
        case
            when monthly_income_inr > 0
            then round(
                (
                    coalesce(estimated_monthly_emi_inr,  0)
                    + coalesce(bureau_monthly_burden_inr, 0)
                ) / monthly_income_inr,
                4
            )
            else null
        end                                             as dti_ratio

    from dti_computed

),

tiered as (

    select
        *,

        -- ── DTI risk tier ────────────────────────────────────────────────
        case
            when dti_ratio is null      then 'unknown'
            when dti_ratio < 0.36       then 'low'
            when dti_ratio < 0.43       then 'moderate'
            when dti_ratio < 0.50       then 'elevated'
            else                             'high'
        end                                             as dti_risk_tier,

        -- ── Combined risk flag: high DTI + high inquiry = red flag ───────
        case
            when dti_ratio >= 0.50 and high_inquiry_flag = 1 then 1
            else 0
        end                                             as combined_risk_flag,

        -- ── Audit ───────────────────────────────────────────────────────
        current_timestamp                               as feature_computed_at

    from dti_final

)

select * from tiered
  );
  
[0m02:22:33.348719 [debug] [Thread-1 (]: Opening a new connection, currently in state closed
[0m02:22:33.397586 [debug] [Thread-4 (]: SQL status: SELECT 1000 in 0.051 seconds
[0m02:22:33.398595 [debug] [Thread-4 (]: Using postgres connection "model.risklake.feat_credit_util"
[0m02:22:33.399587 [debug] [Thread-4 (]: On model.risklake.feat_credit_util: /* {"app": "dbt", "dbt_version": "1.11.11", "profile_name": "risklake", "target_name": "dev", "node_id": "model.risklake.feat_credit_util"} */

    create unique index if not exists
  "69ff7f59a36610c3811ef5008dd8dbd4"
  on "risklake"."silver_silver"."feat_credit_util__dbt_tmp" 
  (customer_id)
  
[0m02:22:33.403602 [debug] [Thread-4 (]: SQL status: CREATE INDEX in 0.004 seconds
[0m02:22:33.406596 [debug] [Thread-4 (]: Using postgres connection "model.risklake.feat_credit_util"
[0m02:22:33.406596 [debug] [Thread-1 (]: SQL status: SELECT 1000 in 0.058 seconds
[0m02:22:33.407587 [debug] [Thread-4 (]: On model.risklake.feat_credit_util: /* {"app": "dbt", "dbt_version": "1.11.11", "profile_name": "risklake", "target_name": "dev", "node_id": "model.risklake.feat_credit_util"} */
alter table "risklake"."silver_silver"."feat_credit_util" rename to "feat_credit_util__dbt_backup"
[0m02:22:33.408216 [debug] [Thread-1 (]: Using postgres connection "model.risklake.feat_dti_ratio"
[0m02:22:33.410234 [debug] [Thread-1 (]: On model.risklake.feat_dti_ratio: /* {"app": "dbt", "dbt_version": "1.11.11", "profile_name": "risklake", "target_name": "dev", "node_id": "model.risklake.feat_dti_ratio"} */

    create unique index if not exists
  "ae3f141cf032013ebcc3ee92b6e2d96f"
  on "risklake"."silver_silver"."feat_dti_ratio__dbt_tmp" 
  (application_id)
  
[0m02:22:33.410234 [debug] [Thread-4 (]: SQL status: ALTER TABLE in 0.001 seconds
[0m02:22:33.412247 [debug] [Thread-4 (]: Using postgres connection "model.risklake.feat_credit_util"
[0m02:22:33.414262 [debug] [Thread-4 (]: On model.risklake.feat_credit_util: /* {"app": "dbt", "dbt_version": "1.11.11", "profile_name": "risklake", "target_name": "dev", "node_id": "model.risklake.feat_credit_util"} */
alter table "risklake"."silver_silver"."feat_credit_util__dbt_tmp" rename to "feat_credit_util"
[0m02:22:33.414262 [debug] [Thread-4 (]: SQL status: ALTER TABLE in 0.000 seconds
[0m02:22:33.414262 [debug] [Thread-1 (]: SQL status: CREATE INDEX in 0.004 seconds
[0m02:22:33.416281 [debug] [Thread-4 (]: On model.risklake.feat_credit_util: COMMIT
[0m02:22:33.418300 [debug] [Thread-1 (]: Using postgres connection "model.risklake.feat_dti_ratio"
[0m02:22:33.418300 [debug] [Thread-4 (]: Using postgres connection "model.risklake.feat_credit_util"
[0m02:22:33.418300 [debug] [Thread-1 (]: On model.risklake.feat_dti_ratio: /* {"app": "dbt", "dbt_version": "1.11.11", "profile_name": "risklake", "target_name": "dev", "node_id": "model.risklake.feat_dti_ratio"} */

    create  index if not exists
  "c92a62ced9330d9464bfdb908c624489"
  on "risklake"."silver_silver"."feat_dti_ratio__dbt_tmp" 
  (customer_id)
  
[0m02:22:33.418300 [debug] [Thread-4 (]: On model.risklake.feat_credit_util: COMMIT
[0m02:22:33.423946 [debug] [Thread-4 (]: SQL status: COMMIT in 0.003 seconds
[0m02:22:33.424469 [debug] [Thread-4 (]: Applying DROP to: "risklake"."silver_silver"."feat_credit_util__dbt_backup"
[0m02:22:33.427160 [debug] [Thread-1 (]: SQL status: CREATE INDEX in 0.006 seconds
[0m02:22:33.427160 [debug] [Thread-4 (]: Using postgres connection "model.risklake.feat_credit_util"
[0m02:22:33.431187 [debug] [Thread-1 (]: Using postgres connection "model.risklake.feat_dti_ratio"
[0m02:22:33.431187 [debug] [Thread-4 (]: On model.risklake.feat_credit_util: /* {"app": "dbt", "dbt_version": "1.11.11", "profile_name": "risklake", "target_name": "dev", "node_id": "model.risklake.feat_credit_util"} */
drop table if exists "risklake"."silver_silver"."feat_credit_util__dbt_backup" cascade
[0m02:22:33.431187 [debug] [Thread-1 (]: On model.risklake.feat_dti_ratio: /* {"app": "dbt", "dbt_version": "1.11.11", "profile_name": "risklake", "target_name": "dev", "node_id": "model.risklake.feat_dti_ratio"} */
alter table "risklake"."silver_silver"."feat_dti_ratio" rename to "feat_dti_ratio__dbt_backup"
[0m02:22:33.433197 [debug] [Thread-1 (]: SQL status: ALTER TABLE in 0.000 seconds
[0m02:22:33.437222 [debug] [Thread-1 (]: Using postgres connection "model.risklake.feat_dti_ratio"
[0m02:22:33.438974 [debug] [Thread-1 (]: On model.risklake.feat_dti_ratio: /* {"app": "dbt", "dbt_version": "1.11.11", "profile_name": "risklake", "target_name": "dev", "node_id": "model.risklake.feat_dti_ratio"} */
alter table "risklake"."silver_silver"."feat_dti_ratio__dbt_tmp" rename to "feat_dti_ratio"
[0m02:22:33.438974 [debug] [Thread-1 (]: SQL status: ALTER TABLE in 0.000 seconds
[0m02:22:33.440993 [debug] [Thread-1 (]: On model.risklake.feat_dti_ratio: COMMIT
[0m02:22:33.440993 [debug] [Thread-4 (]: SQL status: DROP TABLE in 0.009 seconds
[0m02:22:33.443008 [debug] [Thread-1 (]: Using postgres connection "model.risklake.feat_dti_ratio"
[0m02:22:33.445020 [debug] [Thread-4 (]: On model.risklake.feat_credit_util: Close
[0m02:22:33.445020 [debug] [Thread-1 (]: On model.risklake.feat_dti_ratio: COMMIT
[0m02:22:33.445020 [debug] [Thread-4 (]: Sending event: {'category': 'dbt', 'action': 'run_model', 'label': '03ea5d37-3a1d-4324-a76d-758a5028ffc8', 'context': [<snowplow_tracker.self_describing_json.SelfDescribingJson object at 0x0000022257F234D0>]}
[0m02:22:33.447030 [info ] [Thread-4 (]: 3 of 4 OK created sql table model silver_silver.feat_credit_util ............... [[32mSELECT 1000[0m in 0.12s]
[0m02:22:33.447030 [debug] [Thread-4 (]: Finished running node model.risklake.feat_credit_util
[0m02:22:33.447030 [debug] [Thread-1 (]: SQL status: COMMIT in 0.002 seconds
[0m02:22:33.451899 [debug] [Thread-1 (]: Applying DROP to: "risklake"."silver_silver"."feat_dti_ratio__dbt_backup"
[0m02:22:33.453909 [debug] [Thread-1 (]: Using postgres connection "model.risklake.feat_dti_ratio"
[0m02:22:33.453909 [debug] [Thread-1 (]: On model.risklake.feat_dti_ratio: /* {"app": "dbt", "dbt_version": "1.11.11", "profile_name": "risklake", "target_name": "dev", "node_id": "model.risklake.feat_dti_ratio"} */
drop table if exists "risklake"."silver_silver"."feat_dti_ratio__dbt_backup" cascade
[0m02:22:33.459948 [debug] [Thread-1 (]: SQL status: DROP TABLE in 0.006 seconds
[0m02:22:33.461967 [debug] [Thread-1 (]: On model.risklake.feat_dti_ratio: Close
[0m02:22:33.463988 [debug] [Thread-1 (]: Sending event: {'category': 'dbt', 'action': 'run_model', 'label': '03ea5d37-3a1d-4324-a76d-758a5028ffc8', 'context': [<snowplow_tracker.self_describing_json.SelfDescribingJson object at 0x00000222586E9150>]}
[0m02:22:33.463988 [info ] [Thread-1 (]: 4 of 4 OK created sql table model silver_silver.feat_dti_ratio ................. [[32mSELECT 1000[0m in 0.14s]
[0m02:22:33.466443 [debug] [Thread-1 (]: Finished running node model.risklake.feat_dti_ratio
[0m02:22:33.468508 [debug] [MainThread]: On master: COMMIT
[0m02:22:33.468508 [debug] [MainThread]: Using postgres connection "master"
[0m02:22:33.468508 [debug] [MainThread]: On master: COMMIT
[0m02:22:33.468508 [debug] [MainThread]: Opening a new connection, currently in state closed
[0m02:22:33.518558 [debug] [MainThread]: SQL status: COMMIT in 0.054 seconds
[0m02:22:33.518558 [debug] [MainThread]: On master: Close
[0m02:22:33.518558 [debug] [MainThread]: Connection 'master' was properly closed.
[0m02:22:33.518558 [debug] [MainThread]: Connection 'list_risklake' was properly closed.
[0m02:22:33.518558 [debug] [MainThread]: Connection 'list_risklake_silver_silver' was properly closed.
[0m02:22:33.518558 [debug] [MainThread]: Connection 'model.risklake.feat_dti_ratio' was properly closed.
[0m02:22:33.518558 [debug] [MainThread]: Connection 'model.risklake.stg_loans' was properly closed.
[0m02:22:33.527861 [debug] [MainThread]: Connection 'model.risklake.feat_credit_util' was properly closed.
[0m02:22:33.527861 [info ] [MainThread]: 
[0m02:22:33.530603 [info ] [MainThread]: Finished running 4 table models in 0 hours 0 minutes and 0.62 seconds (0.62s).
[0m02:22:33.530603 [debug] [MainThread]: Command end result
[0m02:22:33.562947 [debug] [MainThread]: Wrote artifact WritableManifest to C:\Users\rande\OneDrive\Desktop\risklake\risklake\backend\dbt\target\manifest.json
[0m02:22:33.562947 [debug] [MainThread]: Wrote artifact SemanticManifest to C:\Users\rande\OneDrive\Desktop\risklake\risklake\backend\dbt\target\semantic_manifest.json
[0m02:22:33.567721 [debug] [MainThread]: Wrote artifact RunExecutionResult to C:\Users\rande\OneDrive\Desktop\risklake\risklake\backend\dbt\target\run_results.json
[0m02:22:33.567721 [info ] [MainThread]: 
[0m02:22:33.567721 [info ] [MainThread]: [32mCompleted successfully[0m
[0m02:22:33.567721 [info ] [MainThread]: 
[0m02:22:33.567721 [info ] [MainThread]: Done. PASS=4 WARN=0 ERROR=0 SKIP=0 NO-OP=0 TOTAL=4
[0m02:22:33.567721 [debug] [MainThread]: Command `dbt run` succeeded at 02:22:33.567721 after 1.35 seconds
[0m02:22:33.567721 [debug] [MainThread]: Sending event: {'category': 'dbt', 'action': 'invocation', 'label': 'end', 'context': [<snowplow_tracker.self_describing_json.SelfDescribingJson object at 0x0000022257D30C10>, <snowplow_tracker.self_describing_json.SelfDescribingJson object at 0x00000222501EEE50>, <snowplow_tracker.self_describing_json.SelfDescribingJson object at 0x0000022250173B10>]}
[0m02:22:33.567721 [debug] [MainThread]: Flushing usage events
[0m02:22:34.925374 [debug] [MainThread]: An error was encountered while trying to flush usage events
[0m02:22:36.879963 [debug] [MainThread]: Sending event: {'category': 'dbt', 'action': 'invocation', 'label': 'start', 'context': [<snowplow_tracker.self_describing_json.SelfDescribingJson object at 0x00000211C59F5AD0>, <snowplow_tracker.self_describing_json.SelfDescribingJson object at 0x00000211C4979A90>, <snowplow_tracker.self_describing_json.SelfDescribingJson object at 0x00000211C47C5C10>]}


============================== 02:22:36.884030 | dfe15ef4-ca8f-4c8b-b399-937e6a0667d8 ==============================
[0m02:22:36.884030 [info ] [MainThread]: Running with dbt=1.11.11
[0m02:22:36.884030 [debug] [MainThread]: running dbt with arguments {'version_check': 'True', 'no_print': 'None', 'static_parser': 'True', 'warn_error_options': 'WarnErrorOptionsV2(error=[], warn=[], silence=[])', 'target_path': 'None', 'printer_width': '80', 'write_json': 'True', 'introspect': 'True', 'log_cache_events': 'False', 'empty': 'None', 'cache_selected_only': 'False', 'log_format': 'default', 'debug': 'False', 'fail_fast': 'False', 'profiles_dir': 'C:\\Users\\rande\\OneDrive\\Desktop\\risklake\\risklake\\backend\\dbt', 'send_anonymous_usage_stats': 'True', 'quiet': 'False', 'warn_error': 'None', 'partial_parse': 'True', 'invocation_command': 'dbt test --select tag:silver', 'use_colors': 'True', 'indirect_selection': 'eager', 'use_experimental_parser': 'False', 'log_path': 'C:\\Users\\rande\\OneDrive\\Desktop\\risklake\\risklake\\backend\\dbt\\logs'}
[0m02:22:37.008817 [debug] [MainThread]: Sending event: {'category': 'dbt', 'action': 'project_id', 'label': 'dfe15ef4-ca8f-4c8b-b399-937e6a0667d8', 'context': [<snowplow_tracker.self_describing_json.SelfDescribingJson object at 0x00000211C5C23D90>]}
[0m02:22:37.049152 [debug] [MainThread]: Sending event: {'category': 'dbt', 'action': 'adapter_info', 'label': 'dfe15ef4-ca8f-4c8b-b399-937e6a0667d8', 'context': [<snowplow_tracker.self_describing_json.SelfDescribingJson object at 0x00000211C1163890>]}
[0m02:22:37.051130 [info ] [MainThread]: Registered adapter: postgres=1.10.2
[0m02:22:37.206043 [debug] [MainThread]: checksum: 30a8cc8fdcbf66701b0944d4ccce3fa46dd04b61e5df68b9f16d57b2e0e3f0be, vars: {}, profile: , target: , version: 1.11.11
[0m02:22:37.300944 [debug] [MainThread]: Partial parsing enabled: 0 files deleted, 0 files added, 0 files changed.
[0m02:22:37.300944 [debug] [MainThread]: Nothing changed, skipping partial parsing.
[0m02:22:37.300944 [debug] [MainThread]: Partial parsing enabled, no changes found, skipping parsing
[0m02:22:37.300944 [warn ] [MainThread]: [[33mWARNING[0m]: Configuration paths exist in your dbt_project.yml file which do not apply to any resources.
There are 2 unused configuration paths:
- models.risklake.gold
- models.risklake.bronze
[0m02:22:37.339463 [debug] [MainThread]: Sending event: {'category': 'dbt', 'action': 'load_project', 'label': 'dfe15ef4-ca8f-4c8b-b399-937e6a0667d8', 'context': [<snowplow_tracker.self_describing_json.SelfDescribingJson object at 0x00000211C5FA8750>]}
[0m02:22:37.440976 [debug] [MainThread]: Wrote artifact WritableManifest to C:\Users\rande\OneDrive\Desktop\risklake\risklake\backend\dbt\target\manifest.json
[0m02:22:37.440976 [debug] [MainThread]: Wrote artifact SemanticManifest to C:\Users\rande\OneDrive\Desktop\risklake\risklake\backend\dbt\target\semantic_manifest.json
[0m02:22:37.455884 [debug] [MainThread]: Sending event: {'category': 'dbt', 'action': 'resource_counts', 'label': 'dfe15ef4-ca8f-4c8b-b399-937e6a0667d8', 'context': [<snowplow_tracker.self_describing_json.SelfDescribingJson object at 0x00000211C6258110>]}
[0m02:22:37.455884 [info ] [MainThread]: Found 4 models, 45 data tests, 4 sources, 475 macros
[0m02:22:37.455884 [debug] [MainThread]: Sending event: {'category': 'dbt', 'action': 'runnable_timing', 'label': 'dfe15ef4-ca8f-4c8b-b399-937e6a0667d8', 'context': [<snowplow_tracker.self_describing_json.SelfDescribingJson object at 0x00000211C60AD090>]}
[0m02:22:37.471892 [info ] [MainThread]: 
[0m02:22:37.471892 [info ] [MainThread]: Concurrency: 4 threads (target='dev')
[0m02:22:37.471892 [info ] [MainThread]: 
[0m02:22:37.471892 [debug] [MainThread]: Acquiring new postgres connection 'master'
[0m02:22:37.477286 [debug] [ThreadPool]: Acquiring new postgres connection 'list_risklake_silver_silver'
[0m02:22:37.519618 [debug] [ThreadPool]: Using postgres connection "list_risklake_silver_silver"
[0m02:22:37.519618 [debug] [ThreadPool]: On list_risklake_silver_silver: /* {"app": "dbt", "dbt_version": "1.11.11", "profile_name": "risklake", "target_name": "dev", "connection_name": "list_risklake_silver_silver"} */
select
      'risklake' as database,
      tablename as name,
      schemaname as schema,
      'table' as type
    from pg_tables
    where schemaname ilike 'silver_silver'
    union all
    select
      'risklake' as database,
      viewname as name,
      schemaname as schema,
      'view' as type
    from pg_views
    where schemaname ilike 'silver_silver'
    union all
    select
      'risklake' as database,
      matviewname as name,
      schemaname as schema,
      'materialized_view' as type
    from pg_matviews
    where schemaname ilike 'silver_silver'
  
[0m02:22:37.519618 [debug] [ThreadPool]: Opening a new connection, currently in state init
[0m02:22:37.551837 [debug] [ThreadPool]: SQL status: SELECT 4 in 0.038 seconds
[0m02:22:37.551837 [debug] [ThreadPool]: On list_risklake_silver_silver: ROLLBACK
[0m02:22:37.551837 [debug] [ThreadPool]: On list_risklake_silver_silver: Close
[0m02:22:37.551837 [debug] [MainThread]: Using postgres connection "master"
[0m02:22:37.551837 [debug] [MainThread]: On master: /* {"app": "dbt", "dbt_version": "1.11.11", "profile_name": "risklake", "target_name": "dev", "connection_name": "master"} */
select distinct
        dependent_namespace.nspname as dependent_schema,
        dependent_class.relname as dependent_name,
        referenced_namespace.nspname as referenced_schema,
        referenced_class.relname as referenced_name

    -- Query for views: views are entries in pg_class with an entry in pg_rewrite, but we avoid
    -- a seq scan on pg_rewrite by leveraging the fact there is an "internal" row in pg_depend for
    -- the view...
    from pg_class as dependent_class
    join pg_namespace as dependent_namespace on dependent_namespace.oid = dependent_class.relnamespace
    join pg_depend as dependent_depend on dependent_depend.refobjid = dependent_class.oid
        and dependent_depend.classid = 'pg_rewrite'::regclass
        and dependent_depend.refclassid = 'pg_class'::regclass
        and dependent_depend.deptype = 'i'

    -- ... and via pg_depend (that has a row per column, hence the need for "distinct" above, and
    -- making sure to exclude the internal row to avoid a view appearing to depend on itself)...
    join pg_depend as joining_depend on joining_depend.objid = dependent_depend.objid
        and joining_depend.classid = 'pg_rewrite'::regclass
        and joining_depend.refclassid = 'pg_class'::regclass
        and joining_depend.refobjid != dependent_depend.refobjid

    -- ... we can find the tables they query from in pg_class, but excluding system tables. Note we
    -- don't need need to exclude _dependent_ system tables, because they only query from other
    -- system tables, and so are automatically excluded by excluding _referenced_ system tables
    join pg_class as referenced_class on referenced_class.oid = joining_depend.refobjid
    join pg_namespace as referenced_namespace on referenced_namespace.oid = referenced_class.relnamespace
        and referenced_namespace.nspname != 'information_schema'
        and referenced_namespace.nspname not like 'pg\_%'

    order by
        dependent_schema, dependent_name, referenced_schema, referenced_name;
[0m02:22:37.567284 [debug] [MainThread]: Opening a new connection, currently in state init
[0m02:22:37.599502 [debug] [MainThread]: SQL status: SELECT 0 in 0.035 seconds
[0m02:22:37.599502 [debug] [MainThread]: Sending event: {'category': 'dbt', 'action': 'runnable_timing', 'label': 'dfe15ef4-ca8f-4c8b-b399-937e6a0667d8', 'context': [<snowplow_tracker.self_describing_json.SelfDescribingJson object at 0x00000211C64F8610>]}
[0m02:22:37.599502 [debug] [MainThread]: On master: ROLLBACK
[0m02:22:37.599502 [debug] [MainThread]: On master: COMMIT
[0m02:22:37.599502 [debug] [MainThread]: Using postgres connection "master"
[0m02:22:37.599502 [debug] [MainThread]: On master: COMMIT
[0m02:22:37.599502 [debug] [MainThread]: SQL status: COMMIT in 0.000 seconds
[0m02:22:37.599502 [debug] [MainThread]: On master: Close
[0m02:22:37.599502 [debug] [Thread-1 (]: Began running node test.risklake.accepted_values_feat_credit_util_balance_trend_flag__0__1.7c45b1b58a
[0m02:22:37.599502 [debug] [Thread-2 (]: Began running node test.risklake.accepted_values_feat_credit_util_utilisation_change_flag__0__1.8f9afad0c1
[0m02:22:37.599502 [debug] [Thread-3 (]: Began running node test.risklake.accepted_values_feat_dti_ratio_combined_risk_flag__0__1.6ed231a942
[0m02:22:37.599502 [debug] [Thread-4 (]: Began running node test.risklake.accepted_values_feat_dti_ratio_dti_risk_tier__low__moderate__elevated__high__unknown.1a84f67997
[0m02:22:37.599502 [info ] [Thread-1 (]: 1 of 28 START test accepted_values_feat_credit_util_balance_trend_flag__0__1 ... [RUN]
[0m02:22:37.599502 [info ] [Thread-2 (]: 2 of 28 START test accepted_values_feat_credit_util_utilisation_change_flag__0__1  [RUN]
[0m02:22:37.599502 [info ] [Thread-3 (]: 3 of 28 START test accepted_values_feat_dti_ratio_combined_risk_flag__0__1 ..... [RUN]
[0m02:22:37.599502 [info ] [Thread-4 (]: 4 of 28 START test accepted_values_feat_dti_ratio_dti_risk_tier__low__moderate__elevated__high__unknown  [RUN]
[0m02:22:37.615250 [debug] [Thread-1 (]: Acquiring new postgres connection 'test.risklake.accepted_values_feat_credit_util_balance_trend_flag__0__1.7c45b1b58a'
[0m02:22:37.616011 [debug] [Thread-2 (]: Acquiring new postgres connection 'test.risklake.accepted_values_feat_credit_util_utilisation_change_flag__0__1.8f9afad0c1'
[0m02:22:37.616523 [debug] [Thread-3 (]: Acquiring new postgres connection 'test.risklake.accepted_values_feat_dti_ratio_combined_risk_flag__0__1.6ed231a942'
[0m02:22:37.616523 [debug] [Thread-4 (]: Acquiring new postgres connection 'test.risklake.accepted_values_feat_dti_ratio_dti_risk_tier__low__moderate__elevated__high__unknown.1a84f67997'
[0m02:22:37.616523 [debug] [Thread-1 (]: Began compiling node test.risklake.accepted_values_feat_credit_util_balance_trend_flag__0__1.7c45b1b58a
[0m02:22:37.616523 [debug] [Thread-2 (]: Began compiling node test.risklake.accepted_values_feat_credit_util_utilisation_change_flag__0__1.8f9afad0c1
[0m02:22:37.616523 [debug] [Thread-3 (]: Began compiling node test.risklake.accepted_values_feat_dti_ratio_combined_risk_flag__0__1.6ed231a942
[0m02:22:37.616523 [debug] [Thread-4 (]: Began compiling node test.risklake.accepted_values_feat_dti_ratio_dti_risk_tier__low__moderate__elevated__high__unknown.1a84f67997
[0m02:22:37.616523 [debug] [Thread-1 (]: Writing injected SQL for node "test.risklake.accepted_values_feat_credit_util_balance_trend_flag__0__1.7c45b1b58a"
[0m02:22:37.632102 [debug] [Thread-2 (]: Writing injected SQL for node "test.risklake.accepted_values_feat_credit_util_utilisation_change_flag__0__1.8f9afad0c1"
[0m02:22:37.632102 [debug] [Thread-3 (]: Writing injected SQL for node "test.risklake.accepted_values_feat_dti_ratio_combined_risk_flag__0__1.6ed231a942"
[0m02:22:37.632102 [debug] [Thread-4 (]: Writing injected SQL for node "test.risklake.accepted_values_feat_dti_ratio_dti_risk_tier__low__moderate__elevated__high__unknown.1a84f67997"
[0m02:22:37.641825 [debug] [Thread-1 (]: Began executing node test.risklake.accepted_values_feat_credit_util_balance_trend_flag__0__1.7c45b1b58a
[0m02:22:37.642887 [debug] [Thread-3 (]: Began executing node test.risklake.accepted_values_feat_dti_ratio_combined_risk_flag__0__1.6ed231a942
[0m02:22:37.642887 [debug] [Thread-2 (]: Began executing node test.risklake.accepted_values_feat_credit_util_utilisation_change_flag__0__1.8f9afad0c1
[0m02:22:37.655902 [debug] [Thread-1 (]: Writing runtime sql for node "test.risklake.accepted_values_feat_credit_util_balance_trend_flag__0__1.7c45b1b58a"
[0m02:22:37.655902 [debug] [Thread-4 (]: Began executing node test.risklake.accepted_values_feat_dti_ratio_dti_risk_tier__low__moderate__elevated__high__unknown.1a84f67997
[0m02:22:37.657910 [debug] [Thread-3 (]: Writing runtime sql for node "test.risklake.accepted_values_feat_dti_ratio_combined_risk_flag__0__1.6ed231a942"
[0m02:22:37.658385 [debug] [Thread-2 (]: Writing runtime sql for node "test.risklake.accepted_values_feat_credit_util_utilisation_change_flag__0__1.8f9afad0c1"
[0m02:22:37.658385 [debug] [Thread-4 (]: Writing runtime sql for node "test.risklake.accepted_values_feat_dti_ratio_dti_risk_tier__low__moderate__elevated__high__unknown.1a84f67997"
[0m02:22:37.658385 [debug] [Thread-1 (]: Using postgres connection "test.risklake.accepted_values_feat_credit_util_balance_trend_flag__0__1.7c45b1b58a"
[0m02:22:37.667536 [debug] [Thread-3 (]: Using postgres connection "test.risklake.accepted_values_feat_dti_ratio_combined_risk_flag__0__1.6ed231a942"
[0m02:22:37.668512 [debug] [Thread-2 (]: Using postgres connection "test.risklake.accepted_values_feat_credit_util_utilisation_change_flag__0__1.8f9afad0c1"
[0m02:22:37.668512 [debug] [Thread-1 (]: On test.risklake.accepted_values_feat_credit_util_balance_trend_flag__0__1.7c45b1b58a: /* {"app": "dbt", "dbt_version": "1.11.11", "profile_name": "risklake", "target_name": "dev", "node_id": "test.risklake.accepted_values_feat_credit_util_balance_trend_flag__0__1.7c45b1b58a"} */

    
    select
      count(*) as failures,
      count(*) != 0 as should_warn,
      count(*) != 0 as should_error
    from (
      
    
  
    
    

with all_values as (

    select
        balance_trend_flag as value_field,
        count(*) as n_records

    from "risklake"."silver_silver"."feat_credit_util"
    group by balance_trend_flag

)

select *
from all_values
where value_field not in (
    '0','1'
)



  
  
      
    ) dbt_internal_test
[0m02:22:37.668512 [debug] [Thread-3 (]: On test.risklake.accepted_values_feat_dti_ratio_combined_risk_flag__0__1.6ed231a942: /* {"app": "dbt", "dbt_version": "1.11.11", "profile_name": "risklake", "target_name": "dev", "node_id": "test.risklake.accepted_values_feat_dti_ratio_combined_risk_flag__0__1.6ed231a942"} */

    
    select
      count(*) as failures,
      count(*) != 0 as should_warn,
      count(*) != 0 as should_error
    from (
      
    
  
    
    

with all_values as (

    select
        combined_risk_flag as value_field,
        count(*) as n_records

    from "risklake"."silver_silver"."feat_dti_ratio"
    group by combined_risk_flag

)

select *
from all_values
where value_field not in (
    '0','1'
)



  
  
      
    ) dbt_internal_test
[0m02:22:37.668512 [debug] [Thread-4 (]: Using postgres connection "test.risklake.accepted_values_feat_dti_ratio_dti_risk_tier__low__moderate__elevated__high__unknown.1a84f67997"
[0m02:22:37.673835 [debug] [Thread-2 (]: On test.risklake.accepted_values_feat_credit_util_utilisation_change_flag__0__1.8f9afad0c1: /* {"app": "dbt", "dbt_version": "1.11.11", "profile_name": "risklake", "target_name": "dev", "node_id": "test.risklake.accepted_values_feat_credit_util_utilisation_change_flag__0__1.8f9afad0c1"} */

    
    select
      count(*) as failures,
      count(*) != 0 as should_warn,
      count(*) != 0 as should_error
    from (
      
    
  
    
    

with all_values as (

    select
        utilisation_change_flag as value_field,
        count(*) as n_records

    from "risklake"."silver_silver"."feat_credit_util"
    group by utilisation_change_flag

)

select *
from all_values
where value_field not in (
    '0','1'
)



  
  
      
    ) dbt_internal_test
[0m02:22:37.673835 [debug] [Thread-1 (]: Opening a new connection, currently in state init
[0m02:22:37.673835 [debug] [Thread-3 (]: Opening a new connection, currently in state init
[0m02:22:37.673835 [debug] [Thread-4 (]: On test.risklake.accepted_values_feat_dti_ratio_dti_risk_tier__low__moderate__elevated__high__unknown.1a84f67997: /* {"app": "dbt", "dbt_version": "1.11.11", "profile_name": "risklake", "target_name": "dev", "node_id": "test.risklake.accepted_values_feat_dti_ratio_dti_risk_tier__low__moderate__elevated__high__unknown.1a84f67997"} */

    
    select
      count(*) as failures,
      count(*) != 0 as should_warn,
      count(*) != 0 as should_error
    from (
      
    
  
    
    

with all_values as (

    select
        dti_risk_tier as value_field,
        count(*) as n_records

    from "risklake"."silver_silver"."feat_dti_ratio"
    group by dti_risk_tier

)

select *
from all_values
where value_field not in (
    'low','moderate','elevated','high','unknown'
)



  
  
      
    ) dbt_internal_test
[0m02:22:37.673835 [debug] [Thread-2 (]: Opening a new connection, currently in state init
[0m02:22:37.673835 [debug] [Thread-4 (]: Opening a new connection, currently in state init
[0m02:22:37.736464 [debug] [Thread-1 (]: SQL status: SELECT 1 in 0.070 seconds
[0m02:22:37.736464 [debug] [Thread-1 (]: On test.risklake.accepted_values_feat_credit_util_balance_trend_flag__0__1.7c45b1b58a: ROLLBACK
[0m02:22:37.736464 [debug] [Thread-1 (]: On test.risklake.accepted_values_feat_credit_util_balance_trend_flag__0__1.7c45b1b58a: Close
[0m02:22:37.736464 [info ] [Thread-1 (]: 1 of 28 PASS accepted_values_feat_credit_util_balance_trend_flag__0__1 ......... [[32mPASS[0m in 0.12s]
[0m02:22:37.752146 [debug] [Thread-1 (]: Finished running node test.risklake.accepted_values_feat_credit_util_balance_trend_flag__0__1.7c45b1b58a
[0m02:22:37.752813 [debug] [Thread-1 (]: Began running node test.risklake.accepted_values_stg_credit_credit_age_band__new__developing__established__mature.0cee583a2e
[0m02:22:37.752813 [info ] [Thread-1 (]: 5 of 28 START test accepted_values_stg_credit_credit_age_band__new__developing__established__mature  [RUN]
[0m02:22:37.752813 [debug] [Thread-1 (]: Re-using an available connection from the pool (formerly test.risklake.accepted_values_feat_credit_util_balance_trend_flag__0__1.7c45b1b58a, now test.risklake.accepted_values_stg_credit_credit_age_band__new__developing__established__mature.0cee583a2e)
[0m02:22:37.752813 [debug] [Thread-1 (]: Began compiling node test.risklake.accepted_values_stg_credit_credit_age_band__new__developing__established__mature.0cee583a2e
[0m02:22:37.759872 [debug] [Thread-1 (]: Writing injected SQL for node "test.risklake.accepted_values_stg_credit_credit_age_band__new__developing__established__mature.0cee583a2e"
[0m02:22:37.759872 [debug] [Thread-2 (]: SQL status: SELECT 1 in 0.083 seconds
[0m02:22:37.761893 [debug] [Thread-2 (]: On test.risklake.accepted_values_feat_credit_util_utilisation_change_flag__0__1.8f9afad0c1: ROLLBACK
[0m02:22:37.761893 [debug] [Thread-3 (]: SQL status: SELECT 1 in 0.088 seconds
[0m02:22:37.763912 [debug] [Thread-4 (]: SQL status: SELECT 1 in 0.083 seconds
[0m02:22:37.763912 [debug] [Thread-2 (]: On test.risklake.accepted_values_feat_credit_util_utilisation_change_flag__0__1.8f9afad0c1: Close
[0m02:22:37.763912 [debug] [Thread-1 (]: Began executing node test.risklake.accepted_values_stg_credit_credit_age_band__new__developing__established__mature.0cee583a2e
[0m02:22:37.765930 [debug] [Thread-3 (]: On test.risklake.accepted_values_feat_dti_ratio_combined_risk_flag__0__1.6ed231a942: ROLLBACK
[0m02:22:37.765930 [debug] [Thread-4 (]: On test.risklake.accepted_values_feat_dti_ratio_dti_risk_tier__low__moderate__elevated__high__unknown.1a84f67997: ROLLBACK
[0m02:22:37.765930 [info ] [Thread-2 (]: 2 of 28 PASS accepted_values_feat_credit_util_utilisation_change_flag__0__1 .... [[32mPASS[0m in 0.15s]
[0m02:22:37.767945 [debug] [Thread-1 (]: Writing runtime sql for node "test.risklake.accepted_values_stg_credit_credit_age_band__new__developing__established__mature.0cee583a2e"
[0m02:22:37.767945 [debug] [Thread-3 (]: On test.risklake.accepted_values_feat_dti_ratio_combined_risk_flag__0__1.6ed231a942: Close
[0m02:22:37.771304 [debug] [Thread-4 (]: On test.risklake.accepted_values_feat_dti_ratio_dti_risk_tier__low__moderate__elevated__high__unknown.1a84f67997: Close
[0m02:22:37.771304 [debug] [Thread-2 (]: Finished running node test.risklake.accepted_values_feat_credit_util_utilisation_change_flag__0__1.8f9afad0c1
[0m02:22:37.771304 [info ] [Thread-3 (]: 3 of 28 PASS accepted_values_feat_dti_ratio_combined_risk_flag__0__1 ........... [[32mPASS[0m in 0.15s]
[0m02:22:37.771304 [info ] [Thread-4 (]: 4 of 28 PASS accepted_values_feat_dti_ratio_dti_risk_tier__low__moderate__elevated__high__unknown  [[32mPASS[0m in 0.15s]
[0m02:22:37.774185 [debug] [Thread-1 (]: Using postgres connection "test.risklake.accepted_values_stg_credit_credit_age_band__new__developing__established__mature.0cee583a2e"
[0m02:22:37.774185 [debug] [Thread-2 (]: Began running node test.risklake.accepted_values_stg_credit_high_inquiry_flag__0__1.86c90870b2
[0m02:22:37.774185 [debug] [Thread-3 (]: Finished running node test.risklake.accepted_values_feat_dti_ratio_combined_risk_flag__0__1.6ed231a942
[0m02:22:37.774185 [debug] [Thread-4 (]: Finished running node test.risklake.accepted_values_feat_dti_ratio_dti_risk_tier__low__moderate__elevated__high__unknown.1a84f67997
[0m02:22:37.774185 [debug] [Thread-1 (]: On test.risklake.accepted_values_stg_credit_credit_age_band__new__developing__established__mature.0cee583a2e: /* {"app": "dbt", "dbt_version": "1.11.11", "profile_name": "risklake", "target_name": "dev", "node_id": "test.risklake.accepted_values_stg_credit_credit_age_band__new__developing__established__mature.0cee583a2e"} */

    
    select
      count(*) as failures,
      count(*) != 0 as should_warn,
      count(*) != 0 as should_error
    from (
      
    
  
    
    

with all_values as (

    select
        credit_age_band as value_field,
        count(*) as n_records

    from "risklake"."silver_silver"."stg_credit"
    group by credit_age_band

)

select *
from all_values
where value_field not in (
    'new','developing','established','mature'
)



  
  
      
    ) dbt_internal_test
[0m02:22:37.774185 [info ] [Thread-2 (]: 6 of 28 START test accepted_values_stg_credit_high_inquiry_flag__0__1 .......... [RUN]
[0m02:22:37.774185 [debug] [Thread-3 (]: Began running node test.risklake.accepted_values_stg_credit_utilisation_band__low__medium__high__maxed_out.c667dd2874
[0m02:22:37.774185 [debug] [Thread-4 (]: Began running node test.risklake.accepted_values_stg_loans_credit_risk_tier__low__medium__high__very_high.7cc0bfe0fb
[0m02:22:37.774185 [debug] [Thread-1 (]: Opening a new connection, currently in state closed
[0m02:22:37.774185 [debug] [Thread-2 (]: Re-using an available connection from the pool (formerly test.risklake.accepted_values_feat_credit_util_utilisation_change_flag__0__1.8f9afad0c1, now test.risklake.accepted_values_stg_credit_high_inquiry_flag__0__1.86c90870b2)
[0m02:22:37.774185 [info ] [Thread-3 (]: 7 of 28 START test accepted_values_stg_credit_utilisation_band__low__medium__high__maxed_out  [RUN]
[0m02:22:37.774185 [info ] [Thread-4 (]: 8 of 28 START test accepted_values_stg_loans_credit_risk_tier__low__medium__high__very_high  [RUN]
[0m02:22:37.774185 [debug] [Thread-2 (]: Began compiling node test.risklake.accepted_values_stg_credit_high_inquiry_flag__0__1.86c90870b2
[0m02:22:37.783728 [debug] [Thread-3 (]: Re-using an available connection from the pool (formerly test.risklake.accepted_values_feat_dti_ratio_combined_risk_flag__0__1.6ed231a942, now test.risklake.accepted_values_stg_credit_utilisation_band__low__medium__high__maxed_out.c667dd2874)
[0m02:22:37.783728 [debug] [Thread-4 (]: Re-using an available connection from the pool (formerly test.risklake.accepted_values_feat_dti_ratio_dti_risk_tier__low__moderate__elevated__high__unknown.1a84f67997, now test.risklake.accepted_values_stg_loans_credit_risk_tier__low__medium__high__very_high.7cc0bfe0fb)
[0m02:22:37.783728 [debug] [Thread-2 (]: Writing injected SQL for node "test.risklake.accepted_values_stg_credit_high_inquiry_flag__0__1.86c90870b2"
[0m02:22:37.783728 [debug] [Thread-3 (]: Began compiling node test.risklake.accepted_values_stg_credit_utilisation_band__low__medium__high__maxed_out.c667dd2874
[0m02:22:37.789695 [debug] [Thread-4 (]: Began compiling node test.risklake.accepted_values_stg_loans_credit_risk_tier__low__medium__high__very_high.7cc0bfe0fb
[0m02:22:37.797869 [debug] [Thread-3 (]: Writing injected SQL for node "test.risklake.accepted_values_stg_credit_utilisation_band__low__medium__high__maxed_out.c667dd2874"
[0m02:22:37.801641 [debug] [Thread-4 (]: Writing injected SQL for node "test.risklake.accepted_values_stg_loans_credit_risk_tier__low__medium__high__very_high.7cc0bfe0fb"
[0m02:22:37.803652 [debug] [Thread-2 (]: Began executing node test.risklake.accepted_values_stg_credit_high_inquiry_flag__0__1.86c90870b2
[0m02:22:37.803652 [debug] [Thread-3 (]: Began executing node test.risklake.accepted_values_stg_credit_utilisation_band__low__medium__high__maxed_out.c667dd2874
[0m02:22:37.807557 [debug] [Thread-2 (]: Writing runtime sql for node "test.risklake.accepted_values_stg_credit_high_inquiry_flag__0__1.86c90870b2"
[0m02:22:37.807557 [debug] [Thread-4 (]: Began executing node test.risklake.accepted_values_stg_loans_credit_risk_tier__low__medium__high__very_high.7cc0bfe0fb
[0m02:22:37.807557 [debug] [Thread-3 (]: Writing runtime sql for node "test.risklake.accepted_values_stg_credit_utilisation_band__low__medium__high__maxed_out.c667dd2874"
[0m02:22:37.814467 [debug] [Thread-4 (]: Writing runtime sql for node "test.risklake.accepted_values_stg_loans_credit_risk_tier__low__medium__high__very_high.7cc0bfe0fb"
[0m02:22:37.815485 [debug] [Thread-2 (]: Using postgres connection "test.risklake.accepted_values_stg_credit_high_inquiry_flag__0__1.86c90870b2"
[0m02:22:37.815485 [debug] [Thread-3 (]: Using postgres connection "test.risklake.accepted_values_stg_credit_utilisation_band__low__medium__high__maxed_out.c667dd2874"
[0m02:22:37.815485 [debug] [Thread-2 (]: On test.risklake.accepted_values_stg_credit_high_inquiry_flag__0__1.86c90870b2: /* {"app": "dbt", "dbt_version": "1.11.11", "profile_name": "risklake", "target_name": "dev", "node_id": "test.risklake.accepted_values_stg_credit_high_inquiry_flag__0__1.86c90870b2"} */

    
    select
      count(*) as failures,
      count(*) != 0 as should_warn,
      count(*) != 0 as should_error
    from (
      
    
  
    
    

with all_values as (

    select
        high_inquiry_flag as value_field,
        count(*) as n_records

    from "risklake"."silver_silver"."stg_credit"
    group by high_inquiry_flag

)

select *
from all_values
where value_field not in (
    '0','1'
)



  
  
      
    ) dbt_internal_test
[0m02:22:37.819172 [debug] [Thread-4 (]: Using postgres connection "test.risklake.accepted_values_stg_loans_credit_risk_tier__low__medium__high__very_high.7cc0bfe0fb"
[0m02:22:37.819172 [debug] [Thread-3 (]: On test.risklake.accepted_values_stg_credit_utilisation_band__low__medium__high__maxed_out.c667dd2874: /* {"app": "dbt", "dbt_version": "1.11.11", "profile_name": "risklake", "target_name": "dev", "node_id": "test.risklake.accepted_values_stg_credit_utilisation_band__low__medium__high__maxed_out.c667dd2874"} */

    
    select
      count(*) as failures,
      count(*) != 0 as should_warn,
      count(*) != 0 as should_error
    from (
      
    
  
    
    

with all_values as (

    select
        utilisation_band as value_field,
        count(*) as n_records

    from "risklake"."silver_silver"."stg_credit"
    group by utilisation_band

)

select *
from all_values
where value_field not in (
    'low','medium','high','maxed_out'
)



  
  
      
    ) dbt_internal_test
[0m02:22:37.819172 [debug] [Thread-2 (]: Opening a new connection, currently in state closed
[0m02:22:37.819172 [debug] [Thread-4 (]: On test.risklake.accepted_values_stg_loans_credit_risk_tier__low__medium__high__very_high.7cc0bfe0fb: /* {"app": "dbt", "dbt_version": "1.11.11", "profile_name": "risklake", "target_name": "dev", "node_id": "test.risklake.accepted_values_stg_loans_credit_risk_tier__low__medium__high__very_high.7cc0bfe0fb"} */

    
    select
      count(*) as failures,
      count(*) != 0 as should_warn,
      count(*) != 0 as should_error
    from (
      
    
  
    
    

with all_values as (

    select
        credit_risk_tier as value_field,
        count(*) as n_records

    from "risklake"."silver_silver"."stg_loans"
    group by credit_risk_tier

)

select *
from all_values
where value_field not in (
    'low','medium','high','very_high'
)



  
  
      
    ) dbt_internal_test
[0m02:22:37.819172 [debug] [Thread-3 (]: Opening a new connection, currently in state closed
[0m02:22:37.819172 [debug] [Thread-4 (]: Opening a new connection, currently in state closed
[0m02:22:37.824670 [debug] [Thread-1 (]: SQL status: SELECT 1 in 0.045 seconds
[0m02:22:37.825722 [debug] [Thread-1 (]: On test.risklake.accepted_values_stg_credit_credit_age_band__new__developing__established__mature.0cee583a2e: ROLLBACK
[0m02:22:37.825722 [debug] [Thread-1 (]: On test.risklake.accepted_values_stg_credit_credit_age_band__new__developing__established__mature.0cee583a2e: Close
[0m02:22:37.825722 [info ] [Thread-1 (]: 5 of 28 PASS accepted_values_stg_credit_credit_age_band__new__developing__established__mature  [[32mPASS[0m in 0.07s]
[0m02:22:37.825722 [debug] [Thread-1 (]: Finished running node test.risklake.accepted_values_stg_credit_credit_age_band__new__developing__established__mature.0cee583a2e
[0m02:22:37.825722 [debug] [Thread-1 (]: Began running node test.risklake.accepted_values_stg_loans_default_flag__0__1.b7c24e5dcc
[0m02:22:37.830225 [info ] [Thread-1 (]: 9 of 28 START test accepted_values_stg_loans_default_flag__0__1 ................ [RUN]
[0m02:22:37.830225 [debug] [Thread-1 (]: Re-using an available connection from the pool (formerly test.risklake.accepted_values_stg_credit_credit_age_band__new__developing__established__mature.0cee583a2e, now test.risklake.accepted_values_stg_loans_default_flag__0__1.b7c24e5dcc)
[0m02:22:37.831237 [debug] [Thread-1 (]: Began compiling node test.risklake.accepted_values_stg_loans_default_flag__0__1.b7c24e5dcc
[0m02:22:37.835955 [debug] [Thread-1 (]: Writing injected SQL for node "test.risklake.accepted_values_stg_loans_default_flag__0__1.b7c24e5dcc"
[0m02:22:37.836850 [debug] [Thread-1 (]: Began executing node test.risklake.accepted_values_stg_loans_default_flag__0__1.b7c24e5dcc
[0m02:22:37.840183 [debug] [Thread-1 (]: Writing runtime sql for node "test.risklake.accepted_values_stg_loans_default_flag__0__1.b7c24e5dcc"
[0m02:22:37.842192 [debug] [Thread-1 (]: Using postgres connection "test.risklake.accepted_values_stg_loans_default_flag__0__1.b7c24e5dcc"
[0m02:22:37.844199 [debug] [Thread-1 (]: On test.risklake.accepted_values_stg_loans_default_flag__0__1.b7c24e5dcc: /* {"app": "dbt", "dbt_version": "1.11.11", "profile_name": "risklake", "target_name": "dev", "node_id": "test.risklake.accepted_values_stg_loans_default_flag__0__1.b7c24e5dcc"} */

    
    select
      count(*) as failures,
      count(*) != 0 as should_warn,
      count(*) != 0 as should_error
    from (
      
    
  
    
    

with all_values as (

    select
        default_flag as value_field,
        count(*) as n_records

    from "risklake"."silver_silver"."stg_loans"
    group by default_flag

)

select *
from all_values
where value_field not in (
    '0','1'
)



  
  
      
    ) dbt_internal_test
[0m02:22:37.844199 [debug] [Thread-1 (]: Opening a new connection, currently in state closed
[0m02:22:37.862402 [debug] [Thread-2 (]: SQL status: SELECT 1 in 0.046 seconds
[0m02:22:37.862402 [debug] [Thread-2 (]: On test.risklake.accepted_values_stg_credit_high_inquiry_flag__0__1.86c90870b2: ROLLBACK
[0m02:22:37.862402 [debug] [Thread-3 (]: SQL status: SELECT 1 in 0.047 seconds
[0m02:22:37.862402 [debug] [Thread-4 (]: SQL status: SELECT 1 in 0.046 seconds
[0m02:22:37.862402 [debug] [Thread-2 (]: On test.risklake.accepted_values_stg_credit_high_inquiry_flag__0__1.86c90870b2: Close
[0m02:22:37.862402 [debug] [Thread-3 (]: On test.risklake.accepted_values_stg_credit_utilisation_band__low__medium__high__maxed_out.c667dd2874: ROLLBACK
[0m02:22:37.862402 [debug] [Thread-4 (]: On test.risklake.accepted_values_stg_loans_credit_risk_tier__low__medium__high__very_high.7cc0bfe0fb: ROLLBACK
[0m02:22:37.862402 [info ] [Thread-2 (]: 6 of 28 PASS accepted_values_stg_credit_high_inquiry_flag__0__1 ................ [[32mPASS[0m in 0.09s]
[0m02:22:37.862402 [debug] [Thread-3 (]: On test.risklake.accepted_values_stg_credit_utilisation_band__low__medium__high__maxed_out.c667dd2874: Close
[0m02:22:37.862402 [debug] [Thread-4 (]: On test.risklake.accepted_values_stg_loans_credit_risk_tier__low__medium__high__very_high.7cc0bfe0fb: Close
[0m02:22:37.862402 [debug] [Thread-2 (]: Finished running node test.risklake.accepted_values_stg_credit_high_inquiry_flag__0__1.86c90870b2
[0m02:22:37.876679 [info ] [Thread-3 (]: 7 of 28 PASS accepted_values_stg_credit_utilisation_band__low__medium__high__maxed_out  [[32mPASS[0m in 0.10s]
[0m02:22:37.878403 [info ] [Thread-4 (]: 8 of 28 PASS accepted_values_stg_loans_credit_risk_tier__low__medium__high__very_high  [[32mPASS[0m in 0.09s]
[0m02:22:37.878403 [debug] [Thread-2 (]: Began running node test.risklake.accepted_values_stg_loans_employment_type__salaried__self_employed__contract__unemployed.af73b38ac0
[0m02:22:37.878403 [debug] [Thread-1 (]: SQL status: SELECT 1 in 0.035 seconds
[0m02:22:37.878403 [debug] [Thread-3 (]: Finished running node test.risklake.accepted_values_stg_credit_utilisation_band__low__medium__high__maxed_out.c667dd2874
[0m02:22:37.878403 [debug] [Thread-4 (]: Finished running node test.risklake.accepted_values_stg_loans_credit_risk_tier__low__medium__high__very_high.7cc0bfe0fb
[0m02:22:37.878403 [info ] [Thread-2 (]: 10 of 28 START test accepted_values_stg_loans_employment_type__salaried__self_employed__contract__unemployed  [RUN]
[0m02:22:37.878403 [debug] [Thread-1 (]: On test.risklake.accepted_values_stg_loans_default_flag__0__1.b7c24e5dcc: ROLLBACK
[0m02:22:37.883860 [debug] [Thread-3 (]: Began running node test.risklake.not_null_feat_credit_util_customer_id.a2bde8c2b4
[0m02:22:37.883860 [debug] [Thread-4 (]: Began running node test.risklake.not_null_feat_credit_util_feature_computed_at.675da6a8f7
[0m02:22:37.883860 [debug] [Thread-2 (]: Re-using an available connection from the pool (formerly test.risklake.accepted_values_stg_credit_high_inquiry_flag__0__1.86c90870b2, now test.risklake.accepted_values_stg_loans_employment_type__salaried__self_employed__contract__unemployed.af73b38ac0)
[0m02:22:37.885853 [info ] [Thread-3 (]: 11 of 28 START test not_null_feat_credit_util_customer_id ...................... [RUN]
[0m02:22:37.885853 [debug] [Thread-1 (]: On test.risklake.accepted_values_stg_loans_default_flag__0__1.b7c24e5dcc: Close
[0m02:22:37.885853 [info ] [Thread-4 (]: 12 of 28 START test not_null_feat_credit_util_feature_computed_at .............. [RUN]
[0m02:22:37.885853 [debug] [Thread-2 (]: Began compiling node test.risklake.accepted_values_stg_loans_employment_type__salaried__self_employed__contract__unemployed.af73b38ac0
[0m02:22:37.885853 [debug] [Thread-3 (]: Re-using an available connection from the pool (formerly test.risklake.accepted_values_stg_credit_utilisation_band__low__medium__high__maxed_out.c667dd2874, now test.risklake.not_null_feat_credit_util_customer_id.a2bde8c2b4)
[0m02:22:37.888689 [info ] [Thread-1 (]: 9 of 28 PASS accepted_values_stg_loans_default_flag__0__1 ...................... [[32mPASS[0m in 0.06s]
[0m02:22:37.888689 [debug] [Thread-4 (]: Re-using an available connection from the pool (formerly test.risklake.accepted_values_stg_loans_credit_risk_tier__low__medium__high__very_high.7cc0bfe0fb, now test.risklake.not_null_feat_credit_util_feature_computed_at.675da6a8f7)
[0m02:22:37.894045 [debug] [Thread-2 (]: Writing injected SQL for node "test.risklake.accepted_values_stg_loans_employment_type__salaried__self_employed__contract__unemployed.af73b38ac0"
[0m02:22:37.894905 [debug] [Thread-3 (]: Began compiling node test.risklake.not_null_feat_credit_util_customer_id.a2bde8c2b4
[0m02:22:37.894905 [debug] [Thread-1 (]: Finished running node test.risklake.accepted_values_stg_loans_default_flag__0__1.b7c24e5dcc
[0m02:22:37.894905 [debug] [Thread-4 (]: Began compiling node test.risklake.not_null_feat_credit_util_feature_computed_at.675da6a8f7
[0m02:22:37.896923 [debug] [Thread-2 (]: Began executing node test.risklake.accepted_values_stg_loans_employment_type__salaried__self_employed__contract__unemployed.af73b38ac0
[0m02:22:37.900964 [debug] [Thread-3 (]: Writing injected SQL for node "test.risklake.not_null_feat_credit_util_customer_id.a2bde8c2b4"
[0m02:22:37.900964 [debug] [Thread-1 (]: Began running node test.risklake.not_null_feat_dti_ratio_application_id.306c27e0f1
[0m02:22:37.902992 [debug] [Thread-4 (]: Writing injected SQL for node "test.risklake.not_null_feat_credit_util_feature_computed_at.675da6a8f7"
[0m02:22:37.902992 [debug] [Thread-2 (]: Writing runtime sql for node "test.risklake.accepted_values_stg_loans_employment_type__salaried__self_employed__contract__unemployed.af73b38ac0"
[0m02:22:37.909967 [debug] [Thread-3 (]: Began executing node test.risklake.not_null_feat_credit_util_customer_id.a2bde8c2b4
[0m02:22:37.909967 [info ] [Thread-1 (]: 13 of 28 START test not_null_feat_dti_ratio_application_id ..................... [RUN]
[0m02:22:37.909967 [debug] [Thread-4 (]: Began executing node test.risklake.not_null_feat_credit_util_feature_computed_at.675da6a8f7
[0m02:22:37.913400 [debug] [Thread-3 (]: Writing runtime sql for node "test.risklake.not_null_feat_credit_util_customer_id.a2bde8c2b4"
[0m02:22:37.913400 [debug] [Thread-2 (]: Using postgres connection "test.risklake.accepted_values_stg_loans_employment_type__salaried__self_employed__contract__unemployed.af73b38ac0"
[0m02:22:37.913400 [debug] [Thread-1 (]: Re-using an available connection from the pool (formerly test.risklake.accepted_values_stg_loans_default_flag__0__1.b7c24e5dcc, now test.risklake.not_null_feat_dti_ratio_application_id.306c27e0f1)
[0m02:22:37.913400 [debug] [Thread-4 (]: Writing runtime sql for node "test.risklake.not_null_feat_credit_util_feature_computed_at.675da6a8f7"
[0m02:22:37.917976 [debug] [Thread-2 (]: On test.risklake.accepted_values_stg_loans_employment_type__salaried__self_employed__contract__unemployed.af73b38ac0: /* {"app": "dbt", "dbt_version": "1.11.11", "profile_name": "risklake", "target_name": "dev", "node_id": "test.risklake.accepted_values_stg_loans_employment_type__salaried__self_employed__contract__unemployed.af73b38ac0"} */

    
    select
      count(*) as failures,
      count(*) != 0 as should_warn,
      count(*) != 0 as should_error
    from (
      
    
  
    
    

with all_values as (

    select
        employment_type as value_field,
        count(*) as n_records

    from "risklake"."silver_silver"."stg_loans"
    group by employment_type

)

select *
from all_values
where value_field not in (
    'salaried','self_employed','contract','unemployed'
)



  
  
      
    ) dbt_internal_test
[0m02:22:37.918781 [debug] [Thread-1 (]: Began compiling node test.risklake.not_null_feat_dti_ratio_application_id.306c27e0f1
[0m02:22:37.918781 [debug] [Thread-3 (]: Using postgres connection "test.risklake.not_null_feat_credit_util_customer_id.a2bde8c2b4"
[0m02:22:37.918781 [debug] [Thread-2 (]: Opening a new connection, currently in state closed
[0m02:22:37.918781 [debug] [Thread-4 (]: Using postgres connection "test.risklake.not_null_feat_credit_util_feature_computed_at.675da6a8f7"
[0m02:22:37.918781 [debug] [Thread-1 (]: Writing injected SQL for node "test.risklake.not_null_feat_dti_ratio_application_id.306c27e0f1"
[0m02:22:37.925765 [debug] [Thread-3 (]: On test.risklake.not_null_feat_credit_util_customer_id.a2bde8c2b4: /* {"app": "dbt", "dbt_version": "1.11.11", "profile_name": "risklake", "target_name": "dev", "node_id": "test.risklake.not_null_feat_credit_util_customer_id.a2bde8c2b4"} */

    
    select
      count(*) as failures,
      count(*) != 0 as should_warn,
      count(*) != 0 as should_error
    from (
      
    
  
    
    



select customer_id
from "risklake"."silver_silver"."feat_credit_util"
where customer_id is null



  
  
      
    ) dbt_internal_test
[0m02:22:37.926481 [debug] [Thread-4 (]: On test.risklake.not_null_feat_credit_util_feature_computed_at.675da6a8f7: /* {"app": "dbt", "dbt_version": "1.11.11", "profile_name": "risklake", "target_name": "dev", "node_id": "test.risklake.not_null_feat_credit_util_feature_computed_at.675da6a8f7"} */

    
    select
      count(*) as failures,
      count(*) != 0 as should_warn,
      count(*) != 0 as should_error
    from (
      
    
  
    
    



select feature_computed_at
from "risklake"."silver_silver"."feat_credit_util"
where feature_computed_at is null



  
  
      
    ) dbt_internal_test
[0m02:22:37.926481 [debug] [Thread-1 (]: Began executing node test.risklake.not_null_feat_dti_ratio_application_id.306c27e0f1
[0m02:22:37.926481 [debug] [Thread-3 (]: Opening a new connection, currently in state closed
[0m02:22:37.926481 [debug] [Thread-4 (]: Opening a new connection, currently in state closed
[0m02:22:37.933611 [debug] [Thread-1 (]: Writing runtime sql for node "test.risklake.not_null_feat_dti_ratio_application_id.306c27e0f1"
[0m02:22:37.937846 [debug] [Thread-1 (]: Using postgres connection "test.risklake.not_null_feat_dti_ratio_application_id.306c27e0f1"
[0m02:22:37.937846 [debug] [Thread-1 (]: On test.risklake.not_null_feat_dti_ratio_application_id.306c27e0f1: /* {"app": "dbt", "dbt_version": "1.11.11", "profile_name": "risklake", "target_name": "dev", "node_id": "test.risklake.not_null_feat_dti_ratio_application_id.306c27e0f1"} */

    
    select
      count(*) as failures,
      count(*) != 0 as should_warn,
      count(*) != 0 as should_error
    from (
      
    
  
    
    



select application_id
from "risklake"."silver_silver"."feat_dti_ratio"
where application_id is null



  
  
      
    ) dbt_internal_test
[0m02:22:37.939867 [debug] [Thread-1 (]: Opening a new connection, currently in state closed
[0m02:22:37.972782 [debug] [Thread-2 (]: SQL status: SELECT 1 in 0.053 seconds
[0m02:22:37.974062 [debug] [Thread-2 (]: On test.risklake.accepted_values_stg_loans_employment_type__salaried__self_employed__contract__unemployed.af73b38ac0: ROLLBACK
[0m02:22:37.974062 [debug] [Thread-3 (]: SQL status: SELECT 1 in 0.046 seconds
[0m02:22:37.976079 [debug] [Thread-2 (]: On test.risklake.accepted_values_stg_loans_employment_type__salaried__self_employed__contract__unemployed.af73b38ac0: Close
[0m02:22:37.976079 [debug] [Thread-3 (]: On test.risklake.not_null_feat_credit_util_customer_id.a2bde8c2b4: ROLLBACK
[0m02:22:37.976079 [debug] [Thread-4 (]: SQL status: SELECT 1 in 0.048 seconds
[0m02:22:37.976079 [info ] [Thread-2 (]: 10 of 28 PASS accepted_values_stg_loans_employment_type__salaried__self_employed__contract__unemployed  [[32mPASS[0m in 0.09s]
[0m02:22:37.976079 [debug] [Thread-3 (]: On test.risklake.not_null_feat_credit_util_customer_id.a2bde8c2b4: Close
[0m02:22:37.976079 [debug] [Thread-4 (]: On test.risklake.not_null_feat_credit_util_feature_computed_at.675da6a8f7: ROLLBACK
[0m02:22:37.976079 [debug] [Thread-2 (]: Finished running node test.risklake.accepted_values_stg_loans_employment_type__salaried__self_employed__contract__unemployed.af73b38ac0
[0m02:22:37.976079 [debug] [Thread-1 (]: SQL status: SELECT 1 in 0.043 seconds
[0m02:22:37.976079 [info ] [Thread-3 (]: 11 of 28 PASS not_null_feat_credit_util_customer_id ............................ [[32mPASS[0m in 0.09s]
[0m02:22:37.984230 [debug] [Thread-4 (]: On test.risklake.not_null_feat_credit_util_feature_computed_at.675da6a8f7: Close
[0m02:22:37.984230 [debug] [Thread-2 (]: Began running node test.risklake.not_null_feat_dti_ratio_customer_id.eb2b071f6a
[0m02:22:37.984230 [debug] [Thread-1 (]: On test.risklake.not_null_feat_dti_ratio_application_id.306c27e0f1: ROLLBACK
[0m02:22:37.987706 [debug] [Thread-3 (]: Finished running node test.risklake.not_null_feat_credit_util_customer_id.a2bde8c2b4
[0m02:22:37.987706 [info ] [Thread-4 (]: 12 of 28 PASS not_null_feat_credit_util_feature_computed_at .................... [[32mPASS[0m in 0.10s]
[0m02:22:37.988715 [info ] [Thread-2 (]: 14 of 28 START test not_null_feat_dti_ratio_customer_id ........................ [RUN]
[0m02:22:37.988715 [debug] [Thread-1 (]: On test.risklake.not_null_feat_dti_ratio_application_id.306c27e0f1: Close
[0m02:22:37.988715 [debug] [Thread-3 (]: Began running node test.risklake.not_null_feat_dti_ratio_feature_computed_at.2c23814059
[0m02:22:37.988715 [debug] [Thread-4 (]: Finished running node test.risklake.not_null_feat_credit_util_feature_computed_at.675da6a8f7
[0m02:22:37.988715 [debug] [Thread-2 (]: Re-using an available connection from the pool (formerly test.risklake.accepted_values_stg_loans_employment_type__salaried__self_employed__contract__unemployed.af73b38ac0, now test.risklake.not_null_feat_dti_ratio_customer_id.eb2b071f6a)
[0m02:22:37.988715 [info ] [Thread-1 (]: 13 of 28 PASS not_null_feat_dti_ratio_application_id ........................... [[32mPASS[0m in 0.08s]
[0m02:22:37.988715 [info ] [Thread-3 (]: 15 of 28 START test not_null_feat_dti_ratio_feature_computed_at ................ [RUN]
[0m02:22:37.988715 [debug] [Thread-4 (]: Began running node test.risklake.not_null_stg_credit_credit_utilisation_pct.eb67c9b652
[0m02:22:37.988715 [debug] [Thread-2 (]: Began compiling node test.risklake.not_null_feat_dti_ratio_customer_id.eb2b071f6a
[0m02:22:37.988715 [debug] [Thread-1 (]: Finished running node test.risklake.not_null_feat_dti_ratio_application_id.306c27e0f1
[0m02:22:37.988715 [debug] [Thread-3 (]: Re-using an available connection from the pool (formerly test.risklake.not_null_feat_credit_util_customer_id.a2bde8c2b4, now test.risklake.not_null_feat_dti_ratio_feature_computed_at.2c23814059)
[0m02:22:37.988715 [info ] [Thread-4 (]: 16 of 28 START test not_null_stg_credit_credit_utilisation_pct ................. [RUN]
[0m02:22:38.001407 [debug] [Thread-2 (]: Writing injected SQL for node "test.risklake.not_null_feat_dti_ratio_customer_id.eb2b071f6a"
[0m02:22:38.001407 [debug] [Thread-1 (]: Began running node test.risklake.not_null_stg_credit_customer_id.da248c5519
[0m02:22:38.001407 [debug] [Thread-3 (]: Began compiling node test.risklake.not_null_feat_dti_ratio_feature_computed_at.2c23814059
[0m02:22:38.001407 [debug] [Thread-4 (]: Re-using an available connection from the pool (formerly test.risklake.not_null_feat_credit_util_feature_computed_at.675da6a8f7, now test.risklake.not_null_stg_credit_credit_utilisation_pct.eb67c9b652)
[0m02:22:38.001407 [info ] [Thread-1 (]: 17 of 28 START test not_null_stg_credit_customer_id ............................ [RUN]
[0m02:22:38.004659 [debug] [Thread-2 (]: Began executing node test.risklake.not_null_feat_dti_ratio_customer_id.eb2b071f6a
[0m02:22:38.006976 [debug] [Thread-3 (]: Writing injected SQL for node "test.risklake.not_null_feat_dti_ratio_feature_computed_at.2c23814059"
[0m02:22:38.006976 [debug] [Thread-4 (]: Began compiling node test.risklake.not_null_stg_credit_credit_utilisation_pct.eb67c9b652
[0m02:22:38.006976 [debug] [Thread-1 (]: Re-using an available connection from the pool (formerly test.risklake.not_null_feat_dti_ratio_application_id.306c27e0f1, now test.risklake.not_null_stg_credit_customer_id.da248c5519)
[0m02:22:38.006976 [debug] [Thread-2 (]: Writing runtime sql for node "test.risklake.not_null_feat_dti_ratio_customer_id.eb2b071f6a"
[0m02:22:38.006976 [debug] [Thread-3 (]: Began executing node test.risklake.not_null_feat_dti_ratio_feature_computed_at.2c23814059
[0m02:22:38.006976 [debug] [Thread-4 (]: Writing injected SQL for node "test.risklake.not_null_stg_credit_credit_utilisation_pct.eb67c9b652"
[0m02:22:38.006976 [debug] [Thread-1 (]: Began compiling node test.risklake.not_null_stg_credit_customer_id.da248c5519
[0m02:22:38.006976 [debug] [Thread-3 (]: Writing runtime sql for node "test.risklake.not_null_feat_dti_ratio_feature_computed_at.2c23814059"
[0m02:22:38.006976 [debug] [Thread-2 (]: Using postgres connection "test.risklake.not_null_feat_dti_ratio_customer_id.eb2b071f6a"
[0m02:22:38.022019 [debug] [Thread-1 (]: Writing injected SQL for node "test.risklake.not_null_stg_credit_customer_id.da248c5519"
[0m02:22:38.025080 [debug] [Thread-4 (]: Began executing node test.risklake.not_null_stg_credit_credit_utilisation_pct.eb67c9b652
[0m02:22:38.025080 [debug] [Thread-2 (]: On test.risklake.not_null_feat_dti_ratio_customer_id.eb2b071f6a: /* {"app": "dbt", "dbt_version": "1.11.11", "profile_name": "risklake", "target_name": "dev", "node_id": "test.risklake.not_null_feat_dti_ratio_customer_id.eb2b071f6a"} */

    
    select
      count(*) as failures,
      count(*) != 0 as should_warn,
      count(*) != 0 as should_error
    from (
      
    
  
    
    



select customer_id
from "risklake"."silver_silver"."feat_dti_ratio"
where customer_id is null



  
  
      
    ) dbt_internal_test
[0m02:22:38.025080 [debug] [Thread-3 (]: Using postgres connection "test.risklake.not_null_feat_dti_ratio_feature_computed_at.2c23814059"
[0m02:22:38.031450 [debug] [Thread-4 (]: Writing runtime sql for node "test.risklake.not_null_stg_credit_credit_utilisation_pct.eb67c9b652"
[0m02:22:38.031450 [debug] [Thread-2 (]: Opening a new connection, currently in state closed
[0m02:22:38.031450 [debug] [Thread-1 (]: Began executing node test.risklake.not_null_stg_credit_customer_id.da248c5519
[0m02:22:38.031450 [debug] [Thread-3 (]: On test.risklake.not_null_feat_dti_ratio_feature_computed_at.2c23814059: /* {"app": "dbt", "dbt_version": "1.11.11", "profile_name": "risklake", "target_name": "dev", "node_id": "test.risklake.not_null_feat_dti_ratio_feature_computed_at.2c23814059"} */

    
    select
      count(*) as failures,
      count(*) != 0 as should_warn,
      count(*) != 0 as should_error
    from (
      
    
  
    
    



select feature_computed_at
from "risklake"."silver_silver"."feat_dti_ratio"
where feature_computed_at is null



  
  
      
    ) dbt_internal_test
[0m02:22:38.033472 [debug] [Thread-4 (]: Using postgres connection "test.risklake.not_null_stg_credit_credit_utilisation_pct.eb67c9b652"
[0m02:22:38.035959 [debug] [Thread-1 (]: Writing runtime sql for node "test.risklake.not_null_stg_credit_customer_id.da248c5519"
[0m02:22:38.037977 [debug] [Thread-3 (]: Opening a new connection, currently in state closed
[0m02:22:38.037977 [debug] [Thread-4 (]: On test.risklake.not_null_stg_credit_credit_utilisation_pct.eb67c9b652: /* {"app": "dbt", "dbt_version": "1.11.11", "profile_name": "risklake", "target_name": "dev", "node_id": "test.risklake.not_null_stg_credit_credit_utilisation_pct.eb67c9b652"} */

    
    select
      count(*) as failures,
      count(*) != 0 as should_warn,
      count(*) != 0 as should_error
    from (
      
    
  
    
    



select credit_utilisation_pct
from "risklake"."silver_silver"."stg_credit"
where credit_utilisation_pct is null



  
  
      
    ) dbt_internal_test
[0m02:22:38.037977 [debug] [Thread-4 (]: Opening a new connection, currently in state closed
[0m02:22:38.041663 [debug] [Thread-1 (]: Using postgres connection "test.risklake.not_null_stg_credit_customer_id.da248c5519"
[0m02:22:38.043674 [debug] [Thread-1 (]: On test.risklake.not_null_stg_credit_customer_id.da248c5519: /* {"app": "dbt", "dbt_version": "1.11.11", "profile_name": "risklake", "target_name": "dev", "node_id": "test.risklake.not_null_stg_credit_customer_id.da248c5519"} */

    
    select
      count(*) as failures,
      count(*) != 0 as should_warn,
      count(*) != 0 as should_error
    from (
      
    
  
    
    



select customer_id
from "risklake"."silver_silver"."stg_credit"
where customer_id is null



  
  
      
    ) dbt_internal_test
[0m02:22:38.043674 [debug] [Thread-1 (]: Opening a new connection, currently in state closed
[0m02:22:38.067525 [debug] [Thread-2 (]: SQL status: SELECT 1 in 0.038 seconds
[0m02:22:38.067525 [debug] [Thread-2 (]: On test.risklake.not_null_feat_dti_ratio_customer_id.eb2b071f6a: ROLLBACK
[0m02:22:38.067525 [debug] [Thread-2 (]: On test.risklake.not_null_feat_dti_ratio_customer_id.eb2b071f6a: Close
[0m02:22:38.067525 [info ] [Thread-2 (]: 14 of 28 PASS not_null_feat_dti_ratio_customer_id .............................. [[32mPASS[0m in 0.08s]
[0m02:22:38.067525 [debug] [Thread-2 (]: Finished running node test.risklake.not_null_feat_dti_ratio_customer_id.eb2b071f6a
[0m02:22:38.075655 [debug] [Thread-2 (]: Began running node test.risklake.not_null_stg_credit_silver_processed_at.8555002a73
[0m02:22:38.075655 [info ] [Thread-2 (]: 18 of 28 START test not_null_stg_credit_silver_processed_at .................... [RUN]
[0m02:22:38.075655 [debug] [Thread-2 (]: Re-using an available connection from the pool (formerly test.risklake.not_null_feat_dti_ratio_customer_id.eb2b071f6a, now test.risklake.not_null_stg_credit_silver_processed_at.8555002a73)
[0m02:22:38.075655 [debug] [Thread-2 (]: Began compiling node test.risklake.not_null_stg_credit_silver_processed_at.8555002a73
[0m02:22:38.080072 [debug] [Thread-2 (]: Writing injected SQL for node "test.risklake.not_null_stg_credit_silver_processed_at.8555002a73"
[0m02:22:38.082088 [debug] [Thread-3 (]: SQL status: SELECT 1 in 0.044 seconds
[0m02:22:38.083599 [debug] [Thread-3 (]: On test.risklake.not_null_feat_dti_ratio_feature_computed_at.2c23814059: ROLLBACK
[0m02:22:38.084635 [debug] [Thread-2 (]: Began executing node test.risklake.not_null_stg_credit_silver_processed_at.8555002a73
[0m02:22:38.084635 [debug] [Thread-4 (]: SQL status: SELECT 1 in 0.045 seconds
[0m02:22:38.084635 [debug] [Thread-3 (]: On test.risklake.not_null_feat_dti_ratio_feature_computed_at.2c23814059: Close
[0m02:22:38.087191 [debug] [Thread-2 (]: Writing runtime sql for node "test.risklake.not_null_stg_credit_silver_processed_at.8555002a73"
[0m02:22:38.087191 [debug] [Thread-4 (]: On test.risklake.not_null_stg_credit_credit_utilisation_pct.eb67c9b652: ROLLBACK
[0m02:22:38.087191 [debug] [Thread-1 (]: SQL status: SELECT 1 in 0.047 seconds
[0m02:22:38.087191 [info ] [Thread-3 (]: 15 of 28 PASS not_null_feat_dti_ratio_feature_computed_at ...................... [[32mPASS[0m in 0.10s]
[0m02:22:38.087191 [debug] [Thread-2 (]: Using postgres connection "test.risklake.not_null_stg_credit_silver_processed_at.8555002a73"
[0m02:22:38.087191 [debug] [Thread-4 (]: On test.risklake.not_null_stg_credit_credit_utilisation_pct.eb67c9b652: Close
[0m02:22:38.087191 [debug] [Thread-1 (]: On test.risklake.not_null_stg_credit_customer_id.da248c5519: ROLLBACK
[0m02:22:38.087191 [debug] [Thread-3 (]: Finished running node test.risklake.not_null_feat_dti_ratio_feature_computed_at.2c23814059
[0m02:22:38.097069 [debug] [Thread-2 (]: On test.risklake.not_null_stg_credit_silver_processed_at.8555002a73: /* {"app": "dbt", "dbt_version": "1.11.11", "profile_name": "risklake", "target_name": "dev", "node_id": "test.risklake.not_null_stg_credit_silver_processed_at.8555002a73"} */

    
    select
      count(*) as failures,
      count(*) != 0 as should_warn,
      count(*) != 0 as should_error
    from (
      
    
  
    
    



select silver_processed_at
from "risklake"."silver_silver"."stg_credit"
where silver_processed_at is null



  
  
      
    ) dbt_internal_test
[0m02:22:38.097069 [info ] [Thread-4 (]: 16 of 28 PASS not_null_stg_credit_credit_utilisation_pct ....................... [[32mPASS[0m in 0.10s]
[0m02:22:38.097069 [debug] [Thread-1 (]: On test.risklake.not_null_stg_credit_customer_id.da248c5519: Close
[0m02:22:38.099490 [debug] [Thread-3 (]: Began running node test.risklake.not_null_stg_loans_annual_income_inr.baef0ecaae
[0m02:22:38.099490 [debug] [Thread-2 (]: Opening a new connection, currently in state closed
[0m02:22:38.099490 [debug] [Thread-4 (]: Finished running node test.risklake.not_null_stg_credit_credit_utilisation_pct.eb67c9b652
[0m02:22:38.099490 [info ] [Thread-1 (]: 17 of 28 PASS not_null_stg_credit_customer_id .................................. [[32mPASS[0m in 0.09s]
[0m02:22:38.099490 [info ] [Thread-3 (]: 19 of 28 START test not_null_stg_loans_annual_income_inr ....................... [RUN]
[0m02:22:38.104133 [debug] [Thread-4 (]: Began running node test.risklake.not_null_stg_loans_application_date.96f62398d4
[0m02:22:38.104133 [debug] [Thread-1 (]: Finished running node test.risklake.not_null_stg_credit_customer_id.da248c5519
[0m02:22:38.106405 [debug] [Thread-3 (]: Re-using an available connection from the pool (formerly test.risklake.not_null_feat_dti_ratio_feature_computed_at.2c23814059, now test.risklake.not_null_stg_loans_annual_income_inr.baef0ecaae)
[0m02:22:38.106405 [info ] [Thread-4 (]: 20 of 28 START test not_null_stg_loans_application_date ........................ [RUN]
[0m02:22:38.106405 [debug] [Thread-1 (]: Began running node test.risklake.not_null_stg_loans_application_id.9410a81f88
[0m02:22:38.106405 [debug] [Thread-3 (]: Began compiling node test.risklake.not_null_stg_loans_annual_income_inr.baef0ecaae
[0m02:22:38.106405 [debug] [Thread-4 (]: Re-using an available connection from the pool (formerly test.risklake.not_null_stg_credit_credit_utilisation_pct.eb67c9b652, now test.risklake.not_null_stg_loans_application_date.96f62398d4)
[0m02:22:38.106405 [info ] [Thread-1 (]: 21 of 28 START test not_null_stg_loans_application_id .......................... [RUN]
[0m02:22:38.115530 [debug] [Thread-3 (]: Writing injected SQL for node "test.risklake.not_null_stg_loans_annual_income_inr.baef0ecaae"
[0m02:22:38.115530 [debug] [Thread-4 (]: Began compiling node test.risklake.not_null_stg_loans_application_date.96f62398d4
[0m02:22:38.115530 [debug] [Thread-1 (]: Re-using an available connection from the pool (formerly test.risklake.not_null_stg_credit_customer_id.da248c5519, now test.risklake.not_null_stg_loans_application_id.9410a81f88)
[0m02:22:38.115530 [debug] [Thread-4 (]: Writing injected SQL for node "test.risklake.not_null_stg_loans_application_date.96f62398d4"
[0m02:22:38.115530 [debug] [Thread-3 (]: Began executing node test.risklake.not_null_stg_loans_annual_income_inr.baef0ecaae
[0m02:22:38.115530 [debug] [Thread-1 (]: Began compiling node test.risklake.not_null_stg_loans_application_id.9410a81f88
[0m02:22:38.115530 [debug] [Thread-4 (]: Began executing node test.risklake.not_null_stg_loans_application_date.96f62398d4
[0m02:22:38.115530 [debug] [Thread-3 (]: Writing runtime sql for node "test.risklake.not_null_stg_loans_annual_income_inr.baef0ecaae"
[0m02:22:38.115530 [debug] [Thread-1 (]: Writing injected SQL for node "test.risklake.not_null_stg_loans_application_id.9410a81f88"
[0m02:22:38.115530 [debug] [Thread-4 (]: Writing runtime sql for node "test.risklake.not_null_stg_loans_application_date.96f62398d4"
[0m02:22:38.131628 [debug] [Thread-3 (]: Using postgres connection "test.risklake.not_null_stg_loans_annual_income_inr.baef0ecaae"
[0m02:22:38.131628 [debug] [Thread-1 (]: Began executing node test.risklake.not_null_stg_loans_application_id.9410a81f88
[0m02:22:38.133638 [debug] [Thread-4 (]: Using postgres connection "test.risklake.not_null_stg_loans_application_date.96f62398d4"
[0m02:22:38.133638 [debug] [Thread-3 (]: On test.risklake.not_null_stg_loans_annual_income_inr.baef0ecaae: /* {"app": "dbt", "dbt_version": "1.11.11", "profile_name": "risklake", "target_name": "dev", "node_id": "test.risklake.not_null_stg_loans_annual_income_inr.baef0ecaae"} */

    
    select
      count(*) as failures,
      count(*) != 0 as should_warn,
      count(*) != 0 as should_error
    from (
      
    
  
    
    



select annual_income_inr
from "risklake"."silver_silver"."stg_loans"
where annual_income_inr is null



  
  
      
    ) dbt_internal_test
[0m02:22:38.133638 [debug] [Thread-1 (]: Writing runtime sql for node "test.risklake.not_null_stg_loans_application_id.9410a81f88"
[0m02:22:38.133638 [debug] [Thread-2 (]: SQL status: SELECT 1 in 0.038 seconds
[0m02:22:38.133638 [debug] [Thread-4 (]: On test.risklake.not_null_stg_loans_application_date.96f62398d4: /* {"app": "dbt", "dbt_version": "1.11.11", "profile_name": "risklake", "target_name": "dev", "node_id": "test.risklake.not_null_stg_loans_application_date.96f62398d4"} */

    
    select
      count(*) as failures,
      count(*) != 0 as should_warn,
      count(*) != 0 as should_error
    from (
      
    
  
    
    



select application_date
from "risklake"."silver_silver"."stg_loans"
where application_date is null



  
  
      
    ) dbt_internal_test
[0m02:22:38.133638 [debug] [Thread-3 (]: Opening a new connection, currently in state closed
[0m02:22:38.133638 [debug] [Thread-2 (]: On test.risklake.not_null_stg_credit_silver_processed_at.8555002a73: ROLLBACK
[0m02:22:38.133638 [debug] [Thread-1 (]: Using postgres connection "test.risklake.not_null_stg_loans_application_id.9410a81f88"
[0m02:22:38.133638 [debug] [Thread-4 (]: Opening a new connection, currently in state closed
[0m02:22:38.133638 [debug] [Thread-2 (]: On test.risklake.not_null_stg_credit_silver_processed_at.8555002a73: Close
[0m02:22:38.133638 [debug] [Thread-1 (]: On test.risklake.not_null_stg_loans_application_id.9410a81f88: /* {"app": "dbt", "dbt_version": "1.11.11", "profile_name": "risklake", "target_name": "dev", "node_id": "test.risklake.not_null_stg_loans_application_id.9410a81f88"} */

    
    select
      count(*) as failures,
      count(*) != 0 as should_warn,
      count(*) != 0 as should_error
    from (
      
    
  
    
    



select application_id
from "risklake"."silver_silver"."stg_loans"
where application_id is null



  
  
      
    ) dbt_internal_test
[0m02:22:38.144794 [info ] [Thread-2 (]: 18 of 28 PASS not_null_stg_credit_silver_processed_at .......................... [[32mPASS[0m in 0.07s]
[0m02:22:38.144794 [debug] [Thread-1 (]: Opening a new connection, currently in state closed
[0m02:22:38.144794 [debug] [Thread-2 (]: Finished running node test.risklake.not_null_stg_credit_silver_processed_at.8555002a73
[0m02:22:38.148848 [debug] [Thread-2 (]: Began running node test.risklake.not_null_stg_loans_customer_id.3c9bd19729
[0m02:22:38.148848 [info ] [Thread-2 (]: 22 of 28 START test not_null_stg_loans_customer_id ............................. [RUN]
[0m02:22:38.150858 [debug] [Thread-2 (]: Re-using an available connection from the pool (formerly test.risklake.not_null_stg_credit_silver_processed_at.8555002a73, now test.risklake.not_null_stg_loans_customer_id.3c9bd19729)
[0m02:22:38.150858 [debug] [Thread-2 (]: Began compiling node test.risklake.not_null_stg_loans_customer_id.3c9bd19729
[0m02:22:38.157487 [debug] [Thread-2 (]: Writing injected SQL for node "test.risklake.not_null_stg_loans_customer_id.3c9bd19729"
[0m02:22:38.160360 [debug] [Thread-2 (]: Began executing node test.risklake.not_null_stg_loans_customer_id.3c9bd19729
[0m02:22:38.163440 [debug] [Thread-2 (]: Writing runtime sql for node "test.risklake.not_null_stg_loans_customer_id.3c9bd19729"
[0m02:22:38.165634 [debug] [Thread-2 (]: Using postgres connection "test.risklake.not_null_stg_loans_customer_id.3c9bd19729"
[0m02:22:38.165634 [debug] [Thread-2 (]: On test.risklake.not_null_stg_loans_customer_id.3c9bd19729: /* {"app": "dbt", "dbt_version": "1.11.11", "profile_name": "risklake", "target_name": "dev", "node_id": "test.risklake.not_null_stg_loans_customer_id.3c9bd19729"} */

    
    select
      count(*) as failures,
      count(*) != 0 as should_warn,
      count(*) != 0 as should_error
    from (
      
    
  
    
    



select customer_id
from "risklake"."silver_silver"."stg_loans"
where customer_id is null



  
  
      
    ) dbt_internal_test
[0m02:22:38.167657 [debug] [Thread-2 (]: Opening a new connection, currently in state closed
[0m02:22:38.181080 [debug] [Thread-3 (]: SQL status: SELECT 1 in 0.042 seconds
[0m02:22:38.183082 [debug] [Thread-3 (]: On test.risklake.not_null_stg_loans_annual_income_inr.baef0ecaae: ROLLBACK
[0m02:22:38.184336 [debug] [Thread-3 (]: On test.risklake.not_null_stg_loans_annual_income_inr.baef0ecaae: Close
[0m02:22:38.185367 [info ] [Thread-3 (]: 19 of 28 PASS not_null_stg_loans_annual_income_inr ............................. [[32mPASS[0m in 0.08s]
[0m02:22:38.185367 [debug] [Thread-4 (]: SQL status: SELECT 1 in 0.044 seconds
[0m02:22:38.186496 [debug] [Thread-3 (]: Finished running node test.risklake.not_null_stg_loans_annual_income_inr.baef0ecaae
[0m02:22:38.188508 [debug] [Thread-4 (]: On test.risklake.not_null_stg_loans_application_date.96f62398d4: ROLLBACK
[0m02:22:38.188508 [debug] [Thread-1 (]: SQL status: SELECT 1 in 0.043 seconds
[0m02:22:38.189527 [debug] [Thread-3 (]: Began running node test.risklake.not_null_stg_loans_loan_amount_inr.a5d743fe75
[0m02:22:38.190517 [debug] [Thread-4 (]: On test.risklake.not_null_stg_loans_application_date.96f62398d4: Close
[0m02:22:38.192460 [debug] [Thread-1 (]: On test.risklake.not_null_stg_loans_application_id.9410a81f88: ROLLBACK
[0m02:22:38.192460 [info ] [Thread-3 (]: 23 of 28 START test not_null_stg_loans_loan_amount_inr ......................... [RUN]
[0m02:22:38.192460 [info ] [Thread-4 (]: 20 of 28 PASS not_null_stg_loans_application_date .............................. [[32mPASS[0m in 0.09s]
[0m02:22:38.194365 [debug] [Thread-1 (]: On test.risklake.not_null_stg_loans_application_id.9410a81f88: Close
[0m02:22:38.194365 [debug] [Thread-3 (]: Re-using an available connection from the pool (formerly test.risklake.not_null_stg_loans_annual_income_inr.baef0ecaae, now test.risklake.not_null_stg_loans_loan_amount_inr.a5d743fe75)
[0m02:22:38.196236 [debug] [Thread-4 (]: Finished running node test.risklake.not_null_stg_loans_application_date.96f62398d4
[0m02:22:38.196236 [info ] [Thread-1 (]: 21 of 28 PASS not_null_stg_loans_application_id ................................ [[32mPASS[0m in 0.08s]
[0m02:22:38.198246 [debug] [Thread-3 (]: Began compiling node test.risklake.not_null_stg_loans_loan_amount_inr.a5d743fe75
[0m02:22:38.198246 [debug] [Thread-4 (]: Began running node test.risklake.not_null_stg_loans_silver_processed_at.f59cade4be
[0m02:22:38.198246 [debug] [Thread-1 (]: Finished running node test.risklake.not_null_stg_loans_application_id.9410a81f88
[0m02:22:38.202788 [debug] [Thread-3 (]: Writing injected SQL for node "test.risklake.not_null_stg_loans_loan_amount_inr.a5d743fe75"
[0m02:22:38.202788 [info ] [Thread-4 (]: 24 of 28 START test not_null_stg_loans_silver_processed_at ..................... [RUN]
[0m02:22:38.204802 [debug] [Thread-1 (]: Began running node test.risklake.unique_feat_credit_util_customer_id.ef1de08528
[0m02:22:38.204802 [debug] [Thread-3 (]: Began executing node test.risklake.not_null_stg_loans_loan_amount_inr.a5d743fe75
[0m02:22:38.204802 [debug] [Thread-4 (]: Re-using an available connection from the pool (formerly test.risklake.not_null_stg_loans_application_date.96f62398d4, now test.risklake.not_null_stg_loans_silver_processed_at.f59cade4be)
[0m02:22:38.207148 [info ] [Thread-1 (]: 25 of 28 START test unique_feat_credit_util_customer_id ........................ [RUN]
[0m02:22:38.207148 [debug] [Thread-2 (]: SQL status: SELECT 1 in 0.040 seconds
[0m02:22:38.209158 [debug] [Thread-3 (]: Writing runtime sql for node "test.risklake.not_null_stg_loans_loan_amount_inr.a5d743fe75"
[0m02:22:38.209158 [debug] [Thread-4 (]: Began compiling node test.risklake.not_null_stg_loans_silver_processed_at.f59cade4be
[0m02:22:38.209158 [debug] [Thread-1 (]: Re-using an available connection from the pool (formerly test.risklake.not_null_stg_loans_application_id.9410a81f88, now test.risklake.unique_feat_credit_util_customer_id.ef1de08528)
[0m02:22:38.209158 [debug] [Thread-2 (]: On test.risklake.not_null_stg_loans_customer_id.3c9bd19729: ROLLBACK
[0m02:22:38.213578 [debug] [Thread-4 (]: Writing injected SQL for node "test.risklake.not_null_stg_loans_silver_processed_at.f59cade4be"
[0m02:22:38.213578 [debug] [Thread-1 (]: Began compiling node test.risklake.unique_feat_credit_util_customer_id.ef1de08528
[0m02:22:38.213578 [debug] [Thread-3 (]: Using postgres connection "test.risklake.not_null_stg_loans_loan_amount_inr.a5d743fe75"
[0m02:22:38.213578 [debug] [Thread-2 (]: On test.risklake.not_null_stg_loans_customer_id.3c9bd19729: Close
[0m02:22:38.222890 [debug] [Thread-1 (]: Writing injected SQL for node "test.risklake.unique_feat_credit_util_customer_id.ef1de08528"
[0m02:22:38.222890 [debug] [Thread-4 (]: Began executing node test.risklake.not_null_stg_loans_silver_processed_at.f59cade4be
[0m02:22:38.222890 [debug] [Thread-3 (]: On test.risklake.not_null_stg_loans_loan_amount_inr.a5d743fe75: /* {"app": "dbt", "dbt_version": "1.11.11", "profile_name": "risklake", "target_name": "dev", "node_id": "test.risklake.not_null_stg_loans_loan_amount_inr.a5d743fe75"} */

    
    select
      count(*) as failures,
      count(*) != 0 as should_warn,
      count(*) != 0 as should_error
    from (
      
    
  
    
    



select loan_amount_inr
from "risklake"."silver_silver"."stg_loans"
where loan_amount_inr is null



  
  
      
    ) dbt_internal_test
[0m02:22:38.222890 [info ] [Thread-2 (]: 22 of 28 PASS not_null_stg_loans_customer_id ................................... [[32mPASS[0m in 0.07s]
[0m02:22:38.222890 [debug] [Thread-1 (]: Began executing node test.risklake.unique_feat_credit_util_customer_id.ef1de08528
[0m02:22:38.222890 [debug] [Thread-4 (]: Writing runtime sql for node "test.risklake.not_null_stg_loans_silver_processed_at.f59cade4be"
[0m02:22:38.222890 [debug] [Thread-3 (]: Opening a new connection, currently in state closed
[0m02:22:38.222890 [debug] [Thread-2 (]: Finished running node test.risklake.not_null_stg_loans_customer_id.3c9bd19729
[0m02:22:38.222890 [debug] [Thread-1 (]: Writing runtime sql for node "test.risklake.unique_feat_credit_util_customer_id.ef1de08528"
[0m02:22:38.222890 [debug] [Thread-2 (]: Began running node test.risklake.unique_feat_dti_ratio_application_id.7a43e19405
[0m02:22:38.233805 [debug] [Thread-4 (]: Using postgres connection "test.risklake.not_null_stg_loans_silver_processed_at.f59cade4be"
[0m02:22:38.233805 [debug] [Thread-1 (]: Using postgres connection "test.risklake.unique_feat_credit_util_customer_id.ef1de08528"
[0m02:22:38.233805 [info ] [Thread-2 (]: 26 of 28 START test unique_feat_dti_ratio_application_id ....................... [RUN]
[0m02:22:38.235816 [debug] [Thread-4 (]: On test.risklake.not_null_stg_loans_silver_processed_at.f59cade4be: /* {"app": "dbt", "dbt_version": "1.11.11", "profile_name": "risklake", "target_name": "dev", "node_id": "test.risklake.not_null_stg_loans_silver_processed_at.f59cade4be"} */

    
    select
      count(*) as failures,
      count(*) != 0 as should_warn,
      count(*) != 0 as should_error
    from (
      
    
  
    
    



select silver_processed_at
from "risklake"."silver_silver"."stg_loans"
where silver_processed_at is null



  
  
      
    ) dbt_internal_test
[0m02:22:38.235816 [debug] [Thread-1 (]: On test.risklake.unique_feat_credit_util_customer_id.ef1de08528: /* {"app": "dbt", "dbt_version": "1.11.11", "profile_name": "risklake", "target_name": "dev", "node_id": "test.risklake.unique_feat_credit_util_customer_id.ef1de08528"} */

    
    select
      count(*) as failures,
      count(*) != 0 as should_warn,
      count(*) != 0 as should_error
    from (
      
    
  
    
    

select
    customer_id as unique_field,
    count(*) as n_records

from "risklake"."silver_silver"."feat_credit_util"
where customer_id is not null
group by customer_id
having count(*) > 1



  
  
      
    ) dbt_internal_test
[0m02:22:38.235816 [debug] [Thread-2 (]: Re-using an available connection from the pool (formerly test.risklake.not_null_stg_loans_customer_id.3c9bd19729, now test.risklake.unique_feat_dti_ratio_application_id.7a43e19405)
[0m02:22:38.237832 [debug] [Thread-4 (]: Opening a new connection, currently in state closed
[0m02:22:38.238850 [debug] [Thread-1 (]: Opening a new connection, currently in state closed
[0m02:22:38.238850 [debug] [Thread-2 (]: Began compiling node test.risklake.unique_feat_dti_ratio_application_id.7a43e19405
[0m02:22:38.244644 [debug] [Thread-2 (]: Writing injected SQL for node "test.risklake.unique_feat_dti_ratio_application_id.7a43e19405"
[0m02:22:38.246714 [debug] [Thread-2 (]: Began executing node test.risklake.unique_feat_dti_ratio_application_id.7a43e19405
[0m02:22:38.248680 [debug] [Thread-2 (]: Writing runtime sql for node "test.risklake.unique_feat_dti_ratio_application_id.7a43e19405"
[0m02:22:38.250691 [debug] [Thread-2 (]: Using postgres connection "test.risklake.unique_feat_dti_ratio_application_id.7a43e19405"
[0m02:22:38.250691 [debug] [Thread-2 (]: On test.risklake.unique_feat_dti_ratio_application_id.7a43e19405: /* {"app": "dbt", "dbt_version": "1.11.11", "profile_name": "risklake", "target_name": "dev", "node_id": "test.risklake.unique_feat_dti_ratio_application_id.7a43e19405"} */

    
    select
      count(*) as failures,
      count(*) != 0 as should_warn,
      count(*) != 0 as should_error
    from (
      
    
  
    
    

select
    application_id as unique_field,
    count(*) as n_records

from "risklake"."silver_silver"."feat_dti_ratio"
where application_id is not null
group by application_id
having count(*) > 1



  
  
      
    ) dbt_internal_test
[0m02:22:38.252700 [debug] [Thread-2 (]: Opening a new connection, currently in state closed
[0m02:22:38.269160 [debug] [Thread-3 (]: SQL status: SELECT 1 in 0.040 seconds
[0m02:22:38.270683 [debug] [Thread-3 (]: On test.risklake.not_null_stg_loans_loan_amount_inr.a5d743fe75: ROLLBACK
[0m02:22:38.272229 [debug] [Thread-3 (]: On test.risklake.not_null_stg_loans_loan_amount_inr.a5d743fe75: Close
[0m02:22:38.272229 [info ] [Thread-3 (]: 23 of 28 PASS not_null_stg_loans_loan_amount_inr ............................... [[32mPASS[0m in 0.08s]
[0m02:22:38.272229 [debug] [Thread-3 (]: Finished running node test.risklake.not_null_stg_loans_loan_amount_inr.a5d743fe75
[0m02:22:38.272229 [debug] [Thread-3 (]: Began running node test.risklake.unique_stg_credit_customer_id.38985125e0
[0m02:22:38.275612 [debug] [Thread-4 (]: SQL status: SELECT 1 in 0.038 seconds
[0m02:22:38.275612 [info ] [Thread-3 (]: 27 of 28 START test unique_stg_credit_customer_id .............................. [RUN]
[0m02:22:38.278460 [debug] [Thread-4 (]: On test.risklake.not_null_stg_loans_silver_processed_at.f59cade4be: ROLLBACK
[0m02:22:38.278460 [debug] [Thread-3 (]: Re-using an available connection from the pool (formerly test.risklake.not_null_stg_loans_loan_amount_inr.a5d743fe75, now test.risklake.unique_stg_credit_customer_id.38985125e0)
[0m02:22:38.278460 [debug] [Thread-4 (]: On test.risklake.not_null_stg_loans_silver_processed_at.f59cade4be: Close
[0m02:22:38.278460 [debug] [Thread-3 (]: Began compiling node test.risklake.unique_stg_credit_customer_id.38985125e0
[0m02:22:38.278460 [info ] [Thread-4 (]: 24 of 28 PASS not_null_stg_loans_silver_processed_at ........................... [[32mPASS[0m in 0.07s]
[0m02:22:38.286703 [debug] [Thread-3 (]: Writing injected SQL for node "test.risklake.unique_stg_credit_customer_id.38985125e0"
[0m02:22:38.286703 [debug] [Thread-1 (]: SQL status: SELECT 1 in 0.049 seconds
[0m02:22:38.286703 [debug] [Thread-4 (]: Finished running node test.risklake.not_null_stg_loans_silver_processed_at.f59cade4be
[0m02:22:38.288725 [debug] [Thread-1 (]: On test.risklake.unique_feat_credit_util_customer_id.ef1de08528: ROLLBACK
[0m02:22:38.288725 [debug] [Thread-2 (]: SQL status: SELECT 1 in 0.039 seconds
[0m02:22:38.288725 [debug] [Thread-3 (]: Began executing node test.risklake.unique_stg_credit_customer_id.38985125e0
[0m02:22:38.292794 [debug] [Thread-4 (]: Began running node test.risklake.unique_stg_loans_application_id.3e1a1b844a
[0m02:22:38.293313 [debug] [Thread-1 (]: On test.risklake.unique_feat_credit_util_customer_id.ef1de08528: Close
[0m02:22:38.293313 [debug] [Thread-2 (]: On test.risklake.unique_feat_dti_ratio_application_id.7a43e19405: ROLLBACK
[0m02:22:38.293313 [debug] [Thread-3 (]: Writing runtime sql for node "test.risklake.unique_stg_credit_customer_id.38985125e0"
[0m02:22:38.296879 [info ] [Thread-4 (]: 28 of 28 START test unique_stg_loans_application_id ............................ [RUN]
[0m02:22:38.296879 [info ] [Thread-1 (]: 25 of 28 PASS unique_feat_credit_util_customer_id .............................. [[32mPASS[0m in 0.09s]
[0m02:22:38.298890 [debug] [Thread-2 (]: On test.risklake.unique_feat_dti_ratio_application_id.7a43e19405: Close
[0m02:22:38.298890 [debug] [Thread-4 (]: Re-using an available connection from the pool (formerly test.risklake.not_null_stg_loans_silver_processed_at.f59cade4be, now test.risklake.unique_stg_loans_application_id.3e1a1b844a)
[0m02:22:38.300912 [debug] [Thread-3 (]: Using postgres connection "test.risklake.unique_stg_credit_customer_id.38985125e0"
[0m02:22:38.300912 [debug] [Thread-1 (]: Finished running node test.risklake.unique_feat_credit_util_customer_id.ef1de08528
[0m02:22:38.300912 [info ] [Thread-2 (]: 26 of 28 PASS unique_feat_dti_ratio_application_id ............................. [[32mPASS[0m in 0.07s]
[0m02:22:38.302682 [debug] [Thread-4 (]: Began compiling node test.risklake.unique_stg_loans_application_id.3e1a1b844a
[0m02:22:38.302682 [debug] [Thread-3 (]: On test.risklake.unique_stg_credit_customer_id.38985125e0: /* {"app": "dbt", "dbt_version": "1.11.11", "profile_name": "risklake", "target_name": "dev", "node_id": "test.risklake.unique_stg_credit_customer_id.38985125e0"} */

    
    select
      count(*) as failures,
      count(*) != 0 as should_warn,
      count(*) != 0 as should_error
    from (
      
    
  
    
    

select
    customer_id as unique_field,
    count(*) as n_records

from "risklake"."silver_silver"."stg_credit"
where customer_id is not null
group by customer_id
having count(*) > 1



  
  
      
    ) dbt_internal_test
[0m02:22:38.302682 [debug] [Thread-2 (]: Finished running node test.risklake.unique_feat_dti_ratio_application_id.7a43e19405
[0m02:22:38.302682 [debug] [Thread-4 (]: Writing injected SQL for node "test.risklake.unique_stg_loans_application_id.3e1a1b844a"
[0m02:22:38.302682 [debug] [Thread-3 (]: Opening a new connection, currently in state closed
[0m02:22:38.302682 [debug] [Thread-4 (]: Began executing node test.risklake.unique_stg_loans_application_id.3e1a1b844a
[0m02:22:38.302682 [debug] [Thread-4 (]: Writing runtime sql for node "test.risklake.unique_stg_loans_application_id.3e1a1b844a"
[0m02:22:38.302682 [debug] [Thread-4 (]: Using postgres connection "test.risklake.unique_stg_loans_application_id.3e1a1b844a"
[0m02:22:38.315138 [debug] [Thread-4 (]: On test.risklake.unique_stg_loans_application_id.3e1a1b844a: /* {"app": "dbt", "dbt_version": "1.11.11", "profile_name": "risklake", "target_name": "dev", "node_id": "test.risklake.unique_stg_loans_application_id.3e1a1b844a"} */

    
    select
      count(*) as failures,
      count(*) != 0 as should_warn,
      count(*) != 0 as should_error
    from (
      
    
  
    
    

select
    application_id as unique_field,
    count(*) as n_records

from "risklake"."silver_silver"."stg_loans"
where application_id is not null
group by application_id
having count(*) > 1



  
  
      
    ) dbt_internal_test
[0m02:22:38.315138 [debug] [Thread-4 (]: Opening a new connection, currently in state closed
[0m02:22:38.344503 [debug] [Thread-4 (]: SQL status: SELECT 1 in 0.032 seconds
[0m02:22:38.344503 [debug] [Thread-4 (]: On test.risklake.unique_stg_loans_application_id.3e1a1b844a: ROLLBACK
[0m02:22:38.344503 [debug] [Thread-4 (]: On test.risklake.unique_stg_loans_application_id.3e1a1b844a: Close
[0m02:22:38.350536 [info ] [Thread-4 (]: 28 of 28 PASS unique_stg_loans_application_id .................................. [[32mPASS[0m in 0.05s]
[0m02:22:38.351642 [debug] [Thread-4 (]: Finished running node test.risklake.unique_stg_loans_application_id.3e1a1b844a
[0m02:22:38.467272 [debug] [Thread-3 (]: SQL status: SELECT 1 in 0.169 seconds
[0m02:22:38.482221 [debug] [Thread-3 (]: On test.risklake.unique_stg_credit_customer_id.38985125e0: ROLLBACK
[0m02:22:38.484238 [debug] [Thread-3 (]: On test.risklake.unique_stg_credit_customer_id.38985125e0: Close
[0m02:22:38.486252 [info ] [Thread-3 (]: 27 of 28 PASS unique_stg_credit_customer_id .................................... [[32mPASS[0m in 0.21s]
[0m02:22:38.489685 [debug] [Thread-3 (]: Finished running node test.risklake.unique_stg_credit_customer_id.38985125e0
[0m02:22:38.492466 [debug] [MainThread]: On master: COMMIT
[0m02:22:38.494241 [debug] [MainThread]: Using postgres connection "master"
[0m02:22:38.496438 [debug] [MainThread]: On master: COMMIT
[0m02:22:38.500366 [debug] [MainThread]: Opening a new connection, currently in state closed
[0m02:22:38.568864 [debug] [MainThread]: SQL status: COMMIT in 0.069 seconds
[0m02:22:38.568864 [debug] [MainThread]: On master: Close
[0m02:22:38.568864 [debug] [MainThread]: Connection 'master' was properly closed.
[0m02:22:38.573868 [debug] [MainThread]: Connection 'list_risklake_silver_silver' was properly closed.
[0m02:22:38.574667 [debug] [MainThread]: Connection 'test.risklake.unique_feat_credit_util_customer_id.ef1de08528' was properly closed.
[0m02:22:38.574667 [debug] [MainThread]: Connection 'test.risklake.unique_feat_dti_ratio_application_id.7a43e19405' was properly closed.
[0m02:22:38.574667 [debug] [MainThread]: Connection 'test.risklake.unique_stg_credit_customer_id.38985125e0' was properly closed.
[0m02:22:38.574667 [debug] [MainThread]: Connection 'test.risklake.unique_stg_loans_application_id.3e1a1b844a' was properly closed.
[0m02:22:38.574667 [info ] [MainThread]: 
[0m02:22:38.574667 [info ] [MainThread]: Finished running 28 data tests in 0 hours 0 minutes and 1.10 seconds (1.10s).
[0m02:22:38.574667 [debug] [MainThread]: Command end result
[0m02:22:38.614984 [debug] [MainThread]: Wrote artifact WritableManifest to C:\Users\rande\OneDrive\Desktop\risklake\risklake\backend\dbt\target\manifest.json
[0m02:22:38.621563 [debug] [MainThread]: Wrote artifact SemanticManifest to C:\Users\rande\OneDrive\Desktop\risklake\risklake\backend\dbt\target\semantic_manifest.json
[0m02:22:38.628806 [debug] [MainThread]: Wrote artifact RunExecutionResult to C:\Users\rande\OneDrive\Desktop\risklake\risklake\backend\dbt\target\run_results.json
[0m02:22:38.628806 [info ] [MainThread]: 
[0m02:22:38.628806 [info ] [MainThread]: [32mCompleted successfully[0m
[0m02:22:38.628806 [info ] [MainThread]: 
[0m02:22:38.628806 [info ] [MainThread]: Done. PASS=28 WARN=0 ERROR=0 SKIP=0 NO-OP=0 TOTAL=28
[0m02:22:38.628806 [debug] [MainThread]: Command `dbt test` succeeded at 02:22:38.628806 after 1.86 seconds
[0m02:22:38.628806 [debug] [MainThread]: Sending event: {'category': 'dbt', 'action': 'invocation', 'label': 'end', 'context': [<snowplow_tracker.self_describing_json.SelfDescribingJson object at 0x00000211BDF2EE50>, <snowplow_tracker.self_describing_json.SelfDescribingJson object at 0x00000211BDC54A10>, <snowplow_tracker.self_describing_json.SelfDescribingJson object at 0x00000211C4A17F90>]}
[0m02:22:38.637706 [debug] [MainThread]: Flushing usage events
[0m02:22:40.061760 [debug] [MainThread]: An error was encountered while trying to flush usage events
